po_id,po_line,requisition_id,po_date,fiscal_year,expected_delivery_date,actual_delivery_date,supplier_id,supplier_name,supplier_category,supplier_region,supplier_tier,item_id,item_name,item_category,item_subcategory,quantity_ordered,quantity_received,unit_cost,line_total,currency,payment_terms,buyer_name,purchase_status,invoice_status,quality_rating,lead_time_days,late_days,on_time,cost_center,ship_to_region,contract_flag,tax_amount,freight_amount,payment_status
PO-00001,1,REQ-00001,2025-06-10,2025,2025-06-30,,S001,Apex Components,Hardware,North America,Strategic,P104,Insight Pro License,Software,Licenses,20,0,117.93,2358.6,USD,2/10 Net 30,K. Wilson,Open,Disputed,4.3,20,0,False,Operations,North America,True,188.69,198.18,Overdue
PO-00002,1,REQ-00002,2023-03-22,2023,2023-04-18,2023-04-18,S002,Nimbus Cloud Supply,Technology,Europe,Preferred,P109,Forecasting Add-on,Software,Analytics,12,12,228.9,2746.8,USD,2/10 Net 30,L. Morgan,Received,Matched,5.0,27,0,True,Operations,North America,True,219.74,212.31,Paid
PO-00003,1,REQ-00003,2026-06-22,2026,2026-07-03,2026-06-28,S008,Cobalt Professional Services,Services,Asia Pacific,Approved,P107,Support Renewal,Services,Support,11,11,254.45,2798.95,USD,Net 60,D. Singh,Received,Not Received,3.3,11,0,True,Technology,Europe,False,139.95,398.56,Scheduled
PO-00004,1,REQ-00004,2023-05-18,2023,2023-06-25,2023-06-20,S005,Meridian Logistics,Logistics,Europe,Strategic,P109,Forecasting Add-on,Software,Analytics,14,14,192.06,2688.84,USD,Net 60,K. Wilson,Received,Pending,4.0,38,0,True,Technology,Europe,True,0.0,51.6,Overdue
PO-00005,1,REQ-00005,2023-07-04,2023,2023-07-18,2023-07-18,S001,Apex Components,Hardware,North America,Strategic,P107,Support Renewal,Services,Support,43,43,242.71,10436.53,USD,2/10 Net 30,P. Nguyen,Closed,Pending,4.7,14,0,True,Research,Europe,False,521.83,365.01,Scheduled
PO-00006,1,REQ-00006,2024-07-22,2024,2024-08-07,2024-08-02,S004,Greenline Packaging,Packaging,North America,Approved,P108,Mobile Scanner,Hardware,Devices,47,47,111.39,5235.33,USD,2/10 Net 30,T. Brown,Received,Not Received,4.2,16,0,True,Research,Europe,False,0.0,126.69,Paid
PO-00007,1,REQ-00007,2023-04-02,2023,2023-05-04,2023-05-12,S005,Meridian Logistics,Logistics,Europe,Strategic,P109,Forecasting Add-on,Software,Analytics,53,53,199.53,10575.09,USD,Net 60,K. Wilson,Received,Not Received,4.9,32,8,False,Research,Europe,True,0.0,94.96,Overdue
PO-00008,1,REQ-00008,2026-05-27,2026,2026-06-03,,S005,Meridian Logistics,Logistics,Europe,Strategic,P108,Mobile Scanner,Hardware,Devices,28,0,95.82,2682.96,USD,Net 30,L. Morgan,Open,Matched,4.7,7,0,False,Facilities,North America,True,268.3,240.35,Paid
PO-00009,1,REQ-00009,2023-09-21,2023,2023-10-13,2023-10-13,S001,Apex Components,Hardware,North America,Strategic,P101,Cloud Data Suite,Software,Cloud,28,28,356.88,9992.64,USD,2/10 Net 30,L. Morgan,Received,Matched,4.4,22,0,True,Research,Europe,True,0.0,25.8,Paid
PO-00010,1,REQ-00010,2023-06-29,2023,2023-07-22,2023-07-30,S008,Cobalt Professional Services,Services,Asia Pacific,Approved,P109,Forecasting Add-on,Software,Analytics,38,38,136.54,5188.52,USD,Net 45,T. Brown,Received,Matched,3.3,23,8,False,Research,North America,True,0.0,417.63,Scheduled
PO-00011,1,REQ-00011,2024-01-31,2024,2024-02-29,2024-03-03,S002,Nimbus Cloud Supply,Technology,Europe,Preferred,P103,Secure Access Kit,Hardware,Security,7,7,177.26,1240.82,USD,Net 45,D. Singh,Received,Matched,4.8,29,3,False,Technology,North America,False,124.08,430.2,Overdue
PO-00012,1,REQ-00012,2025-12-22,2025,2025-12-30,2026-01-02,S003,Pacific Industrial Ltd,Manufacturing,Asia Pacific,Preferred,P104,Insight Pro License,Software,Licenses,49,49,126.19,6183.31,USD,Net 60,T. Brown,Received,Matched,3.5,8,3,False,Operations,Asia Pacific,True,618.33,57.9,Scheduled
PO-00013,1,REQ-00013,2024-04-02,2024,2024-04-17,2024-04-17,S008,Cobalt Professional Services,Services,Asia Pacific,Approved,P109,Forecasting Add-on,Software,Analytics,59,59,139.62,8237.58,USD,Net 45,K. Wilson,Received,Pending,4.3,15,0,True,Facilities,Asia Pacific,False,411.88,61.7,Paid
PO-00014,1,REQ-00014,2025-03-14,2025,2025-03-24,2025-03-24,S005,Meridian Logistics,Logistics,Europe,Strategic,P101,Cloud Data Suite,Software,Cloud,63,63,359.54,22651.02,USD,Net 30,K. Wilson,Received,Pending,3.3,10,0,True,Operations,Asia Pacific,False,2265.1,403.29,Paid
PO-00015,1,REQ-00015,2023-11-12,2023,2023-11-24,2023-11-27,S004,Greenline Packaging,Packaging,North America,Approved,P104,Insight Pro License,Software,Licenses,30,30,77.0,2310.0,USD,Net 45,L. Morgan,Closed,Matched,4.7,12,3,False,Operations,North America,False,115.5,304.26,Paid
PO-00016,1,REQ-00016,2025-01-29,2025,2025-02-22,,S003,Pacific Industrial Ltd,Manufacturing,Asia Pacific,Preferred,P101,Cloud Data Suite,Software,Cloud,16,14,276.35,4421.6,USD,Net 30,T. Brown,In Transit,Matched,4.0,24,0,False,Research,Asia Pacific,True,221.08,108.74,Scheduled
PO-00017,1,REQ-00017,2025-12-23,2025,2026-01-12,,S008,Cobalt Professional Services,Services,Asia Pacific,Approved,P104,Insight Pro License,Software,Licenses,50,0,86.08,4304.0,USD,Net 30,K. Wilson,Open,Matched,2.9,20,0,False,Technology,Asia Pacific,False,344.32,57.91,Paid
PO-00018,1,REQ-00018,2026-03-10,2026,2026-03-25,2026-03-25,S005,Meridian Logistics,Logistics,Europe,Strategic,P100,Analytics Platform,Software,Analytics,36,36,498.39,17942.04,USD,Net 30,P. Nguyen,Received,Matched,5.0,15,0,True,Research,Europe,True,1794.2,119.78,Scheduled
PO-00019,1,REQ-00019,2025-07-04,2025,2025-08-06,2025-08-06,S005,Meridian Logistics,Logistics,Europe,Strategic,P106,Integration Services,Services,Consulting,64,64,632.75,40496.0,USD,Net 45,L. Morgan,Received,Matched,4.1,33,0,True,Facilities,Asia Pacific,True,3239.68,289.8,Paid
PO-00020,1,REQ-00020,2026-03-30,2026,2026-04-21,,S005,Meridian Logistics,Logistics,Europe,Strategic,P105,Storage Array,Hardware,Storage,27,0,530.08,14312.16,USD,Net 60,L. Morgan,Open,Matched,4.5,22,0,False,Sales,Asia Pacific,True,1431.22,421.2,Scheduled
PO-00021,1,REQ-00021,2024-11-04,2024,2024-12-04,2024-12-12,S005,Meridian Logistics,Logistics,Europe,Strategic,P102,Edge Gateway,Hardware,Networking,27,27,290.32,7838.64,USD,Net 45,L. Morgan,Received,Matched,3.9,30,8,False,Research,North America,True,0.0,47.37,Paid
PO-00022,1,REQ-00022,2025-03-03,2025,2025-03-24,,S008,Cobalt Professional Services,Services,Asia Pacific,Approved,P108,Mobile Scanner,Hardware,Devices,13,0,75.48,981.24,USD,Net 30,L. Morgan,Open,Matched,4.2,21,0,False,Research,Asia Pacific,True,0.0,28.6,Overdue
PO-00023,1,REQ-00023,2026-01-05,2026,2026-01-27,2026-02-04,S003,Pacific Industrial Ltd,Manufacturing,Asia Pacific,Preferred,P104,Insight Pro License,Software,Licenses,51,51,110.36,5628.36,USD,2/10 Net 30,D. Singh,Received,Matched,3.1,22,8,False,Facilities,North America,False,0.0,98.7,Paid
PO-00024,1,REQ-00024,2024-01-25,2024,2024-02-25,,S004,Greenline Packaging,Packaging,North America,Approved,P100,Analytics Platform,Software,Analytics,8,0,406.93,3255.44,USD,Net 45,D. Singh,Cancelled,Matched,4.6,31,0,False,Sales,North America,True,162.77,410.3,Paid
PO-00025,1,REQ-00025,2024-12-28,2024,2025-02-11,,S002,Nimbus Cloud Supply,Technology,Europe,Preferred,P106,Integration Services,Services,Consulting,24,22,610.81,14659.44,USD,Net 60,T. Brown,In Transit,Matched,4.0,45,0,False,Technology,Europe,True,1172.76,47.05,Scheduled
PO-00026,1,REQ-00026,2024-02-23,2024,2024-03-03,,S005,Meridian Logistics,Logistics,Europe,Strategic,P103,Secure Access Kit,Hardware,Security,47,0,186.33,8757.51,USD,Net 30,K. Wilson,Open,Matched,3.0,9,0,False,Facilities,Asia Pacific,True,875.75,184.42,Paid
PO-00027,1,REQ-00027,2024-03-07,2024,2024-04-11,2024-04-11,S006,Vertex Office Goods,Office Supplies,Latin America,Approved,P102,Edge Gateway,Hardware,Networking,66,66,289.03,19075.98,USD,2/10 Net 30,P. Nguyen,Received,Matched,4.8,35,0,True,Technology,Europe,True,0.0,88.58,Scheduled
PO-00028,1,REQ-00028,2024-04-20,2024,2024-05-09,2024-05-12,S002,Nimbus Cloud Supply,Technology,Europe,Preferred,P106,Integration Services,Services,Consulting,27,27,607.9,16413.3,USD,Net 45,L. Morgan,Received,Pending,3.9,19,3,False,Facilities,North America,True,0.0,129.97,Paid
PO-00029,1,REQ-00029,2023-03-27,2023,2023-05-01,2023-05-09,S004,Greenline Packaging,Packaging,North America,Approved,P103,Secure Access Kit,Hardware,Security,8,8,136.29,1090.32,USD,Net 60,P. Nguyen,Received,Matched,3.6,35,8,False,Operations,Asia Pacific,True,0.0,370.43,Scheduled
PO-00030,1,REQ-00030,2025-01-06,2025,2025-02-07,2025-02-02,S001,Apex Components,Hardware,North America,Strategic,P104,Insight Pro License,Software,Licenses,42,42,92.11,3868.62,USD,2/10 Net 30,T. Brown,Received,Matched,4.1,32,0,True,Technology,Europe,True,193.43,288.41,Paid
PO-00031,1,REQ-00031,2026-02-23,2026,2026-03-26,,S003,Pacific Industrial Ltd,Manufacturing,Asia Pacific,Preferred,P101,Cloud Data Suite,Software,Cloud,50,0,505.63,25281.5,USD,2/10 Net 30,P. Nguyen,Open,Matched,5.0,31,0,False,Sales,Europe,True,0.0,356.43,Paid
PO-00032,1,REQ-00032,2025-11-06,2025,2025-11-26,2025-11-26,S007,Sterling Security Group,Security,North America,Preferred,P106,Integration Services,Services,Consulting,50,50,612.04,30602.0,USD,Net 60,L. Morgan,Received,Not Received,4.8,20,0,True,Technology,Asia Pacific,False,3060.2,76.18,Paid
PO-00033,1,REQ-00033,2023-10-21,2023,2023-11-01,2023-11-01,S007,Sterling Security Group,Security,North America,Preferred,P105,Storage Array,Hardware,Storage,43,43,801.28,34455.04,USD,Net 45,K. Wilson,Received,Matched,3.3,11,0,True,Operations,North America,True,0.0,299.43,Scheduled
PO-00034,1,REQ-00034,2024-12-19,2024,2025-01-17,2025-01-17,S003,Pacific Industrial Ltd,Manufacturing,Asia Pacific,Preferred,P107,Support Renewal,Services,Support,9,9,242.48,2182.32,USD,2/10 Net 30,P. Nguyen,Received,Not Received,4.4,29,0,True,Research,Europe,True,0.0,340.91,Scheduled
PO-00035,1,REQ-00035,2025-05-21,2025,2025-06-20,,S005,Meridian Logistics,Logistics,Europe,Strategic,P101,Cloud Data Suite,Software,Cloud,70,0,375.71,26299.7,USD,Net 60,K. Wilson,Open,Not Received,3.3,30,0,False,Operations,Europe,True,0.0,436.87,Paid
PO-00036,1,REQ-00036,2023-07-05,2023,2023-07-24,,S003,Pacific Industrial Ltd,Manufacturing,Asia Pacific,Preferred,P109,Forecasting Add-on,Software,Analytics,44,0,229.3,10089.2,USD,Net 30,D. Singh,Open,Pending,3.3,19,0,False,Technology,Europe,False,0.0,299.83,Paid
PO-00037,1,REQ-00037,2025-07-23,2025,2025-08-14,,S002,Nimbus Cloud Supply,Technology,Europe,Preferred,P101,Cloud Data Suite,Software,Cloud,38,21,339.4,12897.2,USD,2/10 Net 30,T. Brown,In Transit,Matched,3.8,22,0,False,Technology,Asia Pacific,False,1031.78,201.92,Paid
PO-00038,1,REQ-00038,2026-10-03,2026,2026-11-03,,S004,Greenline Packaging,Packaging,North America,Approved,P101,Cloud Data Suite,Software,Cloud,39,9,468.02,18252.78,USD,Net 45,T. Brown,In Transit,Pending,3.5,31,0,False,Sales,Asia Pacific,False,0.0,291.96,Overdue
PO-00039,1,REQ-00039,2023-01-04,2023,2023-01-27,2023-02-04,S001,Apex Components,Hardware,North America,Strategic,P107,Support Renewal,Services,Support,8,8,191.23,1529.84,USD,Net 45,P. Nguyen,Received,Not Received,4.1,23,8,False,Operations,Asia Pacific,True,122.39,279.65,Scheduled
PO-00040,1,REQ-00040,2024-09-23,2024,2024-10-19,2024-10-14,S002,Nimbus Cloud Supply,Technology,Europe,Preferred,P106,Integration Services,Services,Consulting,50,50,1010.11,50505.5,USD,Net 30,D. Singh,Received,Matched,3.3,26,0,True,Research,Asia Pacific,False,0.0,225.33,Scheduled
PO-00041,1,REQ-00041,2026-05-03,2026,2026-06-02,2026-06-10,S004,Greenline Packaging,Packaging,North America,Approved,P104,Insight Pro License,Software,Licenses,53,53,84.34,4470.02,USD,Net 60,D. Singh,Received,Matched,4.8,30,8,False,Technology,Asia Pacific,True,0.0,443.96,Paid
PO-00042,1,REQ-00042,2023-11-06,2023,2023-12-09,2023-12-04,S006,Vertex Office Goods,Office Supplies,Latin America,Approved,P100,Analytics Platform,Software,Analytics,38,38,556.78,21157.64,USD,Net 30,P. Nguyen,Received,Matched,3.4,33,0,True,Operations,Europe,True,1692.61,154.83,Overdue
PO-00043,1,REQ-00043,2026-06-04,2026,2026-07-01,,S006,Vertex Office Goods,Office Supplies,Latin America,Approved,P101,Cloud Data Suite,Software,Cloud,46,0,323.01,14858.46,USD,Net 45,L. Morgan,Open,Not Received,3.0,27,0,False,Technology,North America,False,1188.68,78.73,Paid
PO-00044,1,REQ-00044,2026-02-28,2026,2026-03-29,2026-03-24,S008,Cobalt Professional Services,Services,Asia Pacific,Approved,P102,Edge Gateway,Hardware,Networking,33,33,243.32,8029.56,USD,2/10 Net 30,K. Wilson,Closed,Not Received,3.1,29,0,True,Technology,Europe,False,401.48,169.01,Paid
PO-00045,1,REQ-00045,2024-05-18,2024,2024-06-05,2024-06-13,S001,Apex Components,Hardware,North America,Strategic,P100,Analytics Platform,Software,Analytics,33,33,555.81,18341.73,USD,Net 60,K. Wilson,Received,Not Received,3.7,18,8,False,Operations,Europe,False,0.0,256.46,Scheduled
PO-00046,1,REQ-00046,2024-11-05,2024,2024-11-20,,S003,Pacific Industrial Ltd,Manufacturing,Asia Pacific,Preferred,P109,Forecasting Add-on,Software,Analytics,58,0,152.87,8866.46,USD,Net 30,P. Nguyen,Open,Pending,3.0,15,0,False,Sales,North America,False,0.0,165.96,Paid
PO-00047,1,REQ-00047,2026-04-01,2026,2026-04-11,2026-04-14,S005,Meridian Logistics,Logistics,Europe,Strategic,P109,Forecasting Add-on,Software,Analytics,7,7,140.98,986.86,USD,2/10 Net 30,P. Nguyen,Received,Pending,4.8,10,3,False,Research,Europe,True,0.0,26.41,Scheduled
PO-00048,1,REQ-00048,2023-08-23,2023,2023-10-09,2023-10-12,S001,Apex Components,Hardware,North America,Strategic,P107,Support Renewal,Services,Support,59,59,259.16,15290.44,USD,Net 45,L. Morgan,Received,Matched,3.0,47,3,False,Operations,North America,True,0.0,257.12,Overdue
PO-00049,1,REQ-00049,2023-07-29,2023,2023-09-04,2023-09-04,S005,Meridian Logistics,Logistics,Europe,Strategic,P102,Edge Gateway,Hardware,Networking,14,14,218.96,3065.44,USD,Net 30,P. Nguyen,Received,Matched,3.8,37,0,True,Operations,Asia Pacific,True,0.0,74.39,Paid
PO-00050,1,REQ-00050,2024-12-10,2024,2024-12-26,2024-12-26,S008,Cobalt Professional Services,Services,Asia Pacific,Approved,P104,Insight Pro License,Software,Licenses,11,11,90.61,996.71,USD,2/10 Net 30,T. Brown,Received,Pending,4.0,16,0,True,Operations,Europe,True,99.67,417.8,Paid
PO-00051,1,REQ-00051,2026-04-10,2026,2026-05-09,2026-05-09,S008,Cobalt Professional Services,Services,Asia Pacific,Approved,P109,Forecasting Add-on,Software,Analytics,5,5,229.89,1149.45,USD,Net 60,D. Singh,Received,Matched,4.5,29,0,True,Sales,North America,True,57.47,141.47,Scheduled
PO-00052,1,REQ-00052,2024-12-12,2024,2025-01-12,,S005,Meridian Logistics,Logistics,Europe,Strategic,P100,Analytics Platform,Software,Analytics,12,0,582.91,6994.92,USD,Net 45,T. Brown,Open,Not Received,3.5,31,0,False,Facilities,Asia Pacific,True,699.49,25.6,Paid
PO-00053,1,REQ-00053,2024-12-13,2024,2024-12-17,,S001,Apex Components,Hardware,North America,Strategic,P104,Insight Pro License,Software,Licenses,42,0,91.77,3854.34,USD,Net 45,T. Brown,Open,Matched,3.2,4,0,False,Sales,North America,False,385.43,112.07,Paid
PO-00054,1,REQ-00054,2024-05-18,2024,2024-06-14,2024-06-17,S006,Vertex Office Goods,Office Supplies,Latin America,Approved,P107,Support Renewal,Services,Support,49,49,174.02,8526.98,USD,2/10 Net 30,D. Singh,Closed,Pending,4.0,27,3,False,Sales,North America,False,426.35,37.82,Paid
PO-00055,1,REQ-00055,2024-10-10,2024,2024-11-05,2024-11-05,S008,Cobalt Professional Services,Services,Asia Pacific,Approved,P104,Insight Pro License,Software,Licenses,31,31,127.22,3943.82,USD,2/10 Net 30,P. Nguyen,Received,Disputed,3.1,26,0,True,Sales,Europe,False,394.38,180.37,Scheduled
PO-00056,1,REQ-00056,2026-03-06,2026,2026-04-05,2026-03-31,S008,Cobalt Professional Services,Services,Asia Pacific,Approved,P104,Insight Pro License,Software,Licenses,22,22,92.83,2042.26,USD,2/10 Net 30,K. Wilson,Received,Matched,3.4,30,0,True,Sales,Asia Pacific,True,204.23,413.6,Paid
PO-00057,1,REQ-00057,2026-08-24,2026,2026-09-12,2026-09-12,S008,Cobalt Professional Services,Services,Asia Pacific,Approved,P100,Analytics Platform,Software,Analytics,66,66,520.89,34378.74,USD,2/10 Net 30,T. Brown,Received,Disputed,3.5,19,0,True,Research,North America,False,1718.94,360.22,Paid
PO-00058,1,REQ-00058,2026-01-17,2026,2026-01-27,2026-01-27,S004,Greenline Packaging,Packaging,North America,Approved,P105,Storage Array,Hardware,Storage,27,27,693.36,18720.72,USD,2/10 Net 30,T. Brown,Received,Matched,4.1,10,0,True,Facilities,Europe,True,1497.66,227.27,Paid
PO-00059,1,REQ-00059,2023-09-10,2023,2023-09-21,2023-09-29,S003,Pacific Industrial Ltd,Manufacturing,Asia Pacific,Preferred,P107,Support Renewal,Services,Support,59,59,168.58,9946.22,USD,Net 45,D. Singh,Received,Matched,3.6,11,8,False,Technology,North America,False,994.62,21.6,Scheduled
PO-00060,1,REQ-00060,2024-01-20,2024,2024-02-24,2024-02-27,S004,Greenline Packaging,Packaging,North America,Approved,P107,Support Renewal,Services,Support,39,39,160.53,6260.67,USD,Net 45,D. Singh,Received,Not Received,3.3,35,3,False,Facilities,Europe,False,0.0,276.79,Paid
PO-00061,1,REQ-00061,2025-05-19,2025,2025-06-23,2025-07-08,S005,Meridian Logistics,Logistics,Europe,Strategic,P101,Cloud Data Suite,Software,Cloud,45,45,376.86,16958.7,USD,2/10 Net 30,T. Brown,Received,Matched,3.0,35,15,False,Research,Asia Pacific,False,1695.87,109.05,Scheduled
PO-00062,1,REQ-00062,2024-02-05,2024,2024-02-19,2024-02-19,S002,Nimbus Cloud Supply,Technology,Europe,Preferred,P101,Cloud Data Suite,Software,Cloud,32,32,355.85,11387.2,USD,Net 60,T. Brown,Received,Not Received,3.9,14,0,True,Facilities,Asia Pacific,False,0.0,198.82,Paid
PO-00063,1,REQ-00063,2024-10-10,2024,2024-10-26,,S006,Vertex Office Goods,Office Supplies,Latin America,Approved,P107,Support Renewal,Services,Support,16,0,225.65,3610.4,USD,Net 60,D. Singh,Open,Matched,2.9,16,0,False,Research,North America,True,361.04,41.4,Paid
PO-00064,1,REQ-00064,2026-02-21,2026,2026-03-17,2026-04-01,S005,Meridian Logistics,Logistics,Europe,Strategic,P109,Forecasting Add-on,Software,Analytics,58,58,227.4,13189.2,USD,Net 30,K. Wilson,Received,Pending,4.6,24,15,False,Operations,Asia Pacific,False,1055.14,131.56,Paid
PO-00065,1,REQ-00065,2023-10-02,2023,2023-10-20,,S007,Sterling Security Group,Security,North America,Preferred,P104,Insight Pro License,Software,Licenses,47,0,84.67,3979.49,USD,Net 60,P. Nguyen,Cancelled,Matched,3.8,18,0,False,Operations,Europe,False,397.95,326.8,Paid
PO-00066,1,REQ-00066,2025-07-24,2025,2025-08-12,2025-08-12,S002,Nimbus Cloud Supply,Technology,Europe,Preferred,P101,Cloud Data Suite,Software,Cloud,34,34,463.63,15763.42,USD,Net 60,T. Brown,Received,Pending,4.7,19,0,True,Technology,Europe,True,1261.07,318.9,Paid
PO-00067,1,REQ-00067,2023-07-27,2023,2023-09-07,,S002,Nimbus Cloud Supply,Technology,Europe,Preferred,P109,Forecasting Add-on,Software,Analytics,51,0,171.67,8755.17,USD,2/10 Net 30,K. Wilson,Open,Pending,3.8,42,0,False,Sales,North America,True,437.76,5.59,Paid
PO-00068,1,REQ-00068,2025-03-14,2025,2025-03-31,2025-04-08,S002,Nimbus Cloud Supply,Technology,Europe,Preferred,P108,Mobile Scanner,Hardware,Devices,14,14,100.33,1404.62,USD,2/10 Net 30,K. Wilson,Received,Matched,3.8,17,8,False,Research,North America,True,0.0,256.49,Paid
PO-00069,1,REQ-00069,2024-11-04,2024,2024-12-01,2024-12-09,S003,Pacific Industrial Ltd,Manufacturing,Asia Pacific,Preferred,P106,Integration Services,Services,Consulting,58,58,997.25,57840.5,USD,Net 60,K. Wilson,Received,Matched,4.8,27,8,False,Research,Europe,False,5784.05,357.45,Scheduled
PO-00070,1,REQ-00070,2025-05-09,2025,2025-05-19,,S008,Cobalt Professional Services,Services,Asia Pacific,Approved,P107,Support Renewal,Services,Support,49,36,223.06,10929.94,USD,Net 30,P. Nguyen,In Transit,Pending,3.3,10,0,False,Operations,North America,True,546.5,12.62,Paid
PO-00071,1,REQ-00071,2023-02-26,2023,2023-03-29,,S007,Sterling Security Group,Security,North America,Preferred,P108,Mobile Scanner,Hardware,Devices,33,0,135.28,4464.24,USD,Net 60,T. Brown,Open,Pending,4.4,31,0,False,Operations,Europe,True,0.0,32.76,Scheduled
PO-00072,1,REQ-00072,2026-01-13,2026,2026-02-02,2026-02-10,S001,Apex Components,Hardware,North America,Strategic,P101,Cloud Data Suite,Software,Cloud,58,58,327.5,18995.0,USD,2/10 Net 30,K. Wilson,Received,Matched,3.1,20,8,False,Facilities,Europe,True,1899.5,205.65,Paid
PO-00073,1,REQ-00073,2024-09-10,2024,2024-10-09,,S005,Meridian Logistics,Logistics,Europe,Strategic,P109,Forecasting Add-on,Software,Analytics,31,19,212.96,6601.76,USD,Net 60,K. Wilson,In Transit,Matched,4.3,29,0,False,Sales,Asia Pacific,True,330.09,116.41,Paid
PO-00074,1,REQ-00074,2023-07-20,2023,2023-08-12,,S002,Nimbus Cloud Supply,Technology,Europe,Preferred,P108,Mobile Scanner,Hardware,Devices,49,0,113.8,5576.2,USD,Net 45,L. Morgan,Open,Matched,3.8,23,0,False,Operations,North America,True,446.1,239.8,Paid
PO-00075,1,REQ-00075,2023-12-03,2023,2023-12-09,,S003,Pacific Industrial Ltd,Manufacturing,Asia Pacific,Preferred,P101,Cloud Data Suite,Software,Cloud,57,1,320.3,18257.1,USD,Net 60,T. Brown,In Transit,Pending,3.6,6,0,False,Facilities,Europe,False,912.86,63.34,Scheduled
PO-00076,1,REQ-00076,2026-03-29,2026,2026-04-25,2026-05-03,S001,Apex Components,Hardware,North America,Strategic,P108,Mobile Scanner,Hardware,Devices,62,62,129.03,7999.86,USD,Net 30,K. Wilson,Received,Matched,4.3,27,8,False,Facilities,Europe,True,799.99,192.85,Scheduled
PO-00077,1,REQ-00077,2024-09-17,2024,2024-10-04,,S008,Cobalt Professional Services,Services,Asia Pacific,Approved,P109,Forecasting Add-on,Software,Analytics,55,0,156.45,8604.75,USD,Net 30,P. Nguyen,Cancelled,Matched,4.3,17,0,False,Sales,Europe,True,688.38,433.51,Overdue
PO-00078,1,REQ-00078,2023-06-15,2023,2023-07-11,,S001,Apex Components,Hardware,North America,Strategic,P107,Support Renewal,Services,Support,67,37,152.7,10230.9,USD,Net 60,D. Singh,In Transit,Matched,4.4,26,0,False,Facilities,Asia Pacific,True,0.0,247.46,Paid
PO-00079,1,REQ-00079,2023-08-29,2023,2023-10-08,2023-10-08,S004,Greenline Packaging,Packaging,North America,Approved,P104,Insight Pro License,Software,Licenses,47,47,71.98,3383.06,USD,Net 30,P. Nguyen,Received,Pending,2.9,40,0,True,Facilities,Europe,True,0.0,328.47,Paid
PO-00080,1,REQ-00080,2024-02-02,2024,2024-03-01,2024-03-01,S001,Apex Components,Hardware,North America,Strategic,P106,Integration Services,Services,Consulting,46,46,803.96,36982.16,USD,Net 45,T. Brown,Received,Matched,4.3,28,0,True,Sales,Europe,False,2958.57,412.15,Paid
PO-00081,1,REQ-00081,2024-01-05,2024,2024-01-31,,S004,Greenline Packaging,Packaging,North America,Approved,P109,Forecasting Add-on,Software,Analytics,10,0,210.42,2104.2,USD,Net 30,D. Singh,Open,Matched,4.1,26,0,False,Technology,Europe,False,168.34,99.35,Scheduled
PO-00082,1,REQ-00082,2026-09-11,2026,2026-09-29,2026-10-02,S004,Greenline Packaging,Packaging,North America,Approved,P100,Analytics Platform,Software,Analytics,55,55,549.73,30235.15,USD,Net 60,K. Wilson,Received,Not Received,3.1,18,3,False,Sales,North America,False,3023.52,50.08,Paid
PO-00083,1,REQ-00083,2024-07-02,2024,2024-07-22,2024-07-25,S008,Cobalt Professional Services,Services,Asia Pacific,Approved,P109,Forecasting Add-on,Software,Analytics,56,56,233.57,13079.92,USD,Net 30,P. Nguyen,Received,Pending,3.9,20,3,False,Operations,Europe,True,654.0,408.8,Scheduled
PO-00084,1,REQ-00084,2025-07-22,2025,2025-08-12,2025-08-20,S006,Vertex Office Goods,Office Supplies,Latin America,Approved,P100,Analytics Platform,Software,Analytics,6,6,372.0,2232.0,USD,Net 60,P. Nguyen,Received,Matched,3.3,21,8,False,Facilities,North America,True,178.56,361.47,Scheduled
PO-00085,1,REQ-00085,2025-03-26,2025,2025-04-11,2025-04-14,S006,Vertex Office Goods,Office Supplies,Latin America,Approved,P101,Cloud Data Suite,Software,Cloud,49,49,468.21,22942.29,USD,Net 30,K. Wilson,Received,Matched,4.4,16,3,False,Sales,Europe,True,0.0,160.38,Paid
PO-00086,1,REQ-00086,2024-05-20,2024,2024-07-04,2024-07-07,S003,Pacific Industrial Ltd,Manufacturing,Asia Pacific,Preferred,P103,Secure Access Kit,Hardware,Security,15,15,139.64,2094.6,USD,2/10 Net 30,T. Brown,Received,Matched,3.7,45,3,False,Technology,Asia Pacific,True,104.73,257.56,Overdue
PO-00087,1,REQ-00087,2024-05-15,2024,2024-06-07,2024-06-07,S007,Sterling Security Group,Security,North America,Preferred,P103,Secure Access Kit,Hardware,Security,38,38,137.61,5229.18,USD,2/10 Net 30,T. Brown,Received,Matched,4.1,23,0,True,Operations,Asia Pacific,False,418.33,429.65,Paid
PO-00088,1,REQ-00088,2023-03-11,2023,2023-04-07,,S003,Pacific Industrial Ltd,Manufacturing,Asia Pacific,Preferred,P106,Integration Services,Services,Consulting,14,0,1054.34,14760.76,USD,Net 30,D. Singh,Cancelled,Not Received,2.9,27,0,False,Technology,Europe,False,1180.86,41.78,Overdue
PO-00089,1,REQ-00089,2026-08-13,2026,2026-09-15,,S008,Cobalt Professional Services,Services,Asia Pacific,Approved,P103,Secure Access Kit,Hardware,Security,8,0,156.54,1252.32,USD,Net 45,K. Wilson,Open,Not Received,3.7,33,0,False,Facilities,Asia Pacific,False,62.62,91.73,Scheduled
PO-00090,1,REQ-00090,2024-04-28,2024,2024-05-26,2024-06-10,S008,Cobalt Professional Services,Services,Asia Pacific,Approved,P107,Support Renewal,Services,Support,43,43,228.35,9819.05,USD,2/10 Net 30,T. Brown,Received,Matched,3.9,28,15,False,Research,North America,True,0.0,13.24,Paid
PO-00091,1,REQ-00091,2026-05-11,2026,2026-06-09,,S003,Pacific Industrial Ltd,Manufacturing,Asia Pacific,Preferred,P103,Secure Access Kit,Hardware,Security,28,14,148.91,4169.48,USD,Net 45,K. Wilson,In Transit,Matched,2.9,29,0,False,Facilities,North America,False,0.0,49.45,Paid
PO-00092,1,REQ-00092,2026-05-22,2026,2026-07-04,2026-07-19,S003,Pacific Industrial Ltd,Manufacturing,Asia Pacific,Preferred,P100,Analytics Platform,Software,Analytics,62,62,430.83,26711.46,USD,Net 60,T. Brown,Received,Matched,4.2,43,15,False,Sales,Asia Pacific,True,0.0,332.5,Scheduled
PO-00093,1,REQ-00093,2023-09-13,2023,2023-10-10,2023-10-05,S002,Nimbus Cloud Supply,Technology,Europe,Preferred,P100,Analytics Platform,Software,Analytics,70,70,396.17,27731.9,USD,Net 60,L. Morgan,Received,Not Received,4.9,27,0,True,Sales,North America,False,2773.19,213.1,Scheduled
PO-00094,1,REQ-00094,2023-01-13,2023,2023-01-26,2023-01-26,S006,Vertex Office Goods,Office Supplies,Latin America,Approved,P109,Forecasting Add-on,Software,Analytics,41,41,153.3,6285.3,USD,2/10 Net 30,L. Morgan,Received,Disputed,3.0,13,0,True,Research,Europe,True,502.82,71.48,Scheduled
PO-00095,1,REQ-00095,2023-09-07,2023,2023-09-13,2023-09-16,S003,Pacific Industrial Ltd,Manufacturing,Asia Pacific,Preferred,P109,Forecasting Add-on,Software,Analytics,25,25,161.47,4036.75,USD,Net 45,P. Nguyen,Received,Disputed,4.8,6,3,False,Technology,North America,False,201.84,378.58,Scheduled
PO-00096,1,REQ-00096,2024-01-28,2024,2024-02-10,2024-02-10,S002,Nimbus Cloud Supply,Technology,Europe,Preferred,P100,Analytics Platform,Software,Analytics,63,63,459.66,28958.58,USD,Net 45,D. Singh,Received,Matched,3.3,13,0,True,Research,Asia Pacific,False,2895.86,412.78,Scheduled
PO-00097,1,REQ-00097,2024-08-10,2024,2024-08-28,,S007,Sterling Security Group,Security,North America,Preferred,P106,Integration Services,Services,Consulting,49,0,818.37,40100.13,USD,Net 45,P. Nguyen,Open,Matched,4.7,18,0,False,Sales,Europe,True,2005.01,372.68,Paid
PO-00098,1,REQ-00098,2026-02-14,2026,2026-02-25,,S007,Sterling Security Group,Security,North America,Preferred,P109,Forecasting Add-on,Software,Analytics,12,8,163.37,1960.44,USD,Net 45,K. Wilson,In Transit,Pending,4.0,11,0,False,Technology,Europe,True,0.0,18.41,Overdue
PO-00099,1,REQ-00099,2026-06-12,2026,2026-07-04,,S007,Sterling Security Group,Security,North America,Preferred,P103,Secure Access Kit,Hardware,Security,31,0,188.1,5831.1,USD,Net 45,P. Nguyen,Open,Matched,4.5,22,0,False,Operations,North America,True,0.0,104.04,Overdue
PO-00100,1,REQ-00100,2025-02-05,2025,2025-02-23,,S002,Nimbus Cloud Supply,Technology,Europe,Preferred,P102,Edge Gateway,Hardware,Networking,38,0,266.84,10139.92,USD,Net 60,K. Wilson,Open,Matched,4.9,18,0,False,Technology,Asia Pacific,False,811.19,89.93,Scheduled
PO-00101,1,REQ-00101,2023-06-23,2023,2023-07-13,2023-07-16,S008,Cobalt Professional Services,Services,Asia Pacific,Approved,P105,Storage Array,Hardware,Storage,7,7,776.6,5436.2,USD,Net 60,P. Nguyen,Received,Pending,3.7,20,3,False,Operations,North America,True,543.62,312.63,Paid
PO-00102,1,REQ-00102,2024-03-27,2024,2024-05-02,2024-05-17,S002,Nimbus Cloud Supply,Technology,Europe,Preferred,P105,Storage Array,Hardware,Storage,28,28,656.73,18388.44,USD,Net 45,K. Wilson,Closed,Matched,4.8,36,15,False,Technology,Asia Pacific,False,0.0,328.25,Scheduled
PO-00103,1,REQ-00103,2026-01-04,2026,2026-01-20,2026-01-20,S005,Meridian Logistics,Logistics,Europe,Strategic,P100,Analytics Platform,Software,Analytics,55,55,611.82,33650.1,USD,Net 60,D. Singh,Closed,Matched,3.0,16,0,True,Technology,Asia Pacific,False,2692.01,60.08,Paid
PO-00104,1,REQ-00104,2026-04-12,2026,2026-05-17,2026-05-20,S008,Cobalt Professional Services,Services,Asia Pacific,Approved,P109,Forecasting Add-on,Software,Analytics,47,47,162.55,7639.85,USD,Net 60,L. Morgan,Received,Pending,4.8,35,3,False,Operations,Asia Pacific,False,763.99,265.69,Paid
PO-00105,1,REQ-00105,2026-06-04,2026,2026-06-25,2026-06-28,S002,Nimbus Cloud Supply,Technology,Europe,Preferred,P106,Integration Services,Services,Consulting,21,21,598.08,12559.68,USD,Net 45,L. Morgan,Received,Pending,3.1,21,3,False,Facilities,North America,True,627.98,2.85,Overdue
PO-00106,1,REQ-00106,2025-04-01,2025,2025-04-15,2025-04-18,S005,Meridian Logistics,Logistics,Europe,Strategic,P105,Storage Array,Hardware,Storage,45,45,888.97,40003.65,USD,Net 60,L. Morgan,Received,Matched,3.7,14,3,False,Sales,Europe,True,2000.18,341.35,Scheduled
PO-00107,1,REQ-00107,2026-04-23,2026,2026-05-20,,S008,Cobalt Professional Services,Services,Asia Pacific,Approved,P106,Integration Services,Services,Consulting,35,9,1059.3,37075.5,USD,Net 45,D. Singh,In Transit,Matched,3.7,27,0,False,Technology,North America,True,1853.78,248.83,Paid
PO-00108,1,REQ-00108,2023-04-03,2023,2023-04-22,,S007,Sterling Security Group,Security,North America,Preferred,P106,Integration Services,Services,Consulting,29,24,782.78,22700.62,USD,Net 30,T. Brown,In Transit,Not Received,5.0,19,0,False,Technology,Europe,False,1135.03,83.59,Scheduled
PO-00109,1,REQ-00109,2023-09-10,2023,2023-09-26,2023-10-04,S007,Sterling Security Group,Security,North America,Preferred,P104,Insight Pro License,Software,Licenses,23,23,115.84,2664.32,USD,Net 30,T. Brown,Received,Matched,2.8,16,8,False,Technology,Asia Pacific,True,266.43,295.83,Scheduled
PO-00110,1,REQ-00110,2026-09-29,2026,2026-10-15,,S004,Greenline Packaging,Packaging,North America,Approved,P104,Insight Pro License,Software,Licenses,52,3,121.55,6320.6,USD,Net 45,L. Morgan,In Transit,Matched,3.6,16,0,False,Facilities,Europe,True,0.0,353.05,Paid
PO-00111,1,REQ-00111,2025-07-14,2025,2025-08-09,2025-08-09,S008,Cobalt Professional Services,Services,Asia Pacific,Approved,P100,Analytics Platform,Software,Analytics,54,54,405.69,21907.26,USD,Net 30,K. Wilson,Received,Pending,4.9,26,0,True,Research,Asia Pacific,True,0.0,88.45,Paid
PO-00112,1,REQ-00112,2024-11-06,2024,2024-11-27,2024-11-30,S003,Pacific Industrial Ltd,Manufacturing,Asia Pacific,Preferred,P102,Edge Gateway,Hardware,Networking,70,70,225.31,15771.7,USD,Net 30,D. Singh,Received,Matched,3.2,21,3,False,Research,Europe,True,0.0,443.07,Scheduled
PO-00113,1,REQ-00113,2025-08-13,2025,2025-09-17,2025-09-17,S003,Pacific Industrial Ltd,Manufacturing,Asia Pacific,Preferred,P109,Forecasting Add-on,Software,Analytics,14,14,210.1,2941.4,USD,Net 30,K. Wilson,Received,Matched,4.3,35,0,True,Facilities,Asia Pacific,True,0.0,380.91,Paid
PO-00114,1,REQ-00114,2023-12-20,2023,2024-01-07,2024-01-07,S007,Sterling Security Group,Security,North America,Preferred,P106,Integration Services,Services,Consulting,44,44,946.47,41644.68,USD,Net 60,T. Brown,Received,Pending,4.0,18,0,True,Research,Europe,False,2082.23,365.42,Paid
PO-00115,1,REQ-00115,2025-07-03,2025,2025-07-21,2025-07-16,S004,Greenline Packaging,Packaging,North America,Approved,P102,Edge Gateway,Hardware,Networking,55,55,243.99,13419.45,USD,Net 45,T. Brown,Received,Matched,3.4,18,0,True,Technology,Asia Pacific,True,670.97,44.26,Scheduled
PO-00116,1,REQ-00116,2024-10-21,2024,2024-11-17,,S007,Sterling Security Group,Security,North America,Preferred,P100,Analytics Platform,Software,Analytics,30,0,633.63,19008.9,USD,2/10 Net 30,L. Morgan,Open,Not Received,3.3,27,0,False,Facilities,Asia Pacific,True,950.45,219.97,Scheduled
PO-00117,1,REQ-00117,2026-02-17,2026,2026-02-26,,S005,Meridian Logistics,Logistics,Europe,Strategic,P108,Mobile Scanner,Hardware,Devices,35,35,83.13,2909.55,USD,Net 60,P. Nguyen,In Transit,Pending,3.1,9,0,False,Research,North America,True,0.0,167.17,Scheduled
PO-00118,1,REQ-00118,2023-07-25,2023,2023-08-19,,S002,Nimbus Cloud Supply,Technology,Europe,Preferred,P109,Forecasting Add-on,Software,Analytics,13,9,167.04,2171.52,USD,Net 45,K. Wilson,In Transit,Matched,4.5,25,0,False,Sales,Europe,True,217.15,298.16,Paid
PO-00119,1,REQ-00119,2026-02-24,2026,2026-02-25,2026-02-20,S006,Vertex Office Goods,Office Supplies,Latin America,Approved,P103,Secure Access Kit,Hardware,Security,10,10,116.21,1162.1,USD,Net 60,D. Singh,Received,Matched,4.2,1,0,True,Research,Europe,False,92.97,173.7,Scheduled
PO-00120,1,REQ-00120,2023-08-26,2023,2023-09-18,,S004,Greenline Packaging,Packaging,North America,Approved,P104,Insight Pro License,Software,Licenses,58,42,79.1,4587.8,USD,Net 30,T. Brown,In Transit,Pending,4.8,23,0,False,Research,North America,True,458.78,239.56,Overdue
PO-00121,1,REQ-00121,2026-01-21,2026,2026-02-17,2026-02-17,S001,Apex Components,Hardware,North America,Strategic,P102,Edge Gateway,Hardware,Networking,53,53,228.09,12088.77,USD,Net 60,L. Morgan,Received,Matched,3.0,27,0,True,Sales,Asia Pacific,True,1208.88,194.05,Paid
PO-00122,1,REQ-00122,2025-01-17,2025,2025-02-03,2025-01-29,S003,Pacific Industrial Ltd,Manufacturing,Asia Pacific,Preferred,P105,Storage Array,Hardware,Storage,26,26,788.79,20508.54,USD,2/10 Net 30,D. Singh,Received,Not Received,3.3,17,0,True,Operations,Europe,True,2050.85,121.58,Scheduled
PO-00123,1,REQ-00123,2023-08-05,2023,2023-08-23,,S002,Nimbus Cloud Supply,Technology,Europe,Preferred,P102,Edge Gateway,Hardware,Networking,39,0,255.05,9946.95,USD,Net 30,L. Morgan,Open,Matched,4.7,18,0,False,Technology,Asia Pacific,False,0.0,259.34,Overdue
PO-00124,1,REQ-00124,2023-04-12,2023,2023-05-14,2023-05-14,S008,Cobalt Professional Services,Services,Asia Pacific,Approved,P109,Forecasting Add-on,Software,Analytics,9,9,218.99,1970.91,USD,2/10 Net 30,T. Brown,Received,Pending,4.5,32,0,True,Facilities,Europe,True,98.55,392.34,Scheduled
PO-00125,1,REQ-00125,2026-09-17,2026,2026-10-08,,S006,Vertex Office Goods,Office Supplies,Latin America,Approved,P109,Forecasting Add-on,Software,Analytics,41,17,173.93,7131.13,USD,2/10 Net 30,P. Nguyen,In Transit,Matched,5.0,21,0,False,Research,Europe,False,356.56,80.74,Paid
PO-00126,1,REQ-00126,2025-02-10,2025,2025-02-24,2025-02-27,S006,Vertex Office Goods,Office Supplies,Latin America,Approved,P109,Forecasting Add-on,Software,Analytics,22,22,232.0,5104.0,USD,Net 60,L. Morgan,Received,Matched,3.2,14,3,False,Operations,Europe,False,255.2,428.83,Scheduled
PO-00127,1,REQ-00127,2026-02-03,2026,2026-03-05,2026-02-28,S004,Greenline Packaging,Packaging,North America,Approved,P108,Mobile Scanner,Hardware,Devices,59,59,114.6,6761.4,USD,2/10 Net 30,K. Wilson,Received,Pending,3.9,30,0,True,Operations,North America,True,0.0,256.79,Overdue
PO-00128,1,REQ-00128,2023-06-29,2023,2023-07-30,2023-07-30,S004,Greenline Packaging,Packaging,North America,Approved,P106,Integration Services,Services,Consulting,52,52,674.55,35076.6,USD,Net 45,T. Brown,Received,Matched,4.5,31,0,True,Technology,North America,True,1753.83,86.51,Scheduled
PO-00129,1,REQ-00129,2024-12-24,2024,2025-01-22,2025-02-06,S003,Pacific Industrial Ltd,Manufacturing,Asia Pacific,Preferred,P100,Analytics Platform,Software,Analytics,29,29,426.84,12378.36,USD,Net 45,P. Nguyen,Received,Matched,3.7,29,15,False,Technology,Asia Pacific,True,990.27,68.1,Scheduled
PO-00130,1,REQ-00130,2026-10-04,2026,2026-11-10,2026-11-05,S004,Greenline Packaging,Packaging,North America,Approved,P104,Insight Pro License,Software,Licenses,27,27,105.6,2851.2,USD,Net 45,D. Singh,Received,Matched,3.3,37,0,True,Technology,North America,True,0.0,74.07,Scheduled
PO-00131,1,REQ-00131,2023-04-16,2023,2023-05-07,,S004,Greenline Packaging,Packaging,North America,Approved,P104,Insight Pro License,Software,Licenses,57,0,68.94,3929.58,USD,Net 45,L. Morgan,Open,Pending,3.7,21,0,False,Sales,Europe,False,196.48,225.96,Paid
PO-00132,1,REQ-00132,2025-08-01,2025,2025-09-06,,S006,Vertex Office Goods,Office Supplies,Latin America,Approved,P101,Cloud Data Suite,Software,Cloud,8,4,466.05,3728.4,USD,2/10 Net 30,L. Morgan,In Transit,Matched,3.0,36,0,False,Technology,North America,True,372.84,23.63,Paid
PO-00133,1,REQ-00133,2023-11-10,2023,2023-11-22,,S002,Nimbus Cloud Supply,Technology,Europe,Preferred,P104,Insight Pro License,Software,Licenses,40,0,85.18,3407.2,USD,Net 60,T. Brown,Open,Matched,4.1,12,0,False,Research,Europe,True,272.58,234.06,Paid
PO-00134,1,REQ-00134,2025-03-05,2025,2025-04-06,2025-04-06,S008,Cobalt Professional Services,Services,Asia Pacific,Approved,P106,Integration Services,Services,Consulting,68,68,712.51,48450.68,USD,Net 30,P. Nguyen,Received,Pending,4.4,32,0,True,Facilities,Asia Pacific,True,0.0,259.29,Overdue
PO-00135,1,REQ-00135,2023-09-11,2023,2023-09-29,,S006,Vertex Office Goods,Office Supplies,Latin America,Approved,P107,Support Renewal,Services,Support,9,0,164.97,1484.73,USD,2/10 Net 30,D. Singh,Open,Pending,4.6,18,0,False,Facilities,Asia Pacific,False,118.78,283.53,Scheduled
PO-00136,1,REQ-00136,2023-07-02,2023,2023-07-29,2023-07-29,S002,Nimbus Cloud Supply,Technology,Europe,Preferred,P100,Analytics Platform,Software,Analytics,55,55,504.64,27755.2,USD,Net 60,T. Brown,Received,Pending,4.6,27,0,True,Technology,North America,True,0.0,119.11,Paid
PO-00137,1,REQ-00137,2025-10-12,2025,2025-11-08,,S001,Apex Components,Hardware,North America,Strategic,P100,Analytics Platform,Software,Analytics,64,0,583.93,37371.52,USD,Net 30,K. Wilson,Open,Matched,2.8,27,0,False,Research,North America,True,1868.58,423.04,Paid
PO-00138,1,REQ-00138,2024-11-27,2024,2024-12-21,2024-12-29,S001,Apex Components,Hardware,North America,Strategic,P106,Integration Services,Services,Consulting,58,58,951.11,55164.38,USD,Net 45,L. Morgan,Received,Matched,3.8,24,8,False,Facilities,North America,True,5516.44,13.34,Paid
PO-00139,1,REQ-00139,2025-10-22,2025,2025-11-12,,S008,Cobalt Professional Services,Services,Asia Pacific,Approved,P103,Secure Access Kit,Hardware,Security,37,0,181.15,6702.55,USD,Net 60,K. Wilson,Open,Pending,3.3,21,0,False,Operations,Europe,True,536.2,149.99,Scheduled
PO-00140,1,REQ-00140,2024-06-06,2024,2024-07-07,2024-07-10,S001,Apex Components,Hardware,North America,Strategic,P103,Secure Access Kit,Hardware,Security,67,67,174.89,11717.63,USD,Net 45,D. Singh,Received,Pending,4.4,31,3,False,Sales,North America,True,937.41,80.55,Paid
PO-00141,1,REQ-00141,2023-08-26,2023,2023-10-09,,S005,Meridian Logistics,Logistics,Europe,Strategic,P106,Integration Services,Services,Consulting,64,46,847.06,54211.84,USD,Net 45,L. Morgan,In Transit,Matched,3.3,44,0,False,Facilities,Europe,False,0.0,155.23,Scheduled
PO-00142,1,REQ-00142,2026-08-08,2026,2026-09-20,2026-09-15,S004,Greenline Packaging,Packaging,North America,Approved,P105,Storage Array,Hardware,Storage,62,62,560.27,34736.74,USD,2/10 Net 30,T. Brown,Received,Matched,3.2,43,0,True,Facilities,North America,True,3473.67,165.09,Scheduled
PO-00143,1,REQ-00143,2025-04-12,2025,2025-05-08,2025-05-16,S001,Apex Components,Hardware,North America,Strategic,P109,Forecasting Add-on,Software,Analytics,7,7,195.72,1370.04,USD,Net 60,T. Brown,Received,Matched,4.6,26,8,False,Research,Europe,False,109.6,303.45,Paid
PO-00144,1,REQ-00144,2026-04-03,2026,2026-04-26,,S003,Pacific Industrial Ltd,Manufacturing,Asia Pacific,Preferred,P101,Cloud Data Suite,Software,Cloud,44,5,281.83,12400.52,USD,Net 60,K. Wilson,In Transit,Pending,3.9,23,0,False,Research,Europe,False,620.03,70.51,Paid
PO-00145,1,REQ-00145,2025-05-21,2025,2025-07-02,,S004,Greenline Packaging,Packaging,North America,Approved,P104,Insight Pro License,Software,Licenses,34,0,71.33,2425.22,USD,Net 60,P. Nguyen,Open,Pending,5.0,42,0,False,Sales,Asia Pacific,True,242.52,98.4,Paid
PO-00146,1,REQ-00146,2023-04-01,2023,2023-04-18,2023-05-03,S006,Vertex Office Goods,Office Supplies,Latin America,Approved,P102,Edge Gateway,Hardware,Networking,38,38,293.29,11145.02,USD,Net 60,D. Singh,Received,Not Received,3.9,17,15,False,Operations,North America,True,557.25,423.5,Scheduled
PO-00147,1,REQ-00147,2023-12-13,2023,2024-01-11,2024-01-19,S005,Meridian Logistics,Logistics,Europe,Strategic,P107,Support Renewal,Services,Support,27,27,174.03,4698.81,USD,Net 60,P. Nguyen,Received,Not Received,3.8,29,8,False,Operations,Europe,False,0.0,325.92,Overdue
PO-00148,1,REQ-00148,2025-01-09,2025,2025-02-02,2025-02-02,S004,Greenline Packaging,Packaging,North America,Approved,P108,Mobile Scanner,Hardware,Devices,53,53,105.75,5604.75,USD,2/10 Net 30,T. Brown,Received,Matched,4.7,24,0,True,Technology,North America,True,560.48,305.81,Scheduled
PO-00149,1,REQ-00149,2026-01-21,2026,2026-02-03,2026-02-03,S003,Pacific Industrial Ltd,Manufacturing,Asia Pacific,Preferred,P109,Forecasting Add-on,Software,Analytics,61,61,191.28,11668.08,USD,Net 60,D. Singh,Closed,Not Received,3.6,13,0,True,Facilities,Europe,True,1166.81,340.12,Scheduled
PO-00150,1,REQ-00150,2026-08-15,2026,2026-09-09,,S007,Sterling Security Group,Security,North America,Preferred,P109,Forecasting Add-on,Software,Analytics,39,0,167.91,6548.49,USD,Net 30,P. Nguyen,Open,Matched,4.6,25,0,False,Sales,North America,False,327.42,25.21,Paid
PO-00151,1,REQ-00151,2024-08-02,2024,2024-08-15,2024-08-30,S008,Cobalt Professional Services,Services,Asia Pacific,Approved,P100,Analytics Platform,Software,Analytics,42,42,461.04,19363.68,USD,Net 60,L. Morgan,Received,Matched,4.9,13,15,False,Operations,North America,True,1549.09,306.31,Paid
PO-00152,1,REQ-00152,2024-12-21,2024,2025-01-03,2024-12-29,S008,Cobalt Professional Services,Services,Asia Pacific,Approved,P109,Forecasting Add-on,Software,Analytics,37,37,223.23,8259.51,USD,Net 45,D. Singh,Received,Pending,4.7,13,0,True,Research,Asia Pacific,True,660.76,373.14,Paid
PO-00153,1,REQ-00153,2026-06-16,2026,2026-07-06,2026-07-01,S003,Pacific Industrial Ltd,Manufacturing,Asia Pacific,Preferred,P108,Mobile Scanner,Hardware,Devices,11,11,130.77,1438.47,USD,Net 45,P. Nguyen,Received,Matched,4.7,20,0,True,Technology,North America,True,143.85,211.88,Scheduled
PO-00154,1,REQ-00154,2025-12-30,2025,2026-01-06,2026-01-01,S003,Pacific Industrial Ltd,Manufacturing,Asia Pacific,Preferred,P100,Analytics Platform,Software,Analytics,63,63,433.89,27335.07,USD,Net 60,K. Wilson,Received,Not Received,3.6,7,0,True,Facilities,Asia Pacific,True,2186.81,446.83,Overdue
PO-00155,1,REQ-00155,2025-06-21,2025,2025-06-22,,S008,Cobalt Professional Services,Services,Asia Pacific,Approved,P108,Mobile Scanner,Hardware,Devices,27,5,117.21,3164.67,USD,Net 30,P. Nguyen,In Transit,Matched,3.7,1,0,False,Technology,Asia Pacific,False,0.0,61.89,Scheduled
PO-00156,1,REQ-00156,2026-06-08,2026,2026-06-26,,S005,Meridian Logistics,Logistics,Europe,Strategic,P101,Cloud Data Suite,Software,Cloud,33,7,435.25,14363.25,USD,Net 45,P. Nguyen,In Transit,Not Received,3.5,18,0,False,Research,Europe,False,1436.33,100.77,Paid
PO-00157,1,REQ-00157,2025-01-18,2025,2025-02-12,2025-02-15,S002,Nimbus Cloud Supply,Technology,Europe,Preferred,P104,Insight Pro License,Software,Licenses,21,21,90.69,1904.49,USD,Net 30,P. Nguyen,Received,Pending,4.3,25,3,False,Technology,Asia Pacific,False,190.45,344.14,Scheduled
PO-00158,1,REQ-00158,2024-10-29,2024,2024-11-26,2024-11-21,S007,Sterling Security Group,Security,North America,Preferred,P109,Forecasting Add-on,Software,Analytics,51,51,183.51,9359.01,USD,Net 30,P. Nguyen,Received,Matched,3.1,28,0,True,Technology,Europe,True,467.95,154.61,Paid
PO-00159,1,REQ-00159,2026-04-09,2026,2026-05-17,,S002,Nimbus Cloud Supply,Technology,Europe,Preferred,P106,Integration Services,Services,Consulting,66,0,676.19,44628.54,USD,Net 60,P. Nguyen,Open,Pending,4.1,38,0,False,Sales,Europe,False,4462.85,429.97,Paid
PO-00160,1,REQ-00160,2024-01-07,2024,2024-02-01,2024-01-27,S004,Greenline Packaging,Packaging,North America,Approved,P102,Edge Gateway,Hardware,Networking,26,26,265.85,6912.1,USD,2/10 Net 30,L. Morgan,Received,Matched,4.5,25,0,True,Technology,North America,False,691.21,191.27,Paid
PO-00161,1,REQ-00161,2025-07-25,2025,2025-08-12,2025-08-07,S003,Pacific Industrial Ltd,Manufacturing,Asia Pacific,Preferred,P107,Support Renewal,Services,Support,36,36,154.92,5577.12,USD,Net 60,K. Wilson,Received,Not Received,5.0,18,0,True,Research,Asia Pacific,True,0.0,225.55,Scheduled
PO-00162,1,REQ-00162,2023-10-24,2023,2023-11-15,,S004,Greenline Packaging,Packaging,North America,Approved,P105,Storage Array,Hardware,Storage,47,0,748.46,35177.62,USD,Net 45,P. Nguyen,Open,Not Received,4.0,22,0,False,Operations,North America,True,3517.76,100.54,Paid
PO-00163,1,REQ-00163,2026-07-12,2026,2026-08-15,2026-08-15,S008,Cobalt Professional Services,Services,Asia Pacific,Approved,P103,Secure Access Kit,Hardware,Security,9,9,167.65,1508.85,USD,2/10 Net 30,K. Wilson,Received,Pending,4.1,34,0,True,Operations,Europe,True,120.71,345.95,Paid
PO-00164,1,REQ-00164,2025-02-04,2025,2025-02-21,2025-02-21,S002,Nimbus Cloud Supply,Technology,Europe,Preferred,P109,Forecasting Add-on,Software,Analytics,59,59,214.62,12662.58,USD,Net 30,K. Wilson,Received,Matched,4.2,17,0,True,Research,Europe,True,1266.26,30.52,Paid
PO-00165,1,REQ-00165,2024-12-24,2024,2025-02-01,2025-01-27,S006,Vertex Office Goods,Office Supplies,Latin America,Approved,P107,Support Renewal,Services,Support,59,59,234.83,13854.97,USD,2/10 Net 30,T. Brown,Received,Matched,4.7,39,0,True,Technology,Asia Pacific,False,0.0,307.79,Paid
PO-00166,1,REQ-00166,2026-05-31,2026,2026-06-30,2026-07-03,S007,Sterling Security Group,Security,North America,Preferred,P102,Edge Gateway,Hardware,Networking,66,66,202.8,13384.8,USD,Net 45,P. Nguyen,Received,Pending,4.5,30,3,False,Sales,Asia Pacific,True,0.0,449.74,Overdue
PO-00167,1,REQ-00167,2026-04-08,2026,2026-05-07,,S004,Greenline Packaging,Packaging,North America,Approved,P101,Cloud Data Suite,Software,Cloud,68,8,497.31,33817.08,USD,Net 30,T. Brown,In Transit,Matched,4.4,29,0,False,Facilities,Europe,True,3381.71,206.62,Paid
PO-00168,1,REQ-00168,2026-04-30,2026,2026-05-19,2026-05-19,S007,Sterling Security Group,Security,North America,Preferred,P103,Secure Access Kit,Hardware,Security,53,53,117.47,6225.91,USD,Net 30,D. Singh,Received,Matched,3.4,19,0,True,Sales,North America,False,311.3,39.79,Paid
PO-00169,1,REQ-00169,2026-04-23,2026,2026-05-08,2026-05-08,S002,Nimbus Cloud Supply,Technology,Europe,Preferred,P107,Support Renewal,Services,Support,56,56,195.96,10973.76,USD,2/10 Net 30,P. Nguyen,Received,Matched,3.7,15,0,True,Facilities,North America,True,1097.38,203.73,Paid
PO-00170,1,REQ-00170,2023-03-03,2023,2023-03-14,2023-03-09,S001,Apex Components,Hardware,North America,Strategic,P103,Secure Access Kit,Hardware,Security,20,20,144.24,2884.8,USD,Net 60,T. Brown,Received,Matched,3.6,11,0,True,Sales,Asia Pacific,True,144.24,301.4,Paid
PO-00171,1,REQ-00171,2026-09-16,2026,2026-09-17,2026-09-20,S001,Apex Components,Hardware,North America,Strategic,P105,Storage Array,Hardware,Storage,36,36,563.93,20301.48,USD,Net 60,K. Wilson,Received,Not Received,4.5,1,3,False,Research,Asia Pacific,True,1624.12,70.76,Paid
PO-00172,1,REQ-00172,2024-06-15,2024,2024-07-16,,S008,Cobalt Professional Services,Services,Asia Pacific,Approved,P107,Support Renewal,Services,Support,65,22,167.49,10886.85,USD,2/10 Net 30,P. Nguyen,In Transit,Matched,5.0,31,0,False,Research,Europe,True,544.34,163.97,Overdue
PO-00173,1,REQ-00173,2025-12-09,2025,2026-01-10,,S007,Sterling Security Group,Security,North America,Preferred,P107,Support Renewal,Services,Support,34,0,221.85,7542.9,USD,2/10 Net 30,T. Brown,Cancelled,Matched,4.8,32,0,False,Sales,Asia Pacific,False,0.0,78.13,Paid
PO-00174,1,REQ-00174,2023-11-10,2023,2023-12-10,,S005,Meridian Logistics,Logistics,Europe,Strategic,P108,Mobile Scanner,Hardware,Devices,55,3,84.69,4657.95,USD,Net 30,D. Singh,In Transit,Pending,3.3,30,0,False,Sales,Asia Pacific,False,232.9,228.11,Paid
PO-00175,1,REQ-00175,2026-09-30,2026,2026-10-19,2026-10-22,S002,Nimbus Cloud Supply,Technology,Europe,Preferred,P107,Support Renewal,Services,Support,57,57,245.09,13970.13,USD,Net 45,L. Morgan,Received,Pending,4.1,19,3,False,Facilities,Asia Pacific,False,698.51,361.16,Paid
PO-00176,1,REQ-00176,2023-12-26,2023,2024-01-16,2024-01-11,S004,Greenline Packaging,Packaging,North America,Approved,P109,Forecasting Add-on,Software,Analytics,12,12,189.04,2268.48,USD,Net 30,L. Morgan,Received,Not Received,3.2,21,0,True,Operations,Europe,True,0.0,357.31,Paid
PO-00177,1,REQ-00177,2023-08-29,2023,2023-09-07,2023-09-07,S006,Vertex Office Goods,Office Supplies,Latin America,Approved,P106,Integration Services,Services,Consulting,55,55,1007.1,55390.5,USD,2/10 Net 30,D. Singh,Received,Not Received,3.5,9,0,True,Facilities,Asia Pacific,True,5539.05,439.5,Paid
PO-00178,1,REQ-00178,2026-03-16,2026,2026-04-02,,S005,Meridian Logistics,Logistics,Europe,Strategic,P107,Support Renewal,Services,Support,48,26,194.65,9343.2,USD,2/10 Net 30,L. Morgan,In Transit,Matched,3.4,17,0,False,Facilities,Europe,False,747.46,264.57,Paid
PO-00179,1,REQ-00179,2026-03-25,2026,2026-04-13,2026-04-13,S008,Cobalt Professional Services,Services,Asia Pacific,Approved,P109,Forecasting Add-on,Software,Analytics,14,14,132.15,1850.1,USD,Net 30,D. Singh,Received,Matched,4.3,19,0,True,Facilities,Europe,True,148.01,228.7,Overdue
PO-00180,1,REQ-00180,2025-02-03,2025,2025-02-24,2025-03-04,S006,Vertex Office Goods,Office Supplies,Latin America,Approved,P108,Mobile Scanner,Hardware,Devices,49,49,78.31,3837.19,USD,2/10 Net 30,K. Wilson,Received,Not Received,4.5,21,8,False,Technology,Asia Pacific,True,0.0,428.71,Paid
PO-00181,1,REQ-00181,2025-01-01,2025,2025-02-01,2025-02-04,S001,Apex Components,Hardware,North America,Strategic,P101,Cloud Data Suite,Software,Cloud,26,26,485.59,12625.34,USD,Net 60,L. Morgan,Closed,Pending,4.1,31,3,False,Technology,Asia Pacific,False,1262.53,379.08,Overdue
PO-00182,1,REQ-00182,2024-08-21,2024,2024-09-16,2024-10-01,S005,Meridian Logistics,Logistics,Europe,Strategic,P106,Integration Services,Services,Consulting,53,53,952.96,50506.88,USD,2/10 Net 30,K. Wilson,Received,Matched,4.1,26,15,False,Research,North America,True,4040.55,417.8,Paid
PO-00183,1,REQ-00183,2024-10-20,2024,2024-10-30,2024-10-30,S003,Pacific Industrial Ltd,Manufacturing,Asia Pacific,Preferred,P101,Cloud Data Suite,Software,Cloud,37,37,333.57,12342.09,USD,Net 45,K. Wilson,Received,Not Received,4.8,10,0,True,Sales,North America,True,0.0,156.39,Paid
PO-00184,1,REQ-00184,2025-10-01,2025,2025-11-02,,S007,Sterling Security Group,Security,North America,Preferred,P102,Edge Gateway,Hardware,Networking,60,0,225.3,13518.0,USD,2/10 Net 30,P. Nguyen,Open,Not Received,3.0,32,0,False,Research,Europe,True,1351.8,188.6,Scheduled
PO-00185,1,REQ-00185,2026-07-26,2026,2026-08-16,2026-08-31,S002,Nimbus Cloud Supply,Technology,Europe,Preferred,P108,Mobile Scanner,Hardware,Devices,67,67,107.1,7175.7,USD,Net 30,T. Brown,Received,Pending,4.0,21,15,False,Sales,Europe,True,358.79,126.82,Paid
PO-00186,1,REQ-00186,2026-01-12,2026,2026-02-05,2026-02-05,S002,Nimbus Cloud Supply,Technology,Europe,Preferred,P104,Insight Pro License,Software,Licenses,20,20,113.55,2271.0,USD,Net 30,D. Singh,Closed,Matched,3.2,24,0,True,Operations,Europe,True,113.55,150.3,Paid
PO-00187,1,REQ-00187,2026-05-21,2026,2026-06-24,,S001,Apex Components,Hardware,North America,Strategic,P105,Storage Array,Hardware,Storage,30,0,588.3,17649.0,USD,Net 60,L. Morgan,Cancelled,Matched,3.2,34,0,False,Sales,North America,True,1411.92,55.1,Scheduled
PO-00188,1,REQ-00188,2024-10-06,2024,2024-10-22,,S002,Nimbus Cloud Supply,Technology,Europe,Preferred,P101,Cloud Data Suite,Software,Cloud,11,3,277.14,3048.54,USD,Net 60,P. Nguyen,In Transit,Matched,4.9,16,0,False,Technology,Asia Pacific,True,304.85,14.63,Paid
PO-00189,1,REQ-00189,2023-01-08,2023,2023-02-12,2023-02-07,S002,Nimbus Cloud Supply,Technology,Europe,Preferred,P103,Secure Access Kit,Hardware,Security,68,68,123.17,8375.56,USD,Net 60,T. Brown,Received,Matched,3.9,35,0,True,Operations,Asia Pacific,False,670.04,294.43,Paid
PO-00190,1,REQ-00190,2023-06-17,2023,2023-07-13,,S008,Cobalt Professional Services,Services,Asia Pacific,Approved,P108,Mobile Scanner,Hardware,Devices,29,0,125.93,3651.97,USD,2/10 Net 30,P. Nguyen,Open,Matched,4.8,26,0,False,Research,Asia Pacific,True,365.2,39.23,Scheduled
PO-00191,1,REQ-00191,2026-09-03,2026,2026-09-18,2026-09-13,S001,Apex Components,Hardware,North America,Strategic,P102,Edge Gateway,Hardware,Networking,56,56,265.24,14853.44,USD,2/10 Net 30,K. Wilson,Received,Matched,4.9,15,0,True,Technology,Asia Pacific,True,0.0,161.64,Paid
PO-00192,1,REQ-00192,2023-04-06,2023,2023-04-23,2023-04-26,S005,Meridian Logistics,Logistics,Europe,Strategic,P109,Forecasting Add-on,Software,Analytics,70,70,152.92,10704.4,USD,Net 30,P. Nguyen,Received,Pending,3.1,17,3,False,Sales,North America,True,1070.44,318.31,Paid
PO-00193,1,REQ-00193,2024-07-10,2024,2024-08-15,,S007,Sterling Security Group,Security,North America,Preferred,P106,Integration Services,Services,Consulting,61,13,867.28,52904.08,USD,Net 30,K. Wilson,In Transit,Matched,3.5,36,0,False,Research,North America,False,0.0,345.41,Paid
PO-00194,1,REQ-00194,2023-01-10,2023,2023-02-10,2023-02-10,S003,Pacific Industrial Ltd,Manufacturing,Asia Pacific,Preferred,P103,Secure Access Kit,Hardware,Security,33,33,203.52,6716.16,USD,Net 30,T. Brown,Received,Pending,2.9,31,0,True,Sales,North America,False,671.62,407.56,Scheduled
PO-00195,1,REQ-00195,2025-10-16,2025,2025-10-31,2025-11-03,S008,Cobalt Professional Services,Services,Asia Pacific,Approved,P103,Secure Access Kit,Hardware,Security,11,11,134.7,1481.7,USD,Net 45,P. Nguyen,Received,Matched,4.9,15,3,False,Operations,Asia Pacific,True,118.54,142.07,Paid
PO-00196,1,REQ-00196,2025-12-29,2025,2026-02-06,2026-02-21,S004,Greenline Packaging,Packaging,North America,Approved,P101,Cloud Data Suite,Software,Cloud,48,48,476.09,22852.32,USD,2/10 Net 30,L. Morgan,Received,Not Received,3.4,39,15,False,Technology,Asia Pacific,False,1142.62,212.19,Paid
PO-00197,1,REQ-00197,2023-02-06,2023,2023-02-22,2023-02-22,S005,Meridian Logistics,Logistics,Europe,Strategic,P100,Analytics Platform,Software,Analytics,65,65,671.64,43656.6,USD,Net 60,L. Morgan,Received,Matched,4.9,16,0,True,Operations,Asia Pacific,True,4365.66,372.0,Paid
PO-00198,1,REQ-00198,2025-10-22,2025,2025-11-14,,S008,Cobalt Professional Services,Services,Asia Pacific,Approved,P103,Secure Access Kit,Hardware,Security,30,10,186.12,5583.6,USD,2/10 Net 30,L. Morgan,In Transit,Matched,3.2,23,0,False,Technology,Europe,True,0.0,423.33,Overdue
PO-00199,1,REQ-00199,2026-05-12,2026,2026-05-27,2026-05-27,S002,Nimbus Cloud Supply,Technology,Europe,Preferred,P105,Storage Array,Hardware,Storage,69,69,528.54,36469.26,USD,Net 30,K. Wilson,Received,Matched,3.7,15,0,True,Research,North America,True,3646.93,301.52,Scheduled
PO-00200,1,REQ-00200,2024-12-19,2024,2025-01-08,,S002,Nimbus Cloud Supply,Technology,Europe,Preferred,P102,Edge Gateway,Hardware,Networking,60,0,196.3,11778.0,USD,Net 60,T. Brown,Open,Matched,4.2,20,0,False,Operations,Asia Pacific,False,0.0,241.02,Overdue
PO-00201,1,REQ-00201,2024-03-31,2024,2024-04-11,2024-04-11,S004,Greenline Packaging,Packaging,North America,Approved,P106,Integration Services,Services,Consulting,33,33,767.05,25312.65,USD,2/10 Net 30,K. Wilson,Received,Matched,4.8,11,0,True,Operations,North America,True,2025.01,366.22,Overdue
PO-00202,1,REQ-00202,2025-10-21,2025,2025-11-06,2025-11-06,S003,Pacific Industrial Ltd,Manufacturing,Asia Pacific,Preferred,P100,Analytics Platform,Software,Analytics,27,27,502.74,13573.98,USD,2/10 Net 30,T. Brown,Received,Disputed,3.7,16,0,True,Sales,Asia Pacific,False,0.0,362.77,Scheduled
PO-00203,1,REQ-00203,2024-01-28,2024,2024-03-21,2024-03-24,S008,Cobalt Professional Services,Services,Asia Pacific,Approved,P104,Insight Pro License,Software,Licenses,8,8,85.28,682.24,USD,Net 30,L. Morgan,Received,Matched,4.8,53,3,False,Operations,Asia Pacific,False,0.0,317.95,Paid
PO-00204,1,REQ-00204,2025-11-13,2025,2025-12-05,,S002,Nimbus Cloud Supply,Technology,Europe,Preferred,P107,Support Renewal,Services,Support,35,29,239.02,8365.7,USD,Net 60,L. Morgan,In Transit,Pending,2.9,22,0,False,Technology,Europe,True,0.0,10.03,Paid
PO-00205,1,REQ-00205,2024-06-25,2024,2024-07-25,2024-07-20,S006,Vertex Office Goods,Office Supplies,Latin America,Approved,P103,Secure Access Kit,Hardware,Security,34,34,199.66,6788.44,USD,2/10 Net 30,K. Wilson,Received,Matched,3.2,30,0,True,Research,Europe,True,543.08,136.85,Paid
PO-00206,1,REQ-00206,2024-03-04,2024,2024-04-11,2024-04-26,S006,Vertex Office Goods,Office Supplies,Latin America,Approved,P105,Storage Array,Hardware,Storage,61,61,869.57,53043.77,USD,Net 30,D. Singh,Closed,Matched,2.9,38,15,False,Research,North America,True,5304.38,32.58,Paid
PO-00207,1,REQ-00207,2025-07-12,2025,2025-08-01,,S003,Pacific Industrial Ltd,Manufacturing,Asia Pacific,Preferred,P107,Support Renewal,Services,Support,25,0,152.19,3804.75,USD,Net 30,P. Nguyen,Open,Pending,3.5,20,0,False,Technology,Europe,False,190.24,131.73,Paid
PO-00208,1,REQ-00208,2023-01-08,2023,2023-01-24,2023-01-19,S003,Pacific Industrial Ltd,Manufacturing,Asia Pacific,Preferred,P105,Storage Array,Hardware,Storage,38,38,635.17,24136.46,USD,Net 60,D. Singh,Closed,Matched,4.0,16,0,True,Sales,Europe,True,1206.82,185.34,Paid
PO-00209,1,REQ-00209,2025-11-24,2025,2025-12-08,,S005,Meridian Logistics,Logistics,Europe,Strategic,P101,Cloud Data Suite,Software,Cloud,53,36,461.42,24455.26,USD,2/10 Net 30,D. Singh,In Transit,Pending,3.6,14,0,False,Technology,Europe,False,0.0,294.15,Paid
PO-00210,1,REQ-00210,2025-11-05,2025,2025-11-23,,S007,Sterling Security Group,Security,North America,Preferred,P105,Storage Array,Hardware,Storage,23,3,738.1,16976.3,USD,Net 45,P. Nguyen,In Transit,Matched,4.9,18,0,False,Facilities,North America,True,1697.63,443.5,Paid
PO-00211,1,REQ-00211,2024-02-20,2024,2024-03-07,,S007,Sterling Security Group,Security,North America,Preferred,P106,Integration Services,Services,Consulting,33,0,876.07,28910.31,USD,Net 60,T. Brown,Cancelled,Pending,3.1,16,0,False,Facilities,Europe,False,0.0,239.01,Paid
PO-00212,1,REQ-00212,2025-02-05,2025,2025-03-06,,S007,Sterling Security Group,Security,North America,Preferred,P106,Integration Services,Services,Consulting,45,11,826.89,37210.05,USD,2/10 Net 30,K. Wilson,In Transit,Not Received,4.6,29,0,False,Operations,North America,True,0.0,269.4,Paid
PO-00213,1,REQ-00213,2023-01-23,2023,2023-02-18,2023-02-21,S007,Sterling Security Group,Security,North America,Preferred,P104,Insight Pro License,Software,Licenses,29,29,72.13,2091.77,USD,Net 30,P. Nguyen,Received,Not Received,3.6,26,3,False,Research,North America,False,167.34,413.53,Scheduled
PO-00214,1,REQ-00214,2026-02-07,2026,2026-02-25,2026-02-28,S006,Vertex Office Goods,Office Supplies,Latin America,Approved,P108,Mobile Scanner,Hardware,Devices,9,9,84.84,763.56,USD,Net 60,K. Wilson,Received,Pending,3.9,18,3,False,Operations,North America,True,61.08,290.93,Scheduled
PO-00215,1,REQ-00215,2023-09-22,2023,2023-10-19,2023-10-22,S006,Vertex Office Goods,Office Supplies,Latin America,Approved,P101,Cloud Data Suite,Software,Cloud,24,24,319.45,7666.8,USD,Net 45,L. Morgan,Received,Matched,4.2,27,3,False,Operations,Asia Pacific,False,613.34,28.64,Paid
PO-00216,1,REQ-00216,2024-09-02,2024,2024-09-21,2024-09-21,S007,Sterling Security Group,Security,North America,Preferred,P101,Cloud Data Suite,Software,Cloud,68,68,438.26,29801.68,USD,Net 60,K. Wilson,Received,Matched,3.4,19,0,True,Operations,Europe,True,0.0,442.39,Scheduled
PO-00217,1,REQ-00217,2025-06-01,2025,2025-06-16,2025-06-19,S005,Meridian Logistics,Logistics,Europe,Strategic,P100,Analytics Platform,Software,Analytics,34,34,422.45,14363.3,USD,Net 30,D. Singh,Received,Disputed,3.1,15,3,False,Research,Europe,False,718.16,13.15,Paid
PO-00218,1,REQ-00218,2023-04-29,2023,2023-05-22,,S001,Apex Components,Hardware,North America,Strategic,P102,Edge Gateway,Hardware,Networking,18,11,163.25,2938.5,USD,2/10 Net 30,T. Brown,In Transit,Pending,3.1,23,0,False,Technology,Asia Pacific,True,235.08,301.86,Paid
PO-00219,1,REQ-00219,2024-02-03,2024,2024-02-24,,S003,Pacific Industrial Ltd,Manufacturing,Asia Pacific,Preferred,P100,Analytics Platform,Software,Analytics,14,8,476.37,6669.18,USD,2/10 Net 30,D. Singh,In Transit,Matched,3.6,21,0,False,Facilities,Asia Pacific,False,0.0,52.25,Paid
PO-00220,1,REQ-00220,2026-07-08,2026,2026-07-22,2026-07-25,S007,Sterling Security Group,Security,North America,Preferred,P103,Secure Access Kit,Hardware,Security,12,12,199.59,2395.08,USD,Net 30,P. Nguyen,Received,Matched,5.0,14,3,False,Operations,Europe,True,239.51,360.98,Overdue
PO-00221,1,REQ-00221,2023-03-07,2023,2023-03-25,2023-03-25,S005,Meridian Logistics,Logistics,Europe,Strategic,P109,Forecasting Add-on,Software,Analytics,16,16,217.36,3477.76,USD,Net 60,K. Wilson,Received,Disputed,3.7,18,0,True,Operations,North America,True,173.89,112.28,Overdue
PO-00222,1,REQ-00222,2023-07-04,2023,2023-07-26,,S005,Meridian Logistics,Logistics,Europe,Strategic,P100,Analytics Platform,Software,Analytics,13,12,547.46,7116.98,USD,Net 30,P. Nguyen,In Transit,Matched,4.3,22,0,False,Technology,Europe,True,0.0,107.13,Paid
PO-00223,1,REQ-00223,2025-08-21,2025,2025-08-29,2025-09-13,S008,Cobalt Professional Services,Services,Asia Pacific,Approved,P109,Forecasting Add-on,Software,Analytics,32,32,189.08,6050.56,USD,Net 60,L. Morgan,Received,Matched,2.8,8,15,False,Sales,North America,True,0.0,58.42,Paid
PO-00224,1,REQ-00224,2026-06-16,2026,2026-06-30,,S003,Pacific Industrial Ltd,Manufacturing,Asia Pacific,Preferred,P100,Analytics Platform,Software,Analytics,55,0,583.59,32097.45,USD,Net 45,D. Singh,Open,Pending,4.9,14,0,False,Research,North America,False,0.0,174.82,Paid
PO-00225,1,REQ-00225,2023-12-28,2023,2024-01-30,2024-02-02,S005,Meridian Logistics,Logistics,Europe,Strategic,P100,Analytics Platform,Software,Analytics,33,33,553.75,18273.75,USD,2/10 Net 30,D. Singh,Closed,Pending,3.3,33,3,False,Facilities,North America,True,0.0,169.25,Scheduled
PO-00226,1,REQ-00226,2026-06-28,2026,2026-07-13,2026-07-28,S003,Pacific Industrial Ltd,Manufacturing,Asia Pacific,Preferred,P102,Edge Gateway,Hardware,Networking,36,36,243.8,8776.8,USD,2/10 Net 30,K. Wilson,Received,Not Received,3.9,15,15,False,Technology,Asia Pacific,False,438.84,68.61,Scheduled
PO-00227,1,REQ-00227,2025-12-30,2025,2026-02-08,2026-02-08,S004,Greenline Packaging,Packaging,North America,Approved,P105,Storage Array,Hardware,Storage,68,68,731.96,49773.28,USD,Net 60,P. Nguyen,Received,Pending,2.8,40,0,True,Technology,Europe,True,3981.86,410.62,Overdue
PO-00228,1,REQ-00228,2025-12-27,2025,2026-01-19,2026-01-19,S008,Cobalt Professional Services,Services,Asia Pacific,Approved,P101,Cloud Data Suite,Software,Cloud,7,7,286.45,2005.15,USD,Net 60,D. Singh,Received,Disputed,3.3,23,0,True,Research,Asia Pacific,True,0.0,175.21,Scheduled
PO-00229,1,REQ-00229,2023-12-18,2023,2024-01-12,,S001,Apex Components,Hardware,North America,Strategic,P104,Insight Pro License,Software,Licenses,5,0,73.61,368.05,USD,Net 45,T. Brown,Open,Not Received,3.0,25,0,False,Operations,Asia Pacific,False,18.4,82.23,Paid
PO-00230,1,REQ-00230,2025-11-11,2025,2025-12-21,2025-12-21,S005,Meridian Logistics,Logistics,Europe,Strategic,P103,Secure Access Kit,Hardware,Security,68,68,156.35,10631.8,USD,Net 60,T. Brown,Received,Matched,4.8,40,0,True,Sales,Asia Pacific,False,0.0,17.62,Paid
PO-00231,1,REQ-00231,2024-12-22,2024,2025-01-09,2025-01-09,S001,Apex Components,Hardware,North America,Strategic,P103,Secure Access Kit,Hardware,Security,61,61,198.81,12127.41,USD,Net 60,D. Singh,Received,Pending,4.5,18,0,True,Sales,Asia Pacific,True,1212.74,143.54,Scheduled
PO-00232,1,REQ-00232,2025-09-01,2025,2025-09-29,2025-09-29,S005,Meridian Logistics,Logistics,Europe,Strategic,P100,Analytics Platform,Software,Analytics,57,57,517.92,29521.44,USD,Net 60,D. Singh,Received,Not Received,4.2,28,0,True,Facilities,North America,False,2952.14,149.47,Paid
PO-00233,1,REQ-00233,2025-02-24,2025,2025-03-26,,S004,Greenline Packaging,Packaging,North America,Approved,P105,Storage Array,Hardware,Storage,55,40,563.21,30976.55,USD,Net 30,L. Morgan,In Transit,Matched,2.8,30,0,False,Technology,North America,True,3097.66,118.9,Overdue
PO-00234,1,REQ-00234,2026-07-24,2026,2026-08-26,2026-08-26,S001,Apex Components,Hardware,North America,Strategic,P106,Integration Services,Services,Consulting,53,53,1046.24,55450.72,USD,Net 45,P. Nguyen,Received,Disputed,3.4,33,0,True,Technology,Europe,True,2772.54,414.61,Paid
PO-00235,1,REQ-00235,2025-10-08,2025,2025-11-20,,S002,Nimbus Cloud Supply,Technology,Europe,Preferred,P109,Forecasting Add-on,Software,Analytics,19,0,129.89,2467.91,USD,Net 30,L. Morgan,Open,Matched,3.4,43,0,False,Technology,Asia Pacific,True,197.43,76.33,Paid
PO-00236,1,REQ-00236,2026-06-23,2026,2026-07-17,2026-07-17,S005,Meridian Logistics,Logistics,Europe,Strategic,P102,Edge Gateway,Hardware,Networking,22,22,209.32,4605.04,USD,Net 30,P. Nguyen,Received,Matched,4.3,24,0,True,Research,North America,True,460.5,153.95,Paid
PO-00237,1,REQ-00237,2026-06-12,2026,2026-07-01,2026-07-16,S001,Apex Components,Hardware,North America,Strategic,P108,Mobile Scanner,Hardware,Devices,43,43,105.15,4521.45,USD,Net 60,T. Brown,Received,Pending,3.0,19,15,False,Sales,Europe,False,0.0,390.97,Paid
PO-00238,1,REQ-00238,2025-04-23,2025,2025-05-13,,S005,Meridian Logistics,Logistics,Europe,Strategic,P109,Forecasting Add-on,Software,Analytics,28,9,216.76,6069.28,USD,Net 45,T. Brown,In Transit,Not Received,3.6,20,0,False,Facilities,North America,False,606.93,157.36,Scheduled
PO-00239,1,REQ-00239,2023-12-02,2023,2023-12-22,2023-12-30,S007,Sterling Security Group,Security,North America,Preferred,P107,Support Renewal,Services,Support,41,41,252.25,10342.25,USD,Net 30,T. Brown,Received,Matched,4.1,20,8,False,Technology,Europe,True,827.38,193.54,Paid
PO-00240,1,REQ-00240,2026-08-15,2026,2026-09-03,2026-09-11,S001,Apex Components,Hardware,North America,Strategic,P107,Support Renewal,Services,Support,41,41,200.72,8229.52,USD,Net 30,D. Singh,Received,Matched,3.1,19,8,False,Operations,Europe,False,658.36,449.31,Scheduled
PO-00241,1,REQ-00241,2025-09-06,2025,2025-09-26,2025-09-26,S002,Nimbus Cloud Supply,Technology,Europe,Preferred,P106,Integration Services,Services,Consulting,43,43,762.8,32800.4,USD,2/10 Net 30,L. Morgan,Closed,Not Received,3.5,20,0,True,Operations,Asia Pacific,False,2624.03,54.78,Scheduled
PO-00242,1,REQ-00242,2023-05-24,2023,2023-07-02,,S007,Sterling Security Group,Security,North America,Preferred,P100,Analytics Platform,Software,Analytics,55,0,569.92,31345.6,USD,Net 60,T. Brown,Open,Not Received,3.8,39,0,False,Technology,Asia Pacific,True,3134.56,178.51,Paid
PO-00243,1,REQ-00243,2025-10-05,2025,2025-10-17,2025-10-17,S002,Nimbus Cloud Supply,Technology,Europe,Preferred,P106,Integration Services,Services,Consulting,60,60,1020.89,61253.4,USD,Net 60,T. Brown,Received,Pending,4.0,12,0,True,Operations,Europe,True,3062.67,146.14,Paid
PO-00244,1,REQ-00244,2025-06-27,2025,2025-07-21,2025-08-05,S003,Pacific Industrial Ltd,Manufacturing,Asia Pacific,Preferred,P106,Integration Services,Services,Consulting,24,24,957.54,22980.96,USD,2/10 Net 30,L. Morgan,Received,Matched,3.0,24,15,False,Sales,Europe,True,1149.05,416.46,Paid
PO-00245,1,REQ-00245,2023-10-29,2023,2023-11-25,,S007,Sterling Security Group,Security,North America,Preferred,P105,Storage Array,Hardware,Storage,53,51,624.51,33099.03,USD,Net 45,L. Morgan,In Transit,Matched,4.8,27,0,False,Operations,Europe,True,0.0,152.53,Paid
PO-00246,1,REQ-00246,2025-11-17,2025,2025-12-10,2025-12-10,S003,Pacific Industrial Ltd,Manufacturing,Asia Pacific,Preferred,P101,Cloud Data Suite,Software,Cloud,7,7,392.03,2744.21,USD,Net 60,P. Nguyen,Received,Disputed,3.4,23,0,True,Sales,Europe,True,137.21,20.82,Paid
PO-00247,1,REQ-00247,2026-01-09,2026,2026-02-10,2026-02-18,S008,Cobalt Professional Services,Services,Asia Pacific,Approved,P107,Support Renewal,Services,Support,15,15,208.37,3125.55,USD,2/10 Net 30,L. Morgan,Received,Not Received,4.5,32,8,False,Operations,Asia Pacific,False,156.28,279.03,Paid
PO-00248,1,REQ-00248,2026-05-12,2026,2026-06-01,,S006,Vertex Office Goods,Office Supplies,Latin America,Approved,P100,Analytics Platform,Software,Analytics,35,0,615.38,21538.3,USD,Net 30,T. Brown,Open,Pending,3.1,20,0,False,Sales,North America,True,2153.83,125.81,Paid
PO-00249,1,REQ-00249,2026-06-04,2026,2026-07-03,2026-07-03,S006,Vertex Office Goods,Office Supplies,Latin America,Approved,P107,Support Renewal,Services,Support,27,27,241.44,6518.88,USD,Net 45,L. Morgan,Received,Matched,3.2,29,0,True,Facilities,Asia Pacific,True,325.94,215.59,Paid
PO-00250,1,REQ-00250,2025-12-18,2025,2026-01-27,,S008,Cobalt Professional Services,Services,Asia Pacific,Approved,P100,Analytics Platform,Software,Analytics,9,3,430.75,3876.75,USD,Net 60,P. Nguyen,In Transit,Pending,4.2,40,0,False,Research,Europe,True,387.68,236.06,Paid
PO-00251,1,REQ-00251,2026-02-18,2026,2026-03-17,,S004,Greenline Packaging,Packaging,North America,Approved,P102,Edge Gateway,Hardware,Networking,23,0,253.48,5830.04,USD,2/10 Net 30,K. Wilson,Cancelled,Matched,4.4,27,0,False,Operations,North America,False,466.4,108.05,Scheduled
PO-00252,1,REQ-00252,2023-11-15,2023,2023-12-12,2023-12-07,S007,Sterling Security Group,Security,North America,Preferred,P101,Cloud Data Suite,Software,Cloud,54,54,307.42,16600.68,USD,Net 45,K. Wilson,Received,Matched,3.2,27,0,True,Sales,North America,False,1660.07,308.77,Paid
PO-00253,1,REQ-00253,2024-01-15,2024,2024-02-10,,S004,Greenline Packaging,Packaging,North America,Approved,P102,Edge Gateway,Hardware,Networking,21,5,227.44,4776.24,USD,Net 45,T. Brown,In Transit,Matched,4.6,26,0,False,Operations,North America,True,0.0,415.47,Paid
PO-00254,1,REQ-00254,2025-11-14,2025,2025-12-12,2025-12-15,S005,Meridian Logistics,Logistics,Europe,Strategic,P102,Edge Gateway,Hardware,Networking,62,62,252.97,15684.14,USD,2/10 Net 30,L. Morgan,Received,Matched,2.9,28,3,False,Facilities,North America,True,1568.41,435.36,Paid
PO-00255,1,REQ-00255,2024-09-10,2024,2024-09-21,2024-09-24,S003,Pacific Industrial Ltd,Manufacturing,Asia Pacific,Preferred,P105,Storage Array,Hardware,Storage,23,23,699.82,16095.86,USD,2/10 Net 30,P. Nguyen,Received,Matched,3.4,11,3,False,Facilities,North America,False,1287.67,201.63,Scheduled
PO-00256,1,REQ-00256,2026-02-20,2026,2026-03-02,,S001,Apex Components,Hardware,North America,Strategic,P109,Forecasting Add-on,Software,Analytics,67,32,183.75,12311.25,USD,Net 60,D. Singh,In Transit,Not Received,4.7,10,0,False,Technology,Asia Pacific,True,1231.12,267.08,Paid
PO-00257,1,REQ-00257,2025-01-24,2025,2025-02-09,2025-02-17,S008,Cobalt Professional Services,Services,Asia Pacific,Approved,P101,Cloud Data Suite,Software,Cloud,46,46,402.88,18532.48,USD,Net 45,P. Nguyen,Closed,Matched,3.4,16,8,False,Sales,Europe,True,1482.6,56.14,Scheduled
PO-00258,1,REQ-00258,2023-06-15,2023,2023-07-26,,S008,Cobalt Professional Services,Services,Asia Pacific,Approved,P105,Storage Array,Hardware,Storage,30,7,562.83,16884.9,USD,Net 60,P. Nguyen,In Transit,Matched,3.0,41,0,False,Facilities,Asia Pacific,False,844.25,14.72,Overdue
PO-00259,1,REQ-00259,2025-12-24,2025,2026-01-30,2026-02-02,S001,Apex Components,Hardware,North America,Strategic,P108,Mobile Scanner,Hardware,Devices,59,59,139.72,8243.48,USD,Net 60,K. Wilson,Closed,Matched,4.1,37,3,False,Technology,Asia Pacific,True,659.48,384.87,Scheduled
PO-00260,1,REQ-00260,2024-01-24,2024,2024-02-16,2024-02-16,S001,Apex Components,Hardware,North America,Strategic,P104,Insight Pro License,Software,Licenses,50,50,98.05,4902.5,USD,Net 30,D. Singh,Received,Matched,4.9,23,0,True,Technology,Asia Pacific,True,0.0,247.87,Scheduled
PO-00261,1,REQ-00261,2025-05-21,2025,2025-06-05,2025-06-05,S002,Nimbus Cloud Supply,Technology,Europe,Preferred,P107,Support Renewal,Services,Support,15,15,229.76,3446.4,USD,2/10 Net 30,L. Morgan,Received,Pending,4.8,15,0,True,Technology,Europe,True,172.32,290.1,Paid
PO-00262,1,REQ-00262,2023-08-09,2023,2023-09-10,2023-09-25,S006,Vertex Office Goods,Office Supplies,Latin America,Approved,P108,Mobile Scanner,Hardware,Devices,54,54,84.0,4536.0,USD,2/10 Net 30,D. Singh,Received,Not Received,4.1,32,15,False,Research,North America,True,0.0,57.96,Paid
PO-00263,1,REQ-00263,2026-05-19,2026,2026-06-22,2026-06-25,S006,Vertex Office Goods,Office Supplies,Latin America,Approved,P101,Cloud Data Suite,Software,Cloud,46,46,325.25,14961.5,USD,Net 30,K. Wilson,Received,Matched,3.6,34,3,False,Technology,North America,False,1496.15,282.06,Scheduled
PO-00264,1,REQ-00264,2024-11-15,2024,2024-11-30,2024-11-25,S006,Vertex Office Goods,Office Supplies,Latin America,Approved,P100,Analytics Platform,Software,Analytics,65,65,529.79,34436.35,USD,2/10 Net 30,D. Singh,Received,Matched,3.9,15,0,True,Technology,North America,True,3443.64,431.15,Overdue
PO-00265,1,REQ-00265,2025-02-05,2025,2025-03-01,2025-03-01,S007,Sterling Security Group,Security,North America,Preferred,P101,Cloud Data Suite,Software,Cloud,12,12,444.55,5334.6,USD,2/10 Net 30,T. Brown,Received,Pending,4.6,24,0,True,Facilities,Europe,False,533.46,275.41,Scheduled
PO-00266,1,REQ-00266,2025-03-08,2025,2025-04-05,2025-04-08,S002,Nimbus Cloud Supply,Technology,Europe,Preferred,P104,Insight Pro License,Software,Licenses,17,17,98.61,1676.37,USD,Net 45,P. Nguyen,Received,Matched,3.2,28,3,False,Sales,North America,True,83.82,198.78,Scheduled
PO-00267,1,REQ-00267,2024-12-09,2024,2024-12-27,2024-12-30,S002,Nimbus Cloud Supply,Technology,Europe,Preferred,P104,Insight Pro License,Software,Licenses,56,56,109.48,6130.88,USD,Net 30,T. Brown,Closed,Matched,4.7,18,3,False,Research,North America,True,490.47,199.27,Paid
PO-00268,1,REQ-00268,2023-11-23,2023,2023-12-07,2023-12-02,S003,Pacific Industrial Ltd,Manufacturing,Asia Pacific,Preferred,P106,Integration Services,Services,Consulting,13,13,648.88,8435.44,USD,Net 30,T. Brown,Received,Matched,2.8,14,0,True,Facilities,Asia Pacific,False,674.84,60.85,Paid
PO-00269,1,REQ-00269,2024-11-16,2024,2024-12-12,2024-12-07,S004,Greenline Packaging,Packaging,North America,Approved,P104,Insight Pro License,Software,Licenses,48,48,107.35,5152.8,USD,Net 30,K. Wilson,Received,Not Received,4.9,26,0,True,Facilities,Asia Pacific,True,515.28,207.29,Scheduled
PO-00270,1,REQ-00270,2026-09-13,2026,2026-10-02,,S004,Greenline Packaging,Packaging,North America,Approved,P103,Secure Access Kit,Hardware,Security,33,0,132.05,4357.65,USD,Net 30,T. Brown,Open,Matched,4.4,19,0,False,Facilities,Asia Pacific,True,0.0,433.5,Scheduled
PO-00271,1,REQ-00271,2023-12-25,2023,2023-12-30,2023-12-25,S006,Vertex Office Goods,Office Supplies,Latin America,Approved,P105,Storage Array,Hardware,Storage,62,62,719.9,44633.8,USD,Net 45,D. Singh,Received,Matched,4.7,5,0,True,Sales,North America,True,0.0,255.75,Overdue
PO-00272,1,REQ-00272,2024-04-12,2024,2024-04-23,,S008,Cobalt Professional Services,Services,Asia Pacific,Approved,P109,Forecasting Add-on,Software,Analytics,57,0,147.59,8412.63,USD,Net 45,L. Morgan,Open,Matched,4.4,11,0,False,Operations,Asia Pacific,False,0.0,79.33,Paid
PO-00273,1,REQ-00273,2023-10-03,2023,2023-10-29,2023-10-29,S003,Pacific Industrial Ltd,Manufacturing,Asia Pacific,Preferred,P105,Storage Array,Hardware,Storage,52,52,734.73,38205.96,USD,2/10 Net 30,T. Brown,Received,Disputed,3.3,26,0,True,Sales,Asia Pacific,True,0.0,128.2,Paid
PO-00274,1,REQ-00274,2024-01-25,2024,2024-02-25,2024-02-25,S006,Vertex Office Goods,Office Supplies,Latin America,Approved,P105,Storage Array,Hardware,Storage,41,41,726.9,29802.9,USD,Net 60,D. Singh,Received,Matched,4.4,31,0,True,Sales,North America,False,2980.29,96.51,Paid
PO-00275,1,REQ-00275,2023-02-07,2023,2023-03-04,,S001,Apex Components,Hardware,North America,Strategic,P101,Cloud Data Suite,Software,Cloud,70,52,346.6,24262.0,USD,2/10 Net 30,P. Nguyen,In Transit,Matched,4.6,25,0,False,Operations,Asia Pacific,False,2426.2,444.08,Paid
PO-00276,1,REQ-00276,2026-06-06,2026,2026-06-30,,S007,Sterling Security Group,Security,North America,Preferred,P107,Support Renewal,Services,Support,49,0,194.87,9548.63,USD,2/10 Net 30,K. Wilson,Cancelled,Pending,4.4,24,0,False,Sales,Europe,True,954.86,253.74,Paid
PO-00277,1,REQ-00277,2026-09-15,2026,2026-10-11,2026-10-14,S007,Sterling Security Group,Security,North America,Preferred,P103,Secure Access Kit,Hardware,Security,5,5,117.79,588.95,USD,Net 45,L. Morgan,Received,Pending,4.3,26,3,False,Research,Asia Pacific,True,47.12,448.61,Scheduled
PO-00278,1,REQ-00278,2023-12-13,2023,2023-12-28,,S007,Sterling Security Group,Security,North America,Preferred,P104,Insight Pro License,Software,Licenses,42,24,90.56,3803.52,USD,Net 60,D. Singh,In Transit,Pending,3.7,15,0,False,Operations,Europe,False,304.28,399.76,Paid
PO-00279,1,REQ-00279,2023-06-12,2023,2023-07-09,2023-07-09,S003,Pacific Industrial Ltd,Manufacturing,Asia Pacific,Preferred,P105,Storage Array,Hardware,Storage,19,19,743.8,14132.2,USD,2/10 Net 30,D. Singh,Received,Matched,4.8,27,0,True,Sales,North America,False,0.0,233.96,Paid
PO-00280,1,REQ-00280,2023-03-18,2023,2023-04-02,,S007,Sterling Security Group,Security,North America,Preferred,P103,Secure Access Kit,Hardware,Security,38,0,199.04,7563.52,USD,Net 45,K. Wilson,Open,Pending,4.3,15,0,False,Technology,Asia Pacific,True,0.0,228.6,Scheduled
PO-00281,1,REQ-00281,2025-03-25,2025,2025-04-28,2025-05-06,S002,Nimbus Cloud Supply,Technology,Europe,Preferred,P106,Integration Services,Services,Consulting,57,57,602.54,34344.78,USD,Net 60,D. Singh,Closed,Matched,3.2,34,8,False,Facilities,Europe,True,3434.48,295.25,Paid
PO-00282,1,REQ-00282,2024-09-12,2024,2024-09-18,,S004,Greenline Packaging,Packaging,North America,Approved,P105,Storage Array,Hardware,Storage,21,3,764.38,16051.98,USD,Net 45,T. Brown,In Transit,Pending,4.5,6,0,False,Research,Europe,True,802.6,255.65,Paid
PO-00283,1,REQ-00283,2024-05-27,2024,2024-06-20,,S005,Meridian Logistics,Logistics,Europe,Strategic,P103,Secure Access Kit,Hardware,Security,44,0,155.04,6821.76,USD,2/10 Net 30,D. Singh,Cancelled,Pending,3.6,24,0,False,Research,Asia Pacific,True,545.74,162.18,Paid
PO-00284,1,REQ-00284,2025-01-01,2025,2025-01-30,,S004,Greenline Packaging,Packaging,North America,Approved,P109,Forecasting Add-on,Software,Analytics,42,0,206.65,8679.3,USD,Net 30,T. Brown,Open,Not Received,4.9,29,0,False,Research,Europe,True,867.93,268.18,Paid
PO-00285,1,REQ-00285,2023-07-26,2023,2023-08-21,2023-08-21,S001,Apex Components,Hardware,North America,Strategic,P108,Mobile Scanner,Hardware,Devices,6,6,101.66,609.96,USD,Net 45,L. Morgan,Received,Pending,4.2,26,0,True,Operations,Asia Pacific,True,0.0,370.37,Paid
PO-00286,1,REQ-00286,2026-09-24,2026,2026-10-20,,S005,Meridian Logistics,Logistics,Europe,Strategic,P101,Cloud Data Suite,Software,Cloud,24,0,364.06,8737.44,USD,Net 30,K. Wilson,Open,Matched,2.9,26,0,False,Research,Europe,True,873.74,45.08,Paid
PO-00287,1,REQ-00287,2025-07-06,2025,2025-08-11,,S004,Greenline Packaging,Packaging,North America,Approved,P109,Forecasting Add-on,Software,Analytics,10,0,200.89,2008.9,USD,Net 45,T. Brown,Open,Pending,3.8,36,0,False,Technology,Europe,False,200.89,69.9,Paid
PO-00288,1,REQ-00288,2024-06-07,2024,2024-07-17,2024-07-20,S008,Cobalt Professional Services,Services,Asia Pacific,Approved,P106,Integration Services,Services,Consulting,43,43,897.27,38582.61,USD,2/10 Net 30,L. Morgan,Received,Matched,4.1,40,3,False,Facilities,Europe,True,3086.61,342.84,Scheduled
PO-00289,1,REQ-00289,2024-01-28,2024,2024-02-12,2024-02-12,S001,Apex Components,Hardware,North America,Strategic,P105,Storage Array,Hardware,Storage,49,49,772.93,37873.57,USD,Net 45,L. Morgan,Closed,Not Received,4.4,15,0,True,Facilities,Asia Pacific,True,3787.36,243.86,Overdue
PO-00290,1,REQ-00290,2025-10-28,2025,2025-11-11,,S006,Vertex Office Goods,Office Supplies,Latin America,Approved,P103,Secure Access Kit,Hardware,Security,61,0,193.91,11828.51,USD,2/10 Net 30,T. Brown,Cancelled,Pending,4.1,14,0,False,Sales,North America,False,1182.85,13.27,Paid
PO-00291,1,REQ-00291,2025-01-11,2025,2025-01-30,2025-01-25,S001,Apex Components,Hardware,North America,Strategic,P101,Cloud Data Suite,Software,Cloud,23,23,417.22,9596.06,USD,2/10 Net 30,D. Singh,Received,Matched,4.5,19,0,True,Technology,Asia Pacific,True,767.68,6.64,Paid
PO-00292,1,REQ-00292,2025-10-26,2025,2025-11-20,2025-11-20,S006,Vertex Office Goods,Office Supplies,Latin America,Approved,P105,Storage Array,Hardware,Storage,9,9,821.81,7396.29,USD,Net 45,T. Brown,Received,Pending,4.5,25,0,True,Technology,Europe,True,0.0,111.74,Paid
PO-00293,1,REQ-00293,2023-06-19,2023,2023-07-24,2023-07-19,S004,Greenline Packaging,Packaging,North America,Approved,P102,Edge Gateway,Hardware,Networking,29,29,284.43,8248.47,USD,Net 45,D. Singh,Received,Matched,4.2,35,0,True,Technology,North America,True,824.85,379.74,Paid
PO-00294,1,REQ-00294,2025-08-22,2025,2025-09-19,2025-09-14,S005,Meridian Logistics,Logistics,Europe,Strategic,P106,Integration Services,Services,Consulting,34,34,1003.66,34124.44,USD,Net 60,T. Brown,Received,Not Received,4.8,28,0,True,Operations,Europe,True,1706.22,4.14,Paid
PO-00295,1,REQ-00295,2024-12-10,2024,2025-01-04,2025-01-07,S003,Pacific Industrial Ltd,Manufacturing,Asia Pacific,Preferred,P101,Cloud Data Suite,Software,Cloud,13,13,445.85,5796.05,USD,Net 30,T. Brown,Received,Not Received,3.7,25,3,False,Research,Asia Pacific,True,463.68,259.12,Paid
PO-00296,1,REQ-00296,2026-09-10,2026,2026-10-01,2026-10-09,S008,Cobalt Professional Services,Services,Asia Pacific,Approved,P100,Analytics Platform,Software,Analytics,8,8,638.94,5111.52,USD,Net 60,K. Wilson,Received,Not Received,4.9,21,8,False,Research,Europe,True,0.0,229.28,Paid
PO-00297,1,REQ-00297,2024-09-16,2024,2024-10-04,2024-10-12,S001,Apex Components,Hardware,North America,Strategic,P102,Edge Gateway,Hardware,Networking,43,43,163.46,7028.78,USD,2/10 Net 30,K. Wilson,Received,Matched,3.6,18,8,False,Research,Asia Pacific,False,351.44,200.29,Paid
PO-00298,1,REQ-00298,2025-09-05,2025,2025-09-29,,S004,Greenline Packaging,Packaging,North America,Approved,P106,Integration Services,Services,Consulting,66,0,975.88,64408.08,USD,Net 30,L. Morgan,Open,Matched,3.1,24,0,False,Operations,Asia Pacific,False,5152.65,232.09,Paid
PO-00299,1,REQ-00299,2025-03-16,2025,2025-04-01,,S005,Meridian Logistics,Logistics,Europe,Strategic,P105,Storage Array,Hardware,Storage,21,0,725.64,15238.44,USD,2/10 Net 30,K. Wilson,Open,Matched,3.3,16,0,False,Sales,North America,False,1523.84,289.53,Paid
PO-00300,1,REQ-00300,2024-06-03,2024,2024-07-10,2024-07-13,S008,Cobalt Professional Services,Services,Asia Pacific,Approved,P107,Support Renewal,Services,Support,10,10,222.64,2226.4,USD,Net 60,D. Singh,Received,Matched,5.0,37,3,False,Operations,North America,True,222.64,24.61,Scheduled
PO-00301,1,REQ-00301,2023-07-25,2023,2023-08-27,2023-08-27,S004,Greenline Packaging,Packaging,North America,Approved,P101,Cloud Data Suite,Software,Cloud,49,49,283.95,13913.55,USD,Net 45,L. Morgan,Received,Matched,4.0,33,0,True,Research,North America,True,695.68,48.84,Scheduled
PO-00302,1,REQ-00302,2026-06-25,2026,2026-07-27,2026-07-27,S005,Meridian Logistics,Logistics,Europe,Strategic,P103,Secure Access Kit,Hardware,Security,56,56,153.86,8616.16,USD,2/10 Net 30,L. Morgan,Received,Matched,2.8,32,0,True,Facilities,North America,True,861.62,9.09,Paid
PO-00303,1,REQ-00303,2026-07-24,2026,2026-08-08,2026-08-03,S005,Meridian Logistics,Logistics,Europe,Strategic,P109,Forecasting Add-on,Software,Analytics,17,17,198.43,3373.31,USD,Net 45,P. Nguyen,Received,Pending,3.5,15,0,True,Research,Asia Pacific,True,0.0,141.82,Scheduled
PO-00304,1,REQ-00304,2023-09-12,2023,2023-10-15,2023-10-23,S007,Sterling Security Group,Security,North America,Preferred,P109,Forecasting Add-on,Software,Analytics,68,68,178.0,12104.0,USD,2/10 Net 30,D. Singh,Received,Matched,4.6,33,8,False,Technology,North America,True,605.2,394.23,Scheduled
PO-00305,1,REQ-00305,2026-08-21,2026,2026-09-17,,S002,Nimbus Cloud Supply,Technology,Europe,Preferred,P105,Storage Array,Hardware,Storage,38,2,856.43,32544.34,USD,2/10 Net 30,D. Singh,In Transit,Matched,3.8,27,0,False,Research,Europe,True,1627.22,395.74,Overdue
PO-00306,1,REQ-00306,2024-05-31,2024,2024-06-23,,S007,Sterling Security Group,Security,North America,Preferred,P109,Forecasting Add-on,Software,Analytics,23,21,143.63,3303.49,USD,Net 60,D. Singh,In Transit,Pending,4.3,23,0,False,Facilities,North America,True,264.28,412.46,Paid
PO-00307,1,REQ-00307,2026-03-31,2026,2026-05-13,,S008,Cobalt Professional Services,Services,Asia Pacific,Approved,P104,Insight Pro License,Software,Licenses,22,5,89.41,1967.02,USD,Net 30,K. Wilson,In Transit,Matched,2.9,43,0,False,Operations,Europe,True,98.35,364.26,Paid
PO-00308,1,REQ-00308,2023-08-10,2023,2023-09-09,2023-09-12,S002,Nimbus Cloud Supply,Technology,Europe,Preferred,P103,Secure Access Kit,Hardware,Security,13,13,127.01,1651.13,USD,Net 30,P. Nguyen,Received,Matched,3.1,30,3,False,Research,North America,False,0.0,137.43,Paid
PO-00309,1,REQ-00309,2026-09-25,2026,2026-10-09,2026-10-09,S003,Pacific Industrial Ltd,Manufacturing,Asia Pacific,Preferred,P100,Analytics Platform,Software,Analytics,12,12,636.19,7634.28,USD,Net 45,K. Wilson,Received,Matched,4.3,14,0,True,Research,Asia Pacific,True,381.71,22.02,Scheduled
PO-00310,1,REQ-00310,2025-09-23,2025,2025-10-06,2025-10-21,S008,Cobalt Professional Services,Services,Asia Pacific,Approved,P104,Insight Pro License,Software,Licenses,17,17,85.46,1452.82,USD,Net 45,T. Brown,Received,Matched,4.7,13,15,False,Operations,North America,True,0.0,443.79,Scheduled
PO-00311,1,REQ-00311,2024-04-11,2024,2024-05-08,2024-05-08,S003,Pacific Industrial Ltd,Manufacturing,Asia Pacific,Preferred,P105,Storage Array,Hardware,Storage,54,54,673.27,36356.58,USD,Net 60,L. Morgan,Received,Matched,2.9,27,0,True,Research,Asia Pacific,False,2908.53,407.51,Scheduled
PO-00312,1,REQ-00312,2026-05-29,2026,2026-06-17,2026-06-25,S005,Meridian Logistics,Logistics,Europe,Strategic,P106,Integration Services,Services,Consulting,37,37,943.37,34904.69,USD,2/10 Net 30,P. Nguyen,Received,Matched,3.9,19,8,False,Research,Asia Pacific,True,1745.23,52.79,Paid
PO-00313,1,REQ-00313,2023-01-11,2023,2023-02-06,,S007,Sterling Security Group,Security,North America,Preferred,P100,Analytics Platform,Software,Analytics,32,19,583.03,18656.96,USD,Net 30,T. Brown,In Transit,Matched,2.9,26,0,False,Research,North America,True,1865.7,178.63,Overdue
PO-00314,1,REQ-00314,2024-06-08,2024,2024-07-11,,S008,Cobalt Professional Services,Services,Asia Pacific,Approved,P105,Storage Array,Hardware,Storage,67,0,794.98,53263.66,USD,2/10 Net 30,D. Singh,Open,Pending,3.7,33,0,False,Sales,Europe,True,2663.18,415.68,Paid
PO-00315,1,REQ-00315,2025-09-22,2025,2025-10-22,,S006,Vertex Office Goods,Office Supplies,Latin America,Approved,P103,Secure Access Kit,Hardware,Security,30,0,136.09,4082.7,USD,Net 45,P. Nguyen,Open,Matched,3.2,30,0,False,Research,Asia Pacific,True,0.0,339.62,Paid
PO-00316,1,REQ-00316,2026-05-12,2026,2026-05-20,2026-05-28,S006,Vertex Office Goods,Office Supplies,Latin America,Approved,P106,Integration Services,Services,Consulting,41,41,886.61,36351.01,USD,Net 60,L. Morgan,Received,Pending,3.0,8,8,False,Sales,North America,True,1817.55,382.92,Paid
PO-00317,1,REQ-00317,2023-07-04,2023,2023-08-02,2023-08-05,S005,Meridian Logistics,Logistics,Europe,Strategic,P106,Integration Services,Services,Consulting,7,7,1038.69,7270.83,USD,2/10 Net 30,P. Nguyen,Received,Pending,2.8,29,3,False,Facilities,North America,True,581.67,161.4,Paid
PO-00318,1,REQ-00318,2026-01-13,2026,2026-02-09,2026-02-09,S003,Pacific Industrial Ltd,Manufacturing,Asia Pacific,Preferred,P103,Secure Access Kit,Hardware,Security,58,58,116.23,6741.34,USD,Net 30,T. Brown,Received,Pending,3.0,27,0,True,Research,Europe,False,674.13,436.9,Paid
PO-00319,1,REQ-00319,2025-04-11,2025,2025-05-01,2025-05-16,S002,Nimbus Cloud Supply,Technology,Europe,Preferred,P104,Insight Pro License,Software,Licenses,68,68,129.26,8789.68,USD,Net 45,D. Singh,Received,Pending,3.7,20,15,False,Sales,North America,True,703.17,134.22,Paid
PO-00320,1,REQ-00320,2026-05-05,2026,2026-05-08,2026-05-08,S007,Sterling Security Group,Security,North America,Preferred,P107,Support Renewal,Services,Support,22,22,257.14,5657.08,USD,Net 30,K. Wilson,Received,Matched,3.5,3,0,True,Facilities,Europe,True,452.57,88.21,Paid
PO-00321,1,REQ-00321,2025-08-07,2025,2025-08-29,2025-08-29,S008,Cobalt Professional Services,Services,Asia Pacific,Approved,P106,Integration Services,Services,Consulting,55,55,888.13,48847.15,USD,Net 60,L. Morgan,Received,Not Received,3.8,22,0,True,Research,Europe,False,0.0,101.85,Scheduled
PO-00322,1,REQ-00322,2026-02-06,2026,2026-02-14,2026-02-17,S004,Greenline Packaging,Packaging,North America,Approved,P109,Forecasting Add-on,Software,Analytics,16,16,127.94,2047.04,USD,Net 45,K. Wilson,Received,Matched,2.9,8,3,False,Operations,Europe,True,163.76,10.49,Paid
PO-00323,1,REQ-00323,2026-03-19,2026,2026-03-27,,S006,Vertex Office Goods,Office Supplies,Latin America,Approved,P109,Forecasting Add-on,Software,Analytics,9,4,166.51,1498.59,USD,Net 30,K. Wilson,In Transit,Matched,4.4,8,0,False,Research,North America,False,0.0,76.94,Paid
PO-00324,1,REQ-00324,2026-01-19,2026,2026-02-09,2026-02-04,S005,Meridian Logistics,Logistics,Europe,Strategic,P104,Insight Pro License,Software,Licenses,68,68,99.78,6785.04,USD,Net 60,P. Nguyen,Received,Not Received,3.2,21,0,True,Operations,Asia Pacific,True,339.25,37.3,Paid
PO-00325,1,REQ-00325,2025-12-14,2025,2026-01-01,2026-01-01,S003,Pacific Industrial Ltd,Manufacturing,Asia Pacific,Preferred,P109,Forecasting Add-on,Software,Analytics,28,28,146.48,4101.44,USD,2/10 Net 30,L. Morgan,Received,Matched,4.5,18,0,True,Sales,North America,False,410.14,135.41,Scheduled
PO-00326,1,REQ-00326,2025-11-07,2025,2025-11-30,,S003,Pacific Industrial Ltd,Manufacturing,Asia Pacific,Preferred,P108,Mobile Scanner,Hardware,Devices,44,0,98.69,4342.36,USD,Net 60,L. Morgan,Open,Pending,4.1,23,0,False,Operations,Europe,False,217.12,5.37,Scheduled
PO-00327,1,REQ-00327,2026-04-25,2026,2026-05-15,,S003,Pacific Industrial Ltd,Manufacturing,Asia Pacific,Preferred,P105,Storage Array,Hardware,Storage,8,0,617.83,4942.64,USD,2/10 Net 30,T. Brown,Open,Matched,4.8,20,0,False,Sales,Europe,True,247.13,405.9,Paid
PO-00328,1,REQ-00328,2024-09-15,2024,2024-10-17,2024-10-25,S005,Meridian Logistics,Logistics,Europe,Strategic,P109,Forecasting Add-on,Software,Analytics,15,15,126.89,1903.35,USD,Net 30,T. Brown,Received,Matched,3.5,32,8,False,Research,North America,False,95.17,330.04,Paid
PO-00329,1,REQ-00329,2024-01-11,2024,2024-02-21,2024-02-21,S002,Nimbus Cloud Supply,Technology,Europe,Preferred,P109,Forecasting Add-on,Software,Analytics,55,55,149.78,8237.9,USD,Net 45,L. Morgan,Closed,Matched,3.2,41,0,True,Technology,Asia Pacific,True,823.79,223.17,Paid
PO-00330,1,REQ-00330,2024-05-20,2024,2024-06-28,2024-07-13,S006,Vertex Office Goods,Office Supplies,Latin America,Approved,P109,Forecasting Add-on,Software,Analytics,42,42,215.36,9045.12,USD,2/10 Net 30,D. Singh,Received,Matched,4.3,39,15,False,Technology,Europe,True,452.26,174.08,Paid
PO-00331,1,REQ-00331,2024-01-08,2024,2024-02-01,2024-02-01,S006,Vertex Office Goods,Office Supplies,Latin America,Approved,P103,Secure Access Kit,Hardware,Security,55,55,156.19,8590.45,USD,2/10 Net 30,T. Brown,Received,Pending,4.6,24,0,True,Facilities,Europe,False,859.05,308.8,Scheduled
PO-00332,1,REQ-00332,2026-01-10,2026,2026-01-30,2026-01-30,S002,Nimbus Cloud Supply,Technology,Europe,Preferred,P104,Insight Pro License,Software,Licenses,38,38,84.69,3218.22,USD,Net 45,P. Nguyen,Received,Matched,3.6,20,0,True,Sales,Europe,False,257.46,440.35,Paid
PO-00333,1,REQ-00333,2025-02-18,2025,2025-03-07,,S008,Cobalt Professional Services,Services,Asia Pacific,Approved,P101,Cloud Data Suite,Software,Cloud,24,0,373.84,8972.16,USD,Net 45,K. Wilson,Cancelled,Matched,3.5,17,0,False,Facilities,Europe,False,717.77,287.26,Paid
PO-00334,1,REQ-00334,2023-06-30,2023,2023-07-21,2023-08-05,S003,Pacific Industrial Ltd,Manufacturing,Asia Pacific,Preferred,P101,Cloud Data Suite,Software,Cloud,21,21,356.6,7488.6,USD,2/10 Net 30,P. Nguyen,Received,Disputed,4.6,21,15,False,Technology,Europe,True,599.09,199.72,Paid
PO-00335,1,REQ-00335,2026-08-27,2026,2026-09-16,2026-09-24,S007,Sterling Security Group,Security,North America,Preferred,P105,Storage Array,Hardware,Storage,10,10,629.35,6293.5,USD,Net 60,L. Morgan,Received,Not Received,3.0,20,8,False,Operations,Asia Pacific,True,629.35,51.87,Scheduled
PO-00336,1,REQ-00336,2025-10-24,2025,2025-11-17,2025-11-17,S006,Vertex Office Goods,Office Supplies,Latin America,Approved,P102,Edge Gateway,Hardware,Networking,6,6,183.25,1099.5,USD,Net 30,K. Wilson,Received,Matched,4.1,24,0,True,Facilities,Europe,False,109.95,143.49,Paid
PO-00337,1,REQ-00337,2025-07-30,2025,2025-09-05,2025-09-05,S004,Greenline Packaging,Packaging,North America,Approved,P103,Secure Access Kit,Hardware,Security,54,54,156.63,8458.02,USD,Net 30,D. Singh,Received,Matched,4.8,37,0,True,Sales,Europe,True,422.9,137.87,Paid
PO-00338,1,REQ-00338,2026-04-10,2026,2026-04-30,2026-04-30,S001,Apex Components,Hardware,North America,Strategic,P106,Integration Services,Services,Consulting,24,24,710.98,17063.52,USD,Net 30,K. Wilson,Received,Matched,3.4,20,0,True,Technology,Europe,False,0.0,372.38,Scheduled
PO-00339,1,REQ-00339,2024-01-12,2024,2024-02-14,2024-02-09,S002,Nimbus Cloud Supply,Technology,Europe,Preferred,P109,Forecasting Add-on,Software,Analytics,64,64,173.69,11116.16,USD,Net 60,T. Brown,Received,Pending,4.9,33,0,True,Sales,North America,True,1111.62,403.17,Overdue
PO-00340,1,REQ-00340,2025-06-20,2025,2025-07-03,,S004,Greenline Packaging,Packaging,North America,Approved,P104,Insight Pro License,Software,Licenses,27,0,86.0,2322.0,USD,Net 30,L. Morgan,Open,Pending,4.8,13,0,False,Technology,Europe,False,185.76,263.1,Scheduled
PO-00341,1,REQ-00341,2023-04-23,2023,2023-05-20,2023-05-20,S006,Vertex Office Goods,Office Supplies,Latin America,Approved,P108,Mobile Scanner,Hardware,Devices,59,59,77.37,4564.83,USD,Net 30,T. Brown,Received,Pending,4.2,27,0,True,Sales,Europe,False,456.48,417.9,Paid
PO-00342,1,REQ-00342,2024-09-29,2024,2024-10-27,2024-10-22,S003,Pacific Industrial Ltd,Manufacturing,Asia Pacific,Preferred,P102,Edge Gateway,Hardware,Networking,31,31,200.2,6206.2,USD,Net 60,T. Brown,Closed,Matched,4.7,28,0,True,Technology,North America,False,496.5,153.56,Paid
PO-00343,1,REQ-00343,2026-01-28,2026,2026-02-27,,S004,Greenline Packaging,Packaging,North America,Approved,P108,Mobile Scanner,Hardware,Devices,58,55,99.34,5761.72,USD,2/10 Net 30,T. Brown,In Transit,Pending,3.4,30,0,False,Operations,Europe,False,288.09,425.74,Scheduled
PO-00344,1,REQ-00344,2026-02-24,2026,2026-03-15,,S004,Greenline Packaging,Packaging,North America,Approved,P107,Support Renewal,Services,Support,58,0,224.44,13017.52,USD,Net 60,P. Nguyen,Open,Matched,3.0,19,0,False,Technology,Asia Pacific,True,0.0,356.92,Scheduled
PO-00345,1,REQ-00345,2023-12-06,2023,2023-12-24,2023-12-27,S003,Pacific Industrial Ltd,Manufacturing,Asia Pacific,Preferred,P106,Integration Services,Services,Consulting,26,26,1026.64,26692.64,USD,2/10 Net 30,D. Singh,Received,Matched,4.7,18,3,False,Operations,Asia Pacific,True,1334.63,438.21,Overdue
PO-00346,1,REQ-00346,2026-08-11,2026,2026-09-03,,S006,Vertex Office Goods,Office Supplies,Latin America,Approved,P104,Insight Pro License,Software,Licenses,22,0,123.67,2720.74,USD,Net 45,P. Nguyen,Cancelled,Not Received,3.8,23,0,False,Technology,Europe,True,0.0,29.95,Paid
PO-00347,1,REQ-00347,2025-04-29,2025,2025-05-14,2025-05-14,S008,Cobalt Professional Services,Services,Asia Pacific,Approved,P102,Edge Gateway,Hardware,Networking,17,17,230.62,3920.54,USD,Net 45,T. Brown,Received,Matched,4.3,15,0,True,Operations,Europe,True,196.03,190.98,Paid
PO-00348,1,REQ-00348,2025-11-09,2025,2025-11-27,2025-11-30,S005,Meridian Logistics,Logistics,Europe,Strategic,P107,Support Renewal,Services,Support,13,13,162.09,2107.17,USD,2/10 Net 30,K. Wilson,Received,Matched,4.0,18,3,False,Research,North America,True,105.36,322.34,Scheduled
PO-00349,1,REQ-00349,2025-10-28,2025,2025-11-06,2025-11-01,S005,Meridian Logistics,Logistics,Europe,Strategic,P107,Support Renewal,Services,Support,31,31,173.66,5383.46,USD,Net 30,K. Wilson,Received,Matched,4.3,9,0,True,Sales,Europe,True,430.68,346.78,Paid
PO-00350,1,REQ-00350,2026-02-04,2026,2026-03-05,,S002,Nimbus Cloud Supply,Technology,Europe,Preferred,P100,Analytics Platform,Software,Analytics,23,19,651.43,14982.89,USD,2/10 Net 30,T. Brown,In Transit,Not Received,2.8,29,0,False,Technology,North America,False,749.14,437.41,Paid
PO-00351,1,REQ-00351,2024-12-19,2024,2024-12-29,,S002,Nimbus Cloud Supply,Technology,Europe,Preferred,P100,Analytics Platform,Software,Analytics,39,0,427.82,16684.98,USD,2/10 Net 30,L. Morgan,Cancelled,Matched,3.6,10,0,False,Sales,North America,True,1668.5,366.48,Paid
PO-00352,1,REQ-00352,2023-06-07,2023,2023-07-06,2023-07-06,S007,Sterling Security Group,Security,North America,Preferred,P108,Mobile Scanner,Hardware,Devices,22,22,106.95,2352.9,USD,Net 45,P. Nguyen,Received,Pending,3.0,29,0,True,Facilities,Asia Pacific,True,188.23,418.73,Paid
PO-00353,1,REQ-00353,2024-12-15,2024,2025-01-08,2025-01-08,S008,Cobalt Professional Services,Services,Asia Pacific,Approved,P106,Integration Services,Services,Consulting,30,30,792.69,23780.7,USD,Net 45,D. Singh,Received,Pending,3.6,24,0,True,Facilities,Asia Pacific,True,1189.04,441.71,Scheduled
PO-00354,1,REQ-00354,2023-12-23,2023,2024-01-18,,S002,Nimbus Cloud Supply,Technology,Europe,Preferred,P105,Storage Array,Hardware,Storage,31,20,805.92,24983.52,USD,Net 60,T. Brown,In Transit,Pending,3.1,26,0,False,Sales,North America,False,2498.35,39.0,Paid
PO-00355,1,REQ-00355,2023-12-05,2023,2023-12-19,,S003,Pacific Industrial Ltd,Manufacturing,Asia Pacific,Preferred,P107,Support Renewal,Services,Support,19,9,181.84,3454.96,USD,Net 45,P. Nguyen,In Transit,Pending,4.9,14,0,False,Sales,Europe,False,276.4,267.23,Overdue
PO-00356,1,REQ-00356,2026-05-27,2026,2026-06-23,2026-06-26,S004,Greenline Packaging,Packaging,North America,Approved,P100,Analytics Platform,Software,Analytics,40,40,670.24,26809.6,USD,Net 45,L. Morgan,Received,Not Received,3.0,27,3,False,Operations,Europe,True,1340.48,102.11,Paid
PO-00357,1,REQ-00357,2024-12-26,2024,2025-01-14,2025-01-14,S001,Apex Components,Hardware,North America,Strategic,P100,Analytics Platform,Software,Analytics,32,32,439.4,14060.8,USD,Net 60,D. Singh,Received,Pending,4.1,19,0,True,Technology,Europe,False,0.0,79.67,Paid
PO-00358,1,REQ-00358,2025-02-01,2025,2025-03-05,2025-03-05,S007,Sterling Security Group,Security,North America,Preferred,P104,Insight Pro License,Software,Licenses,24,24,93.9,2253.6,USD,Net 45,P. Nguyen,Received,Matched,4.9,32,0,True,Technology,Asia Pacific,True,112.68,18.97,Paid
PO-00359,1,REQ-00359,2026-02-07,2026,2026-03-04,2026-03-04,S005,Meridian Logistics,Logistics,Europe,Strategic,P103,Secure Access Kit,Hardware,Security,16,16,129.88,2078.08,USD,Net 60,K. Wilson,Received,Matched,3.7,25,0,True,Operations,Europe,False,0.0,46.9,Paid
PO-00360,1,REQ-00360,2023-02-19,2023,2023-03-03,2023-03-11,S003,Pacific Industrial Ltd,Manufacturing,Asia Pacific,Preferred,P105,Storage Array,Hardware,Storage,12,12,874.21,10490.52,USD,Net 60,L. Morgan,Received,Pending,4.0,12,8,False,Research,North America,True,524.53,324.42,Paid
PO-00361,1,REQ-00361,2024-12-29,2024,2025-01-26,2025-02-03,S003,Pacific Industrial Ltd,Manufacturing,Asia Pacific,Preferred,P105,Storage Array,Hardware,Storage,22,22,743.17,16349.74,USD,Net 30,T. Brown,Received,Not Received,4.6,28,8,False,Facilities,Europe,False,817.49,57.23,Overdue
PO-00362,1,REQ-00362,2025-11-30,2025,2026-01-01,2026-01-16,S003,Pacific Industrial Ltd,Manufacturing,Asia Pacific,Preferred,P108,Mobile Scanner,Hardware,Devices,64,64,79.74,5103.36,USD,Net 60,P. Nguyen,Received,Pending,4.0,32,15,False,Facilities,Asia Pacific,True,510.34,44.81,Paid
PO-00363,1,REQ-00363,2026-09-01,2026,2026-10-10,2026-10-05,S004,Greenline Packaging,Packaging,North America,Approved,P100,Analytics Platform,Software,Analytics,55,55,389.99,21449.45,USD,Net 30,L. Morgan,Received,Disputed,2.8,39,0,True,Sales,Asia Pacific,True,1072.47,446.03,Scheduled
PO-00364,1,REQ-00364,2024-03-18,2024,2024-04-09,2024-04-09,S002,Nimbus Cloud Supply,Technology,Europe,Preferred,P106,Integration Services,Services,Consulting,61,61,736.4,44920.4,USD,2/10 Net 30,D. Singh,Received,Pending,3.9,22,0,True,Technology,Asia Pacific,True,2246.02,276.18,Paid
PO-00365,1,REQ-00365,2024-12-30,2024,2025-01-17,2025-01-17,S004,Greenline Packaging,Packaging,North America,Approved,P101,Cloud Data Suite,Software,Cloud,65,65,293.61,19084.65,USD,Net 45,P. Nguyen,Received,Disputed,3.3,18,0,True,Operations,North America,True,1908.47,367.69,Overdue
PO-00366,1,REQ-00366,2024-02-24,2024,2024-03-22,2024-03-22,S006,Vertex Office Goods,Office Supplies,Latin America,Approved,P101,Cloud Data Suite,Software,Cloud,18,18,370.17,6663.06,USD,Net 60,P. Nguyen,Closed,Not Received,3.9,27,0,True,Technology,Europe,True,333.15,130.58,Paid
PO-00367,1,REQ-00367,2025-05-22,2025,2025-06-21,2025-06-24,S008,Cobalt Professional Services,Services,Asia Pacific,Approved,P102,Edge Gateway,Hardware,Networking,18,18,269.99,4859.82,USD,Net 60,T. Brown,Received,Pending,4.1,30,3,False,Research,Asia Pacific,True,388.79,319.58,Paid
PO-00368,1,REQ-00368,2026-07-07,2026,2026-07-31,2026-07-31,S002,Nimbus Cloud Supply,Technology,Europe,Preferred,P108,Mobile Scanner,Hardware,Devices,57,57,92.54,5274.78,USD,Net 45,L. Morgan,Received,Matched,3.0,24,0,True,Technology,Asia Pacific,True,0.0,280.74,Paid
PO-00369,1,REQ-00369,2024-09-19,2024,2024-10-13,2024-10-16,S008,Cobalt Professional Services,Services,Asia Pacific,Approved,P105,Storage Array,Hardware,Storage,25,25,498.54,12463.5,USD,Net 45,T. Brown,Received,Disputed,3.2,24,3,False,Research,Europe,False,623.18,427.09,Paid
PO-00370,1,REQ-00370,2025-07-02,2025,2025-07-29,2025-08-01,S008,Cobalt Professional Services,Services,Asia Pacific,Approved,P105,Storage Array,Hardware,Storage,59,59,636.68,37564.12,USD,Net 60,D. Singh,Received,Not Received,4.9,27,3,False,Technology,North America,True,3005.13,264.02,Paid
PO-00371,1,REQ-00371,2023-09-01,2023,2023-10-03,,S008,Cobalt Professional Services,Services,Asia Pacific,Approved,P104,Insight Pro License,Software,Licenses,66,0,101.67,6710.22,USD,Net 60,P. Nguyen,Open,Matched,4.4,32,0,False,Operations,North America,True,0.0,187.01,Scheduled
PO-00372,1,REQ-00372,2026-04-17,2026,2026-05-09,,S004,Greenline Packaging,Packaging,North America,Approved,P101,Cloud Data Suite,Software,Cloud,69,0,302.47,20870.43,USD,Net 30,L. Morgan,Open,Matched,3.0,22,0,False,Research,North America,False,1043.52,406.36,Paid
PO-00373,1,REQ-00373,2026-08-07,2026,2026-09-11,2026-09-11,S008,Cobalt Professional Services,Services,Asia Pacific,Approved,P105,Storage Array,Hardware,Storage,31,31,806.14,24990.34,USD,2/10 Net 30,L. Morgan,Received,Matched,3.9,35,0,True,Technology,Asia Pacific,True,0.0,19.01,Paid
PO-00374,1,REQ-00374,2025-07-04,2025,2025-07-14,2025-07-09,S001,Apex Components,Hardware,North America,Strategic,P106,Integration Services,Services,Consulting,42,42,574.89,24145.38,USD,Net 45,T. Brown,Received,Matched,4.5,10,0,True,Facilities,Asia Pacific,False,2414.54,247.47,Paid
PO-00375,1,REQ-00375,2025-01-19,2025,2025-02-10,2025-02-10,S002,Nimbus Cloud Supply,Technology,Europe,Preferred,P104,Insight Pro License,Software,Licenses,19,19,77.98,1481.62,USD,Net 45,D. Singh,Received,Matched,4.7,22,0,True,Research,North America,False,118.53,348.87,Overdue
PO-00376,1,REQ-00376,2025-09-02,2025,2025-09-25,2025-09-25,S002,Nimbus Cloud Supply,Technology,Europe,Preferred,P109,Forecasting Add-on,Software,Analytics,12,12,162.41,1948.92,USD,Net 60,K. Wilson,Received,Matched,3.8,23,0,True,Research,North America,False,97.45,42.38,Paid
PO-00377,1,REQ-00377,2026-06-28,2026,2026-07-26,2026-07-26,S002,Nimbus Cloud Supply,Technology,Europe,Preferred,P102,Edge Gateway,Hardware,Networking,38,38,220.22,8368.36,USD,Net 30,P. Nguyen,Received,Matched,3.0,28,0,True,Facilities,North America,False,418.42,32.14,Paid
PO-00378,1,REQ-00378,2025-12-13,2025,2026-01-20,2026-01-20,S002,Nimbus Cloud Supply,Technology,Europe,Preferred,P108,Mobile Scanner,Hardware,Devices,45,45,77.6,3492.0,USD,Net 45,P. Nguyen,Received,Matched,3.2,38,0,True,Facilities,North America,True,279.36,88.96,Overdue
PO-00379,1,REQ-00379,2024-06-27,2024,2024-07-23,2024-07-23,S006,Vertex Office Goods,Office Supplies,Latin America,Approved,P105,Storage Array,Hardware,Storage,33,33,550.93,18180.69,USD,Net 30,P. Nguyen,Closed,Matched,3.8,26,0,True,Sales,North America,True,909.03,19.95,Scheduled
PO-00380,1,REQ-00380,2024-07-18,2024,2024-08-20,2024-08-20,S006,Vertex Office Goods,Office Supplies,Latin America,Approved,P109,Forecasting Add-on,Software,Analytics,67,67,148.27,9934.09,USD,Net 45,D. Singh,Received,Pending,2.9,33,0,True,Facilities,Asia Pacific,True,496.7,268.55,Overdue
PO-00381,1,REQ-00381,2024-08-17,2024,2024-09-05,,S005,Meridian Logistics,Logistics,Europe,Strategic,P101,Cloud Data Suite,Software,Cloud,49,0,424.4,20795.6,USD,Net 60,D. Singh,Open,Matched,4.4,19,0,False,Research,North America,True,1663.65,291.57,Scheduled
PO-00382,1,REQ-00382,2026-01-01,2026,2026-02-03,2026-01-29,S001,Apex Components,Hardware,North America,Strategic,P108,Mobile Scanner,Hardware,Devices,70,70,133.26,9328.2,USD,Net 30,L. Morgan,Received,Pending,4.8,33,0,True,Operations,Asia Pacific,True,746.26,319.93,Overdue
PO-00383,1,REQ-00383,2024-05-14,2024,2024-06-08,2024-06-08,S008,Cobalt Professional Services,Services,Asia Pacific,Approved,P102,Edge Gateway,Hardware,Networking,53,53,249.18,13206.54,USD,2/10 Net 30,D. Singh,Closed,Disputed,4.7,25,0,True,Facilities,Asia Pacific,False,1056.52,62.34,Paid
PO-00384,1,REQ-00384,2023-12-09,2023,2024-01-04,2024-01-04,S005,Meridian Logistics,Logistics,Europe,Strategic,P101,Cloud Data Suite,Software,Cloud,66,66,438.26,28925.16,USD,Net 60,P. Nguyen,Closed,Not Received,4.3,26,0,True,Operations,Europe,True,2892.52,17.61,Paid
PO-00385,1,REQ-00385,2023-04-10,2023,2023-05-10,2023-05-13,S003,Pacific Industrial Ltd,Manufacturing,Asia Pacific,Preferred,P103,Secure Access Kit,Hardware,Security,12,12,192.8,2313.6,USD,2/10 Net 30,T. Brown,Closed,Matched,4.8,30,3,False,Operations,North America,False,185.09,346.21,Scheduled
PO-00386,1,REQ-00386,2026-08-26,2026,2026-09-22,2026-09-30,S007,Sterling Security Group,Security,North America,Preferred,P100,Analytics Platform,Software,Analytics,41,41,637.38,26132.58,USD,Net 45,D. Singh,Received,Matched,2.9,27,8,False,Sales,Asia Pacific,True,1306.63,268.79,Scheduled
PO-00387,1,REQ-00387,2025-08-31,2025,2025-09-25,2025-09-25,S001,Apex Components,Hardware,North America,Strategic,P107,Support Renewal,Services,Support,32,32,143.6,4595.2,USD,Net 60,P. Nguyen,Received,Matched,3.3,25,0,True,Sales,Asia Pacific,True,459.52,355.62,Scheduled
PO-00388,1,REQ-00388,2026-05-12,2026,2026-06-04,2026-06-04,S002,Nimbus Cloud Supply,Technology,Europe,Preferred,P102,Edge Gateway,Hardware,Networking,23,23,232.58,5349.34,USD,Net 45,K. Wilson,Received,Not Received,3.8,23,0,True,Technology,North America,False,0.0,96.14,Paid
PO-00389,1,REQ-00389,2023-01-10,2023,2023-01-18,2023-01-21,S005,Meridian Logistics,Logistics,Europe,Strategic,P104,Insight Pro License,Software,Licenses,19,19,96.9,1841.1,USD,Net 60,D. Singh,Received,Pending,4.3,8,3,False,Research,North America,False,92.06,317.51,Paid
PO-00390,1,REQ-00390,2024-06-24,2024,2024-06-30,2024-06-30,S003,Pacific Industrial Ltd,Manufacturing,Asia Pacific,Preferred,P101,Cloud Data Suite,Software,Cloud,67,67,439.28,29431.76,USD,2/10 Net 30,K. Wilson,Received,Matched,2.9,6,0,True,Operations,Europe,True,2354.54,226.52,Paid
PO-00391,1,REQ-00391,2025-12-03,2025,2025-12-31,,S003,Pacific Industrial Ltd,Manufacturing,Asia Pacific,Preferred,P102,Edge Gateway,Hardware,Networking,62,0,244.86,15181.32,USD,2/10 Net 30,L. Morgan,Open,Matched,3.1,28,0,False,Technology,Asia Pacific,True,1214.51,177.7,Scheduled
PO-00392,1,REQ-00392,2024-06-17,2024,2024-07-21,,S007,Sterling Security Group,Security,North America,Preferred,P107,Support Renewal,Services,Support,50,33,203.53,10176.5,USD,Net 45,K. Wilson,In Transit,Matched,3.8,34,0,False,Technology,Europe,True,508.83,31.52,Paid
PO-00393,1,REQ-00393,2026-03-12,2026,2026-04-02,,S003,Pacific Industrial Ltd,Manufacturing,Asia Pacific,Preferred,P108,Mobile Scanner,Hardware,Devices,54,0,130.55,7049.7,USD,2/10 Net 30,P. Nguyen,Open,Not Received,3.0,21,0,False,Technology,Europe,True,563.98,126.56,Paid
PO-00394,1,REQ-00394,2023-01-29,2023,2023-03-01,,S004,Greenline Packaging,Packaging,North America,Approved,P109,Forecasting Add-on,Software,Analytics,58,0,126.08,7312.64,USD,2/10 Net 30,T. Brown,Open,Matched,3.8,31,0,False,Sales,North America,True,585.01,38.78,Scheduled
PO-00395,1,REQ-00395,2023-10-02,2023,2023-10-18,,S001,Apex Components,Hardware,North America,Strategic,P103,Secure Access Kit,Hardware,Security,60,0,196.23,11773.8,USD,Net 30,T. Brown,Open,Pending,4.9,16,0,False,Operations,North America,False,588.69,10.06,Paid
PO-00396,1,REQ-00396,2026-08-05,2026,2026-08-17,2026-08-12,S003,Pacific Industrial Ltd,Manufacturing,Asia Pacific,Preferred,P100,Analytics Platform,Software,Analytics,68,68,415.14,28229.52,USD,2/10 Net 30,T. Brown,Closed,Matched,3.3,12,0,True,Facilities,Asia Pacific,True,2822.95,195.03,Paid
PO-00397,1,REQ-00397,2023-08-16,2023,2023-09-01,2023-09-01,S006,Vertex Office Goods,Office Supplies,Latin America,Approved,P100,Analytics Platform,Software,Analytics,53,53,619.63,32840.39,USD,2/10 Net 30,P. Nguyen,Received,Pending,4.7,16,0,True,Operations,North America,True,0.0,327.94,Scheduled
PO-00398,1,REQ-00398,2024-01-06,2024,2024-01-31,,S007,Sterling Security Group,Security,North America,Preferred,P108,Mobile Scanner,Hardware,Devices,69,41,103.22,7122.18,USD,Net 60,L. Morgan,In Transit,Matched,5.0,25,0,False,Facilities,Asia Pacific,False,569.77,196.24,Paid
PO-00399,1,REQ-00399,2024-04-16,2024,2024-05-13,,S002,Nimbus Cloud Supply,Technology,Europe,Preferred,P109,Forecasting Add-on,Software,Analytics,10,8,154.41,1544.1,USD,Net 45,P. Nguyen,In Transit,Pending,4.7,27,0,False,Research,North America,False,0.0,304.37,Paid
PO-00400,1,REQ-00400,2023-02-18,2023,2023-03-14,,S008,Cobalt Professional Services,Services,Asia Pacific,Approved,P102,Edge Gateway,Hardware,Networking,30,0,200.36,6010.8,USD,Net 30,L. Morgan,Open,Matched,2.8,24,0,False,Operations,Europe,True,480.86,213.47,Paid
PO-00401,1,REQ-00401,2026-06-23,2026,2026-07-21,2026-07-21,S007,Sterling Security Group,Security,North America,Preferred,P101,Cloud Data Suite,Software,Cloud,16,16,399.53,6392.48,USD,Net 45,P. Nguyen,Received,Not Received,4.9,28,0,True,Research,Europe,True,319.62,70.97,Paid
PO-00402,1,REQ-00402,2025-12-19,2025,2026-01-03,2026-01-03,S007,Sterling Security Group,Security,North America,Preferred,P106,Integration Services,Services,Consulting,11,11,726.3,7989.3,USD,Net 60,P. Nguyen,Received,Not Received,4.9,15,0,True,Operations,Asia Pacific,True,798.93,357.4,Paid
PO-00403,1,REQ-00403,2024-03-18,2024,2024-05-01,,S007,Sterling Security Group,Security,North America,Preferred,P106,Integration Services,Services,Consulting,29,0,584.88,16961.52,USD,2/10 Net 30,P. Nguyen,Open,Matched,3.4,44,0,False,Facilities,Europe,False,1696.15,79.81,Paid
PO-00404,1,REQ-00404,2024-10-10,2024,2024-10-24,2024-10-19,S003,Pacific Industrial Ltd,Manufacturing,Asia Pacific,Preferred,P104,Insight Pro License,Software,Licenses,34,34,82.76,2813.84,USD,Net 60,D. Singh,Received,Matched,4.6,14,0,True,Operations,Europe,False,225.11,416.93,Scheduled
PO-00405,1,REQ-00405,2024-10-24,2024,2024-11-18,2024-11-18,S001,Apex Components,Hardware,North America,Strategic,P101,Cloud Data Suite,Software,Cloud,30,30,485.64,14569.2,USD,Net 60,T. Brown,Received,Matched,3.9,25,0,True,Operations,Asia Pacific,True,1456.92,357.32,Paid
PO-00406,1,REQ-00406,2026-05-16,2026,2026-05-29,2026-05-29,S008,Cobalt Professional Services,Services,Asia Pacific,Approved,P105,Storage Array,Hardware,Storage,51,51,689.89,35184.39,USD,Net 60,D. Singh,Received,Matched,4.4,13,0,True,Sales,North America,True,1759.22,126.43,Paid
PO-00407,1,REQ-00407,2024-07-12,2024,2024-08-13,,S003,Pacific Industrial Ltd,Manufacturing,Asia Pacific,Preferred,P105,Storage Array,Hardware,Storage,27,18,767.61,20725.47,USD,Net 30,T. Brown,In Transit,Pending,2.9,32,0,False,Facilities,Asia Pacific,True,1658.04,306.36,Paid
PO-00408,1,REQ-00408,2026-03-03,2026,2026-03-10,2026-03-25,S004,Greenline Packaging,Packaging,North America,Approved,P109,Forecasting Add-on,Software,Analytics,68,68,192.39,13082.52,USD,Net 45,D. Singh,Received,Matched,2.9,7,15,False,Research,Europe,True,654.13,52.07,Paid
PO-00409,1,REQ-00409,2026-01-12,2026,2026-02-09,2026-02-12,S006,Vertex Office Goods,Office Supplies,Latin America,Approved,P105,Storage Array,Hardware,Storage,11,11,792.79,8720.69,USD,Net 60,T. Brown,Received,Matched,4.0,28,3,False,Sales,North America,True,0.0,12.7,Paid
PO-00410,1,REQ-00410,2023-03-24,2023,2023-04-25,2023-04-20,S001,Apex Components,Hardware,North America,Strategic,P108,Mobile Scanner,Hardware,Devices,29,29,89.82,2604.78,USD,Net 45,P. Nguyen,Received,Matched,4.3,32,0,True,Research,North America,True,0.0,267.2,Paid
PO-00411,1,REQ-00411,2025-05-29,2025,2025-06-04,2025-05-30,S004,Greenline Packaging,Packaging,North America,Approved,P101,Cloud Data Suite,Software,Cloud,26,26,422.16,10976.16,USD,2/10 Net 30,P. Nguyen,Received,Matched,3.8,6,0,True,Facilities,Europe,True,0.0,173.89,Paid
PO-00412,1,REQ-00412,2026-07-11,2026,2026-08-06,,S003,Pacific Industrial Ltd,Manufacturing,Asia Pacific,Preferred,P108,Mobile Scanner,Hardware,Devices,14,7,138.94,1945.16,USD,2/10 Net 30,D. Singh,In Transit,Matched,3.2,26,0,False,Sales,North America,True,155.61,447.34,Overdue
PO-00413,1,REQ-00413,2023-07-24,2023,2023-08-28,2023-08-31,S006,Vertex Office Goods,Office Supplies,Latin America,Approved,P103,Secure Access Kit,Hardware,Security,66,66,121.66,8029.56,USD,2/10 Net 30,K. Wilson,Received,Matched,3.0,35,3,False,Technology,Europe,True,642.36,57.14,Paid
PO-00414,1,REQ-00414,2024-09-20,2024,2024-10-20,2024-10-20,S008,Cobalt Professional Services,Services,Asia Pacific,Approved,P105,Storage Array,Hardware,Storage,60,60,648.2,38892.0,USD,Net 60,D. Singh,Received,Matched,4.8,30,0,True,Sales,Europe,False,3111.36,271.9,Overdue
PO-00415,1,REQ-00415,2026-05-01,2026,2026-05-26,,S002,Nimbus Cloud Supply,Technology,Europe,Preferred,P100,Analytics Platform,Software,Analytics,46,21,574.72,26437.12,USD,Net 45,D. Singh,In Transit,Pending,3.7,25,0,False,Research,Europe,True,0.0,246.52,Paid
PO-00416,1,REQ-00416,2023-12-22,2023,2024-01-11,2024-01-26,S005,Meridian Logistics,Logistics,Europe,Strategic,P108,Mobile Scanner,Hardware,Devices,57,57,130.56,7441.92,USD,Net 45,T. Brown,Closed,Matched,4.9,20,15,False,Facilities,Asia Pacific,True,0.0,64.84,Scheduled
PO-00417,1,REQ-00417,2023-07-07,2023,2023-08-04,2023-08-04,S004,Greenline Packaging,Packaging,North America,Approved,P100,Analytics Platform,Software,Analytics,35,35,482.95,16903.25,USD,2/10 Net 30,K. Wilson,Received,Matched,3.2,28,0,True,Research,North America,True,1690.33,64.03,Scheduled
PO-00418,1,REQ-00418,2023-09-10,2023,2023-09-16,2023-09-16,S001,Apex Components,Hardware,North America,Strategic,P104,Insight Pro License,Software,Licenses,27,27,69.11,1865.97,USD,Net 60,P. Nguyen,Closed,Disputed,4.1,6,0,True,Technology,Europe,False,186.6,96.61,Paid
PO-00419,1,REQ-00419,2026-08-30,2026,2026-09-17,2026-09-20,S001,Apex Components,Hardware,North America,Strategic,P107,Support Renewal,Services,Support,34,34,146.89,4994.26,USD,Net 30,D. Singh,Received,Matched,3.2,18,3,False,Research,North America,False,399.54,187.39,Paid
PO-00420,1,REQ-00420,2024-02-09,2024,2024-03-08,2024-03-11,S008,Cobalt Professional Services,Services,Asia Pacific,Approved,P109,Forecasting Add-on,Software,Analytics,63,63,177.88,11206.44,USD,Net 60,K. Wilson,Received,Matched,4.3,28,3,False,Sales,Europe,False,1120.64,316.24,Paid
PO-00421,1,REQ-00421,2026-08-18,2026,2026-09-13,2026-09-08,S004,Greenline Packaging,Packaging,North America,Approved,P105,Storage Array,Hardware,Storage,28,28,750.73,21020.44,USD,Net 30,K. Wilson,Received,Matched,3.4,26,0,True,Facilities,North America,True,1051.02,291.77,Scheduled
PO-00422,1,REQ-00422,2023-01-28,2023,2023-03-03,,S008,Cobalt Professional Services,Services,Asia Pacific,Approved,P100,Analytics Platform,Software,Analytics,53,12,394.31,20898.43,USD,Net 45,T. Brown,In Transit,Pending,3.8,34,0,False,Facilities,Asia Pacific,True,1671.87,268.13,Scheduled
PO-00423,1,REQ-00423,2025-07-07,2025,2025-07-26,2025-07-29,S005,Meridian Logistics,Logistics,Europe,Strategic,P100,Analytics Platform,Software,Analytics,44,44,521.91,22964.04,USD,Net 60,K. Wilson,Received,Matched,4.6,19,3,False,Technology,Europe,True,1837.12,160.76,Paid
PO-00424,1,REQ-00424,2025-06-08,2025,2025-07-09,,S007,Sterling Security Group,Security,North America,Preferred,P105,Storage Array,Hardware,Storage,48,0,852.88,40938.24,USD,2/10 Net 30,D. Singh,Cancelled,Matched,3.8,31,0,False,Operations,Asia Pacific,False,0.0,41.25,Paid
PO-00425,1,REQ-00425,2024-06-30,2024,2024-07-30,2024-08-14,S001,Apex Components,Hardware,North America,Strategic,P105,Storage Array,Hardware,Storage,49,49,741.71,36343.79,USD,Net 45,T. Brown,Received,Matched,4.9,30,15,False,Sales,North America,True,3634.38,45.38,Paid
PO-00426,1,REQ-00426,2026-09-09,2026,2026-09-24,2026-09-24,S005,Meridian Logistics,Logistics,Europe,Strategic,P101,Cloud Data Suite,Software,Cloud,34,34,387.35,13169.9,USD,Net 45,T. Brown,Received,Pending,3.1,15,0,True,Sales,North America,False,0.0,136.0,Paid
PO-00427,1,REQ-00427,2025-06-27,2025,2025-08-02,2025-08-17,S001,Apex Components,Hardware,North America,Strategic,P109,Forecasting Add-on,Software,Analytics,51,51,192.65,9825.15,USD,Net 30,T. Brown,Received,Matched,3.1,36,15,False,Facilities,Asia Pacific,True,0.0,381.4,Paid
PO-00428,1,REQ-00428,2024-06-24,2024,2024-07-16,2024-07-19,S003,Pacific Industrial Ltd,Manufacturing,Asia Pacific,Preferred,P103,Secure Access Kit,Hardware,Security,46,46,179.28,8246.88,USD,2/10 Net 30,K. Wilson,Received,Disputed,3.6,22,3,False,Facilities,North America,True,412.34,317.74,Scheduled
PO-00429,1,REQ-00429,2024-05-26,2024,2024-06-24,,S004,Greenline Packaging,Packaging,North America,Approved,P109,Forecasting Add-on,Software,Analytics,65,57,188.46,12249.9,USD,Net 60,K. Wilson,In Transit,Disputed,4.1,29,0,False,Technology,Asia Pacific,True,1224.99,178.87,Paid
PO-00430,1,REQ-00430,2025-11-11,2025,2025-12-03,2025-12-03,S001,Apex Components,Hardware,North America,Strategic,P107,Support Renewal,Services,Support,59,59,153.92,9081.28,USD,Net 45,K. Wilson,Closed,Matched,4.8,22,0,True,Technology,North America,False,454.06,405.93,Paid
PO-00431,1,REQ-00431,2025-01-29,2025,2025-02-21,2025-03-01,S001,Apex Components,Hardware,North America,Strategic,P108,Mobile Scanner,Hardware,Devices,17,17,125.39,2131.63,USD,Net 60,D. Singh,Received,Not Received,3.3,23,8,False,Research,Asia Pacific,False,170.53,187.02,Paid
PO-00432,1,REQ-00432,2026-07-04,2026,2026-08-02,,S006,Vertex Office Goods,Office Supplies,Latin America,Approved,P101,Cloud Data Suite,Software,Cloud,7,0,382.48,2677.36,USD,2/10 Net 30,D. Singh,Open,Matched,3.1,29,0,False,Research,North America,True,133.87,58.23,Scheduled
PO-00433,1,REQ-00433,2023-12-15,2023,2024-01-09,2024-01-09,S004,Greenline Packaging,Packaging,North America,Approved,P101,Cloud Data Suite,Software,Cloud,64,64,381.05,24387.2,USD,2/10 Net 30,P. Nguyen,Closed,Pending,3.2,25,0,True,Technology,North America,False,2438.72,50.52,Scheduled
PO-00434,1,REQ-00434,2024-09-26,2024,2024-10-15,,S005,Meridian Logistics,Logistics,Europe,Strategic,P109,Forecasting Add-on,Software,Analytics,44,0,141.24,6214.56,USD,2/10 Net 30,D. Singh,Open,Matched,3.0,19,0,False,Operations,Europe,False,0.0,277.93,Paid
PO-00435,1,REQ-00435,2023-08-11,2023,2023-09-11,2023-09-14,S006,Vertex Office Goods,Office Supplies,Latin America,Approved,P109,Forecasting Add-on,Software,Analytics,68,68,164.81,11207.08,USD,Net 45,D. Singh,Received,Matched,2.9,31,3,False,Sales,Europe,True,896.57,2.0,Paid
PO-00436,1,REQ-00436,2023-08-15,2023,2023-09-13,2023-09-16,S002,Nimbus Cloud Supply,Technology,Europe,Preferred,P102,Edge Gateway,Hardware,Networking,29,29,204.43,5928.47,USD,2/10 Net 30,T. Brown,Closed,Not Received,3.0,29,3,False,Research,Asia Pacific,True,474.28,387.35,Paid
PO-00437,1,REQ-00437,2023-10-19,2023,2023-11-24,2023-11-24,S006,Vertex Office Goods,Office Supplies,Latin America,Approved,P100,Analytics Platform,Software,Analytics,6,6,363.35,2180.1,USD,Net 60,K. Wilson,Received,Pending,3.8,36,0,True,Facilities,Europe,False,0.0,223.45,Overdue
PO-00438,1,REQ-00438,2025-06-26,2025,2025-07-31,2025-08-15,S007,Sterling Security Group,Security,North America,Preferred,P108,Mobile Scanner,Hardware,Devices,67,67,86.41,5789.47,USD,Net 45,D. Singh,Received,Not Received,3.6,35,15,False,Research,Asia Pacific,False,289.47,43.21,Scheduled
PO-00439,1,REQ-00439,2026-07-22,2026,2026-08-10,,S005,Meridian Logistics,Logistics,Europe,Strategic,P104,Insight Pro License,Software,Licenses,34,25,88.52,3009.68,USD,Net 30,T. Brown,In Transit,Matched,4.5,19,0,False,Sales,Asia Pacific,True,150.48,344.96,Scheduled
PO-00440,1,REQ-00440,2025-11-16,2025,2025-12-16,,S004,Greenline Packaging,Packaging,North America,Approved,P108,Mobile Scanner,Hardware,Devices,13,6,103.08,1340.04,USD,Net 30,D. Singh,In Transit,Matched,4.8,30,0,False,Technology,Europe,True,67.0,391.54,Paid
PO-00441,1,REQ-00441,2026-10-03,2026,2026-10-04,2026-10-04,S003,Pacific Industrial Ltd,Manufacturing,Asia Pacific,Preferred,P104,Insight Pro License,Software,Licenses,9,9,107.72,969.48,USD,Net 30,P. Nguyen,Received,Matched,3.4,1,0,True,Facilities,Europe,False,96.95,167.71,Overdue
PO-00442,1,REQ-00442,2023-09-10,2023,2023-10-03,,S001,Apex Components,Hardware,North America,Strategic,P101,Cloud Data Suite,Software,Cloud,53,1,387.39,20531.67,USD,Net 60,P. Nguyen,In Transit,Matched,4.8,23,0,False,Research,Asia Pacific,True,2053.17,57.67,Paid
PO-00443,1,REQ-00443,2023-04-12,2023,2023-05-05,2023-05-08,S007,Sterling Security Group,Security,North America,Preferred,P106,Integration Services,Services,Consulting,38,38,716.37,27222.06,USD,Net 45,T. Brown,Received,Matched,2.9,23,3,False,Operations,Asia Pacific,True,0.0,169.87,Paid
PO-00444,1,REQ-00444,2025-07-29,2025,2025-08-20,,S006,Vertex Office Goods,Office Supplies,Latin America,Approved,P102,Edge Gateway,Hardware,Networking,32,0,283.43,9069.76,USD,Net 45,T. Brown,Open,Not Received,3.7,22,0,False,Operations,Asia Pacific,True,0.0,337.17,Scheduled
PO-00445,1,REQ-00445,2024-05-05,2024,2024-05-28,2024-05-28,S006,Vertex Office Goods,Office Supplies,Latin America,Approved,P105,Storage Array,Hardware,Storage,34,34,571.85,19442.9,USD,Net 60,L. Morgan,Received,Matched,3.9,23,0,True,Sales,North America,True,972.15,281.61,Scheduled
PO-00446,1,REQ-00446,2025-01-17,2025,2025-01-18,2025-02-02,S003,Pacific Industrial Ltd,Manufacturing,Asia Pacific,Preferred,P107,Support Renewal,Services,Support,38,38,197.82,7517.16,USD,Net 45,D. Singh,Received,Not Received,3.5,1,15,False,Technology,North America,False,375.86,4.65,Scheduled
PO-00447,1,REQ-00447,2025-06-06,2025,2025-07-15,2025-07-15,S005,Meridian Logistics,Logistics,Europe,Strategic,P106,Integration Services,Services,Consulting,13,13,745.84,9695.92,USD,Net 45,P. Nguyen,Received,Not Received,2.9,39,0,True,Facilities,Europe,True,775.67,307.6,Scheduled
PO-00448,1,REQ-00448,2026-02-10,2026,2026-03-03,2026-02-26,S005,Meridian Logistics,Logistics,Europe,Strategic,P109,Forecasting Add-on,Software,Analytics,44,44,198.57,8737.08,USD,2/10 Net 30,L. Morgan,Received,Not Received,3.0,21,0,True,Operations,Europe,True,873.71,415.25,Paid
PO-00449,1,REQ-00449,2023-03-21,2023,2023-03-31,,S004,Greenline Packaging,Packaging,North America,Approved,P106,Integration Services,Services,Consulting,36,0,895.63,32242.68,USD,Net 45,K. Wilson,Open,Pending,3.2,10,0,False,Technology,North America,False,3224.27,157.73,Paid
PO-00450,1,REQ-00450,2025-03-09,2025,2025-04-02,2025-04-05,S003,Pacific Industrial Ltd,Manufacturing,Asia Pacific,Preferred,P104,Insight Pro License,Software,Licenses,65,65,85.02,5526.3,USD,Net 45,L. Morgan,Received,Pending,4.5,24,3,False,Research,Europe,True,552.63,189.57,Scheduled
PO-00451,1,REQ-00451,2024-02-20,2024,2024-03-12,2024-03-12,S006,Vertex Office Goods,Office Supplies,Latin America,Approved,P102,Edge Gateway,Hardware,Networking,67,67,174.62,11699.54,USD,Net 45,L. Morgan,Received,Not Received,3.2,21,0,True,Operations,North America,True,0.0,236.09,Scheduled
PO-00452,1,REQ-00452,2025-05-05,2025,2025-05-26,,S002,Nimbus Cloud Supply,Technology,Europe,Preferred,P104,Insight Pro License,Software,Licenses,70,0,75.53,5287.1,USD,Net 60,K. Wilson,Open,Matched,4.4,21,0,False,Operations,North America,False,264.36,72.67,Scheduled
PO-00453,1,REQ-00453,2026-08-17,2026,2026-09-05,2026-09-08,S001,Apex Components,Hardware,North America,Strategic,P103,Secure Access Kit,Hardware,Security,43,43,108.52,4666.36,USD,Net 45,T. Brown,Received,Matched,4.1,19,3,False,Technology,Asia Pacific,True,373.31,399.16,Paid
PO-00454,1,REQ-00454,2024-03-12,2024,2024-04-10,2024-04-13,S004,Greenline Packaging,Packaging,North America,Approved,P106,Integration Services,Services,Consulting,59,59,1049.3,61908.7,USD,Net 30,D. Singh,Received,Pending,3.6,29,3,False,Facilities,North America,False,4952.7,413.35,Scheduled
PO-00455,1,REQ-00455,2025-10-10,2025,2025-11-02,2025-11-02,S008,Cobalt Professional Services,Services,Asia Pacific,Approved,P108,Mobile Scanner,Hardware,Devices,21,21,115.29,2421.09,USD,Net 45,K. Wilson,Received,Pending,4.7,23,0,True,Sales,Europe,True,0.0,403.85,Paid
PO-00456,1,REQ-00456,2024-03-14,2024,2024-04-17,,S002,Nimbus Cloud Supply,Technology,Europe,Preferred,P109,Forecasting Add-on,Software,Analytics,64,2,154.0,9856.0,USD,Net 45,D. Singh,In Transit,Matched,3.8,34,0,False,Operations,North America,True,985.6,57.96,Scheduled
PO-00457,1,REQ-00457,2026-07-23,2026,2026-08-13,,S008,Cobalt Professional Services,Services,Asia Pacific,Approved,P107,Support Renewal,Services,Support,47,0,223.51,10504.97,USD,Net 60,T. Brown,Open,Matched,4.1,21,0,False,Facilities,Asia Pacific,True,1050.5,206.9,Paid
PO-00458,1,REQ-00458,2026-06-29,2026,2026-08-01,,S006,Vertex Office Goods,Office Supplies,Latin America,Approved,P100,Analytics Platform,Software,Analytics,15,0,584.68,8770.2,USD,2/10 Net 30,L. Morgan,Cancelled,Disputed,4.7,33,0,False,Research,North America,True,877.02,259.5,Paid
PO-00459,1,REQ-00459,2024-05-07,2024,2024-06-07,2024-06-02,S008,Cobalt Professional Services,Services,Asia Pacific,Approved,P106,Integration Services,Services,Consulting,28,28,804.65,22530.2,USD,Net 60,D. Singh,Received,Matched,3.3,31,0,True,Sales,Europe,False,1126.51,168.64,Overdue
PO-00460,1,REQ-00460,2024-05-24,2024,2024-06-12,2024-06-12,S005,Meridian Logistics,Logistics,Europe,Strategic,P101,Cloud Data Suite,Software,Cloud,42,42,350.2,14708.4,USD,2/10 Net 30,D. Singh,Received,Pending,4.4,19,0,True,Operations,Asia Pacific,True,1470.84,326.26,Paid
PO-00461,1,REQ-00461,2024-05-20,2024,2024-06-13,,S002,Nimbus Cloud Supply,Technology,Europe,Preferred,P109,Forecasting Add-on,Software,Analytics,23,0,232.23,5341.29,USD,Net 60,T. Brown,Open,Not Received,2.9,24,0,False,Sales,North America,True,534.13,172.28,Scheduled
PO-00462,1,REQ-00462,2024-11-26,2024,2024-12-28,,S001,Apex Components,Hardware,North America,Strategic,P105,Storage Array,Hardware,Storage,38,33,667.0,25346.0,USD,Net 60,T. Brown,In Transit,Matched,3.4,32,0,False,Technology,North America,True,1267.3,288.93,Paid
PO-00463,1,REQ-00463,2024-02-06,2024,2024-03-05,,S008,Cobalt Professional Services,Services,Asia Pacific,Approved,P105,Storage Array,Hardware,Storage,66,0,634.72,41891.52,USD,Net 60,K. Wilson,Cancelled,Not Received,3.4,28,0,False,Operations,Asia Pacific,False,3351.32,224.57,Paid
PO-00464,1,REQ-00464,2023-06-02,2023,2023-07-06,2023-07-01,S007,Sterling Security Group,Security,North America,Preferred,P108,Mobile Scanner,Hardware,Devices,64,64,112.48,7198.72,USD,Net 45,K. Wilson,Received,Pending,3.2,34,0,True,Technology,Asia Pacific,True,575.9,29.42,Overdue
PO-00465,1,REQ-00465,2026-06-01,2026,2026-06-25,2026-06-25,S004,Greenline Packaging,Packaging,North America,Approved,P100,Analytics Platform,Software,Analytics,18,18,542.44,9763.92,USD,Net 45,P. Nguyen,Closed,Matched,2.8,24,0,True,Research,Europe,False,488.2,107.75,Paid
PO-00466,1,REQ-00466,2024-10-30,2024,2024-11-28,,S001,Apex Components,Hardware,North America,Strategic,P107,Support Renewal,Services,Support,39,0,198.09,7725.51,USD,Net 30,P. Nguyen,Open,Matched,4.3,29,0,False,Research,Asia Pacific,True,772.55,58.41,Paid
PO-00467,1,REQ-00467,2024-02-11,2024,2024-02-26,2024-03-12,S005,Meridian Logistics,Logistics,Europe,Strategic,P107,Support Renewal,Services,Support,47,47,223.57,10507.79,USD,2/10 Net 30,K. Wilson,Received,Pending,3.7,15,15,False,Facilities,North America,True,525.39,220.11,Scheduled
PO-00468,1,REQ-00468,2024-05-28,2024,2024-06-18,2024-06-18,S001,Apex Components,Hardware,North America,Strategic,P105,Storage Array,Hardware,Storage,17,17,679.55,11552.35,USD,Net 30,T. Brown,Received,Not Received,4.1,21,0,True,Sales,Asia Pacific,True,1155.24,226.69,Scheduled
PO-00469,1,REQ-00469,2024-05-30,2024,2024-06-04,2024-05-30,S006,Vertex Office Goods,Office Supplies,Latin America,Approved,P103,Secure Access Kit,Hardware,Security,13,13,137.93,1793.09,USD,Net 45,T. Brown,Closed,Matched,3.4,5,0,True,Facilities,North America,True,143.45,88.5,Paid
PO-00470,1,REQ-00470,2024-10-15,2024,2024-11-19,2024-11-22,S001,Apex Components,Hardware,North America,Strategic,P102,Edge Gateway,Hardware,Networking,14,14,291.77,4084.78,USD,Net 30,K. Wilson,Received,Matched,3.5,35,3,False,Operations,North America,False,326.78,5.4,Paid
PO-00471,1,REQ-00471,2025-03-22,2025,2025-04-15,2025-04-10,S001,Apex Components,Hardware,North America,Strategic,P108,Mobile Scanner,Hardware,Devices,51,51,134.91,6880.41,USD,Net 45,L. Morgan,Received,Pending,4.2,24,0,True,Operations,North America,True,0.0,143.07,Overdue
PO-00472,1,REQ-00472,2023-12-02,2023,2023-12-26,2023-12-26,S002,Nimbus Cloud Supply,Technology,Europe,Preferred,P109,Forecasting Add-on,Software,Analytics,33,33,237.41,7834.53,USD,Net 45,T. Brown,Received,Matched,3.5,24,0,True,Facilities,Europe,False,783.45,242.86,Paid
PO-00473,1,REQ-00473,2026-10-04,2026,2026-10-29,2026-11-01,S005,Meridian Logistics,Logistics,Europe,Strategic,P101,Cloud Data Suite,Software,Cloud,8,8,284.73,2277.84,USD,Net 30,P. Nguyen,Received,Not Received,3.8,25,3,False,Facilities,Europe,True,182.23,213.51,Paid
PO-00474,1,REQ-00474,2026-08-06,2026,2026-08-13,,S001,Apex Components,Hardware,North America,Strategic,P104,Insight Pro License,Software,Licenses,50,47,81.83,4091.5,USD,Net 60,T. Brown,In Transit,Not Received,3.1,7,0,False,Technology,North America,True,327.32,230.96,Paid
PO-00475,1,REQ-00475,2026-09-24,2026,2026-10-15,2026-10-15,S002,Nimbus Cloud Supply,Technology,Europe,Preferred,P106,Integration Services,Services,Consulting,35,35,608.13,21284.55,USD,Net 30,D. Singh,Received,Disputed,3.2,21,0,True,Research,North America,True,2128.45,250.54,Scheduled
PO-00476,1,REQ-00476,2023-03-02,2023,2023-03-18,2023-03-18,S003,Pacific Industrial Ltd,Manufacturing,Asia Pacific,Preferred,P106,Integration Services,Services,Consulting,11,11,943.81,10381.91,USD,2/10 Net 30,T. Brown,Received,Not Received,3.5,16,0,True,Facilities,North America,False,0.0,35.08,Paid
PO-00477,1,REQ-00477,2023-06-07,2023,2023-07-01,,S008,Cobalt Professional Services,Services,Asia Pacific,Approved,P100,Analytics Platform,Software,Analytics,44,0,570.38,25096.72,USD,2/10 Net 30,P. Nguyen,Open,Pending,3.0,24,0,False,Sales,North America,True,1254.84,283.59,Scheduled
PO-00478,1,REQ-00478,2023-10-29,2023,2023-12-09,2023-12-09,S004,Greenline Packaging,Packaging,North America,Approved,P102,Edge Gateway,Hardware,Networking,26,26,171.4,4456.4,USD,2/10 Net 30,K. Wilson,Received,Pending,4.8,41,0,True,Facilities,Europe,False,0.0,447.48,Scheduled
PO-00479,1,REQ-00479,2026-09-11,2026,2026-10-12,2026-10-27,S004,Greenline Packaging,Packaging,North America,Approved,P104,Insight Pro License,Software,Licenses,36,36,108.11,3891.96,USD,Net 45,K. Wilson,Received,Matched,4.6,31,15,False,Operations,North America,True,194.6,346.93,Scheduled
PO-00480,1,REQ-00480,2026-02-20,2026,2026-03-20,2026-03-28,S003,Pacific Industrial Ltd,Manufacturing,Asia Pacific,Preferred,P101,Cloud Data Suite,Software,Cloud,22,22,325.22,7154.84,USD,2/10 Net 30,T. Brown,Received,Not Received,3.8,28,8,False,Facilities,Asia Pacific,True,572.39,233.13,Overdue
PO-00481,1,REQ-00481,2025-11-18,2025,2025-12-26,,S008,Cobalt Professional Services,Services,Asia Pacific,Approved,P106,Integration Services,Services,Consulting,19,0,712.94,13545.86,USD,2/10 Net 30,K. Wilson,Open,Not Received,3.0,38,0,False,Technology,Europe,True,1354.59,22.76,Paid
PO-00482,1,REQ-00482,2024-04-26,2024,2024-05-29,,S002,Nimbus Cloud Supply,Technology,Europe,Preferred,P101,Cloud Data Suite,Software,Cloud,38,0,316.97,12044.86,USD,Net 45,D. Singh,Open,Matched,4.5,33,0,False,Sales,Asia Pacific,True,963.59,428.62,Scheduled
PO-00483,1,REQ-00483,2026-10-04,2026,2026-10-28,,S005,Meridian Logistics,Logistics,Europe,Strategic,P106,Integration Services,Services,Consulting,39,0,725.22,28283.58,USD,2/10 Net 30,K. Wilson,Open,Not Received,4.2,24,0,False,Facilities,Europe,False,2262.69,189.88,Overdue
PO-00484,1,REQ-00484,2025-07-10,2025,2025-08-16,2025-08-24,S003,Pacific Industrial Ltd,Manufacturing,Asia Pacific,Preferred,P100,Analytics Platform,Software,Analytics,13,13,482.03,6266.39,USD,Net 30,D. Singh,Received,Matched,3.9,37,8,False,Operations,Europe,True,626.64,268.23,Paid
PO-00485,1,REQ-00485,2026-06-04,2026,2026-06-24,2026-06-27,S005,Meridian Logistics,Logistics,Europe,Strategic,P109,Forecasting Add-on,Software,Analytics,52,52,182.47,9488.44,USD,Net 60,T. Brown,Received,Pending,3.7,20,3,False,Operations,North America,True,0.0,243.11,Paid
PO-00486,1,REQ-00486,2026-01-17,2026,2026-02-04,2026-02-04,S006,Vertex Office Goods,Office Supplies,Latin America,Approved,P105,Storage Array,Hardware,Storage,26,26,589.2,15319.2,USD,Net 45,T. Brown,Received,Disputed,3.1,18,0,True,Operations,Europe,False,1531.92,164.41,Paid
PO-00487,1,REQ-00487,2026-06-04,2026,2026-07-04,2026-07-04,S004,Greenline Packaging,Packaging,North America,Approved,P105,Storage Array,Hardware,Storage,52,52,634.86,33012.72,USD,Net 60,D. Singh,Received,Matched,4.3,30,0,True,Sales,Asia Pacific,False,2641.02,17.56,Paid
PO-00488,1,REQ-00488,2023-09-18,2023,2023-09-23,,S001,Apex Components,Hardware,North America,Strategic,P100,Analytics Platform,Software,Analytics,8,5,395.48,3163.84,USD,Net 45,T. Brown,In Transit,Matched,3.0,5,0,False,Sales,North America,True,158.19,151.56,Overdue
PO-00489,1,REQ-00489,2026-04-18,2026,2026-05-25,,S007,Sterling Security Group,Security,North America,Preferred,P100,Analytics Platform,Software,Analytics,55,12,667.76,36726.8,USD,Net 60,K. Wilson,In Transit,Matched,4.0,37,0,False,Facilities,Europe,True,3672.68,207.36,Scheduled
PO-00490,1,REQ-00490,2026-09-25,2026,2026-10-07,2026-10-07,S006,Vertex Office Goods,Office Supplies,Latin America,Approved,P102,Edge Gateway,Hardware,Networking,51,51,220.13,11226.63,USD,Net 60,L. Morgan,Received,Not Received,4.9,12,0,True,Technology,North America,True,0.0,200.13,Paid
PO-00491,1,REQ-00491,2025-11-02,2025,2025-12-03,2025-11-28,S008,Cobalt Professional Services,Services,Asia Pacific,Approved,P103,Secure Access Kit,Hardware,Security,35,35,123.79,4332.65,USD,Net 30,L. Morgan,Received,Disputed,3.4,31,0,True,Operations,North America,True,0.0,393.42,Scheduled
PO-00492,1,REQ-00492,2023-09-03,2023,2023-09-20,2023-09-15,S001,Apex Components,Hardware,North America,Strategic,P107,Support Renewal,Services,Support,64,64,222.91,14266.24,USD,Net 45,L. Morgan,Received,Pending,4.4,17,0,True,Research,North America,True,0.0,8.31,Scheduled
PO-00493,1,REQ-00493,2024-03-17,2024,2024-04-08,2024-04-11,S008,Cobalt Professional Services,Services,Asia Pacific,Approved,P103,Secure Access Kit,Hardware,Security,24,24,131.08,3145.92,USD,Net 45,P. Nguyen,Received,Matched,3.5,22,3,False,Technology,Europe,True,251.67,194.42,Paid
PO-00494,1,REQ-00494,2024-12-01,2024,2024-12-30,2025-01-02,S006,Vertex Office Goods,Office Supplies,Latin America,Approved,P106,Integration Services,Services,Consulting,42,42,752.31,31597.02,USD,Net 60,T. Brown,Received,Disputed,4.3,29,3,False,Facilities,Europe,True,0.0,442.63,Scheduled
PO-00495,1,REQ-00495,2024-09-20,2024,2024-10-25,2024-10-25,S001,Apex Components,Hardware,North America,Strategic,P106,Integration Services,Services,Consulting,37,37,887.15,32824.55,USD,Net 45,K. Wilson,Received,Not Received,2.8,35,0,True,Operations,Europe,True,3282.46,142.14,Paid
PO-00496,1,REQ-00496,2024-05-02,2024,2024-05-30,,S007,Sterling Security Group,Security,North America,Preferred,P102,Edge Gateway,Hardware,Networking,58,13,187.36,10866.88,USD,Net 45,K. Wilson,In Transit,Pending,3.8,28,0,False,Facilities,Europe,True,1086.69,339.62,Paid
PO-00497,1,REQ-00497,2023-12-05,2023,2023-12-27,2024-01-04,S004,Greenline Packaging,Packaging,North America,Approved,P105,Storage Array,Hardware,Storage,8,8,872.16,6977.28,USD,2/10 Net 30,K. Wilson,Received,Pending,3.6,22,8,False,Sales,Asia Pacific,True,558.18,54.1,Paid
PO-00498,1,REQ-00498,2024-02-15,2024,2024-03-08,2024-03-03,S003,Pacific Industrial Ltd,Manufacturing,Asia Pacific,Preferred,P103,Secure Access Kit,Hardware,Security,46,46,137.27,6314.42,USD,2/10 Net 30,K. Wilson,Received,Pending,3.5,22,0,True,Facilities,North America,True,631.44,44.0,Paid
PO-00499,1,REQ-00499,2024-07-01,2024,2024-07-27,,S002,Nimbus Cloud Supply,Technology,Europe,Preferred,P109,Forecasting Add-on,Software,Analytics,47,0,185.48,8717.56,USD,Net 45,K. Wilson,Open,Disputed,3.7,26,0,False,Operations,North America,False,0.0,294.92,Scheduled
PO-00500,1,REQ-00500,2023-06-29,2023,2023-08-04,2023-08-19,S007,Sterling Security Group,Security,North America,Preferred,P108,Mobile Scanner,Hardware,Devices,5,5,89.13,445.65,USD,2/10 Net 30,P. Nguyen,Closed,Matched,4.4,36,15,False,Research,North America,False,44.56,22.47,Overdue
PO-00501,1,REQ-00501,2023-04-29,2023,2023-05-21,2023-05-24,S008,Cobalt Professional Services,Services,Asia Pacific,Approved,P105,Storage Array,Hardware,Storage,63,63,813.12,51226.56,USD,Net 45,P. Nguyen,Closed,Pending,4.9,22,3,False,Technology,North America,True,2561.33,400.41,Paid
PO-00502,1,REQ-00502,2026-03-11,2026,2026-04-09,2026-04-12,S001,Apex Components,Hardware,North America,Strategic,P104,Insight Pro License,Software,Licenses,21,21,111.43,2340.03,USD,2/10 Net 30,T. Brown,Received,Pending,3.8,29,3,False,Sales,Asia Pacific,True,234.0,401.34,Paid
PO-00503,1,REQ-00503,2024-11-18,2024,2024-12-19,,S003,Pacific Industrial Ltd,Manufacturing,Asia Pacific,Preferred,P104,Insight Pro License,Software,Licenses,54,18,76.98,4156.92,USD,Net 45,L. Morgan,In Transit,Matched,3.0,31,0,False,Research,Asia Pacific,True,415.69,134.59,Scheduled
PO-00504,1,REQ-00504,2025-08-30,2025,2025-09-27,2025-09-27,S003,Pacific Industrial Ltd,Manufacturing,Asia Pacific,Preferred,P102,Edge Gateway,Hardware,Networking,65,65,239.21,15548.65,USD,Net 30,P. Nguyen,Received,Matched,4.1,28,0,True,Operations,Europe,True,0.0,331.88,Scheduled
PO-00505,1,REQ-00505,2025-09-21,2025,2025-10-05,2025-10-08,S006,Vertex Office Goods,Office Supplies,Latin America,Approved,P107,Support Renewal,Services,Support,54,54,198.24,10704.96,USD,Net 45,P. Nguyen,Closed,Disputed,3.7,14,3,False,Sales,Asia Pacific,True,535.25,437.85,Paid
PO-00506,1,REQ-00506,2025-03-19,2025,2025-04-01,2025-04-01,S002,Nimbus Cloud Supply,Technology,Europe,Preferred,P104,Insight Pro License,Software,Licenses,8,8,108.6,868.8,USD,Net 45,D. Singh,Received,Pending,4.0,13,0,True,Facilities,Asia Pacific,False,0.0,138.01,Paid
PO-00507,1,REQ-00507,2023-07-22,2023,2023-08-26,2023-09-10,S004,Greenline Packaging,Packaging,North America,Approved,P101,Cloud Data Suite,Software,Cloud,35,35,286.41,10024.35,USD,Net 30,D. Singh,Received,Matched,2.9,35,15,False,Technology,Asia Pacific,True,0.0,43.05,Paid
PO-00508,1,REQ-00508,2024-07-26,2024,2024-08-26,2024-09-10,S008,Cobalt Professional Services,Services,Asia Pacific,Approved,P104,Insight Pro License,Software,Licenses,17,17,86.7,1473.9,USD,Net 60,K. Wilson,Received,Disputed,3.1,31,15,False,Research,North America,False,0.0,106.95,Overdue
PO-00509,1,REQ-00509,2023-08-27,2023,2023-09-18,,S002,Nimbus Cloud Supply,Technology,Europe,Preferred,P105,Storage Array,Hardware,Storage,49,0,548.09,26856.41,USD,Net 45,K. Wilson,Open,Matched,3.2,22,0,False,Technology,Asia Pacific,True,1342.82,340.4,Scheduled
PO-00510,1,REQ-00510,2024-12-03,2024,2024-12-19,2024-12-19,S004,Greenline Packaging,Packaging,North America,Approved,P109,Forecasting Add-on,Software,Analytics,65,65,171.41,11141.65,USD,2/10 Net 30,K. Wilson,Received,Matched,4.4,16,0,True,Sales,Asia Pacific,False,1114.16,426.03,Paid
PO-00511,1,REQ-00511,2023-06-23,2023,2023-07-25,2023-07-20,S008,Cobalt Professional Services,Services,Asia Pacific,Approved,P102,Edge Gateway,Hardware,Networking,53,53,157.48,8346.44,USD,Net 30,T. Brown,Received,Matched,4.0,32,0,True,Sales,Asia Pacific,True,417.32,32.81,Paid
PO-00512,1,REQ-00512,2023-07-16,2023,2023-07-26,2023-07-29,S006,Vertex Office Goods,Office Supplies,Latin America,Approved,P102,Edge Gateway,Hardware,Networking,60,60,193.77,11626.2,USD,Net 60,P. Nguyen,Closed,Pending,3.0,10,3,False,Sales,North America,True,581.31,62.38,Scheduled
PO-00513,1,REQ-00513,2026-06-10,2026,2026-07-18,,S001,Apex Components,Hardware,North America,Strategic,P108,Mobile Scanner,Hardware,Devices,62,38,131.65,8162.3,USD,Net 60,T. Brown,In Transit,Pending,3.2,38,0,False,Sales,Asia Pacific,True,816.23,95.26,Overdue
PO-00514,1,REQ-00514,2023-11-23,2023,2023-12-13,2023-12-28,S003,Pacific Industrial Ltd,Manufacturing,Asia Pacific,Preferred,P100,Analytics Platform,Software,Analytics,5,5,544.07,2720.35,USD,2/10 Net 30,T. Brown,Received,Not Received,4.1,20,15,False,Sales,Europe,False,272.04,215.35,Scheduled
PO-00515,1,REQ-00515,2026-09-13,2026,2026-10-13,,S001,Apex Components,Hardware,North America,Strategic,P109,Forecasting Add-on,Software,Analytics,66,52,233.74,15426.84,USD,Net 30,D. Singh,In Transit,Matched,3.5,30,0,False,Facilities,Europe,True,771.34,375.65,Paid
PO-00516,1,REQ-00516,2023-05-29,2023,2023-06-24,2023-06-27,S004,Greenline Packaging,Packaging,North America,Approved,P101,Cloud Data Suite,Software,Cloud,16,16,454.47,7271.52,USD,2/10 Net 30,T. Brown,Closed,Disputed,4.0,26,3,False,Technology,Asia Pacific,False,581.72,274.54,Scheduled
PO-00517,1,REQ-00517,2025-07-31,2025,2025-09-02,2025-09-02,S005,Meridian Logistics,Logistics,Europe,Strategic,P109,Forecasting Add-on,Software,Analytics,54,54,152.94,8258.76,USD,Net 60,K. Wilson,Received,Matched,3.9,33,0,True,Operations,Asia Pacific,False,0.0,145.92,Scheduled
PO-00518,1,REQ-00518,2023-10-19,2023,2023-11-13,2023-11-28,S005,Meridian Logistics,Logistics,Europe,Strategic,P108,Mobile Scanner,Hardware,Devices,5,5,94.93,474.65,USD,2/10 Net 30,K. Wilson,Closed,Matched,4.7,25,15,False,Research,Europe,True,37.97,62.47,Scheduled
PO-00519,1,REQ-00519,2024-05-17,2024,2024-06-01,2024-06-04,S001,Apex Components,Hardware,North America,Strategic,P100,Analytics Platform,Software,Analytics,22,22,376.25,8277.5,USD,Net 60,D. Singh,Received,Matched,3.8,15,3,False,Research,Europe,True,413.88,79.6,Scheduled
PO-00520,1,REQ-00520,2024-10-14,2024,2024-11-08,2024-11-08,S003,Pacific Industrial Ltd,Manufacturing,Asia Pacific,Preferred,P106,Integration Services,Services,Consulting,61,61,860.76,52506.36,USD,Net 45,D. Singh,Received,Not Received,2.9,25,0,True,Research,Europe,False,4200.51,116.89,Paid
PO-00521,1,REQ-00521,2024-10-19,2024,2024-11-15,2024-11-30,S007,Sterling Security Group,Security,North America,Preferred,P106,Integration Services,Services,Consulting,32,32,847.86,27131.52,USD,Net 30,D. Singh,Received,Matched,4.8,27,15,False,Research,Europe,False,1356.58,88.52,Overdue
PO-00522,1,REQ-00522,2026-03-15,2026,2026-04-07,,S007,Sterling Security Group,Security,North America,Preferred,P107,Support Renewal,Services,Support,12,0,215.23,2582.76,USD,Net 45,K. Wilson,Cancelled,Matched,4.6,23,0,False,Sales,Europe,True,258.28,380.11,Scheduled
PO-00523,1,REQ-00523,2024-06-22,2024,2024-07-10,2024-07-13,S003,Pacific Industrial Ltd,Manufacturing,Asia Pacific,Preferred,P109,Forecasting Add-on,Software,Analytics,35,35,147.77,5171.95,USD,2/10 Net 30,P. Nguyen,Closed,Matched,5.0,18,3,False,Sales,North America,True,258.6,119.36,Scheduled
PO-00524,1,REQ-00524,2024-02-04,2024,2024-03-03,2024-03-03,S006,Vertex Office Goods,Office Supplies,Latin America,Approved,P103,Secure Access Kit,Hardware,Security,20,20,168.05,3361.0,USD,Net 30,T. Brown,Received,Matched,3.6,28,0,True,Facilities,Europe,True,268.88,270.15,Scheduled
PO-00525,1,REQ-00525,2023-03-15,2023,2023-04-19,2023-04-27,S003,Pacific Industrial Ltd,Manufacturing,Asia Pacific,Preferred,P102,Edge Gateway,Hardware,Networking,51,51,236.03,12037.53,USD,Net 30,K. Wilson,Received,Matched,3.6,35,8,False,Research,Europe,True,601.88,277.11,Paid
PO-00526,1,REQ-00526,2025-01-19,2025,2025-02-20,,S006,Vertex Office Goods,Office Supplies,Latin America,Approved,P101,Cloud Data Suite,Software,Cloud,18,10,419.8,7556.4,USD,Net 30,P. Nguyen,In Transit,Pending,3.9,32,0,False,Sales,Asia Pacific,False,0.0,57.76,Overdue
PO-00527,1,REQ-00527,2024-08-28,2024,2024-09-30,2024-09-30,S001,Apex Components,Hardware,North America,Strategic,P105,Storage Array,Hardware,Storage,28,28,758.81,21246.68,USD,Net 45,K. Wilson,Received,Not Received,4.2,33,0,True,Operations,Europe,True,1062.33,287.91,Scheduled
PO-00528,1,REQ-00528,2026-08-29,2026,2026-10-11,2026-10-14,S005,Meridian Logistics,Logistics,Europe,Strategic,P101,Cloud Data Suite,Software,Cloud,47,47,515.0,24205.0,USD,Net 60,K. Wilson,Received,Pending,4.7,43,3,False,Facilities,North America,True,1936.4,82.95,Paid
PO-00529,1,REQ-00529,2024-04-23,2024,2024-05-23,2024-05-31,S003,Pacific Industrial Ltd,Manufacturing,Asia Pacific,Preferred,P107,Support Renewal,Services,Support,63,63,168.08,10589.04,USD,Net 45,D. Singh,Received,Matched,4.6,30,8,False,Operations,North America,True,0.0,174.38,Overdue
PO-00530,1,REQ-00530,2023-08-16,2023,2023-08-29,2023-08-29,S007,Sterling Security Group,Security,North America,Preferred,P102,Edge Gateway,Hardware,Networking,65,65,253.31,16465.15,USD,Net 45,P. Nguyen,Received,Matched,4.0,13,0,True,Sales,Asia Pacific,True,823.26,29.05,Paid
PO-00531,1,REQ-00531,2026-06-15,2026,2026-07-13,,S003,Pacific Industrial Ltd,Manufacturing,Asia Pacific,Preferred,P100,Analytics Platform,Software,Analytics,36,0,387.03,13933.08,USD,2/10 Net 30,P. Nguyen,Open,Not Received,2.8,28,0,False,Technology,North America,True,0.0,389.75,Paid
PO-00532,1,REQ-00532,2023-10-26,2023,2023-11-15,2023-11-10,S008,Cobalt Professional Services,Services,Asia Pacific,Approved,P103,Secure Access Kit,Hardware,Security,14,14,201.51,2821.14,USD,Net 30,P. Nguyen,Received,Pending,3.6,20,0,True,Technology,North America,True,282.11,394.89,Scheduled
PO-00533,1,REQ-00533,2023-07-21,2023,2023-08-10,2023-08-10,S001,Apex Components,Hardware,North America,Strategic,P101,Cloud Data Suite,Software,Cloud,27,27,453.79,12252.33,USD,2/10 Net 30,P. Nguyen,Received,Matched,3.4,20,0,True,Technology,North America,True,0.0,319.21,Overdue
PO-00534,1,REQ-00534,2026-06-24,2026,2026-07-01,2026-07-01,S007,Sterling Security Group,Security,North America,Preferred,P103,Secure Access Kit,Hardware,Security,59,59,134.86,7956.74,USD,Net 45,T. Brown,Received,Not Received,3.8,7,0,True,Operations,North America,True,397.84,51.03,Overdue
PO-00535,1,REQ-00535,2026-01-28,2026,2026-03-04,2026-03-19,S005,Meridian Logistics,Logistics,Europe,Strategic,P100,Analytics Platform,Software,Analytics,12,12,535.1,6421.2,USD,Net 60,T. Brown,Received,Pending,3.6,35,15,False,Research,North America,False,642.12,388.71,Paid
PO-00536,1,REQ-00536,2025-12-16,2025,2026-01-13,2026-01-13,S006,Vertex Office Goods,Office Supplies,Latin America,Approved,P108,Mobile Scanner,Hardware,Devices,30,30,107.98,3239.4,USD,Net 30,P. Nguyen,Received,Disputed,4.0,28,0,True,Facilities,Europe,False,259.15,323.33,Paid
PO-00537,1,REQ-00537,2025-03-17,2025,2025-04-11,2025-04-11,S007,Sterling Security Group,Security,North America,Preferred,P107,Support Renewal,Services,Support,39,39,138.82,5413.98,USD,Net 60,K. Wilson,Received,Not Received,4.0,25,0,True,Technology,North America,True,270.7,405.76,Paid
PO-00538,1,REQ-00538,2024-04-27,2024,2024-05-12,,S001,Apex Components,Hardware,North America,Strategic,P104,Insight Pro License,Software,Licenses,52,28,97.5,5070.0,USD,Net 45,K. Wilson,In Transit,Not Received,4.3,15,0,False,Research,North America,True,253.5,47.4,Overdue
PO-00539,1,REQ-00539,2026-06-17,2026,2026-06-30,,S003,Pacific Industrial Ltd,Manufacturing,Asia Pacific,Preferred,P103,Secure Access Kit,Hardware,Security,12,0,130.54,1566.48,USD,2/10 Net 30,T. Brown,Open,Matched,2.9,13,0,False,Operations,Asia Pacific,False,156.65,197.02,Overdue
PO-00540,1,REQ-00540,2023-02-03,2023,2023-02-14,2023-02-14,S007,Sterling Security Group,Security,North America,Preferred,P108,Mobile Scanner,Hardware,Devices,27,27,92.4,2494.8,USD,Net 45,P. Nguyen,Received,Pending,2.9,11,0,True,Facilities,North America,False,249.48,149.31,Scheduled
PO-00541,1,REQ-00541,2023-04-24,2023,2023-05-18,2023-05-26,S001,Apex Components,Hardware,North America,Strategic,P101,Cloud Data Suite,Software,Cloud,59,59,306.76,18098.84,USD,Net 30,T. Brown,Received,Not Received,3.4,24,8,False,Operations,Asia Pacific,True,1809.88,78.38,Paid
PO-00542,1,REQ-00542,2025-03-02,2025,2025-03-17,,S002,Nimbus Cloud Supply,Technology,Europe,Preferred,P105,Storage Array,Hardware,Storage,35,0,612.89,21451.15,USD,Net 45,T. Brown,Open,Pending,2.8,15,0,False,Sales,Europe,False,1716.09,298.19,Scheduled
PO-00543,1,REQ-00543,2024-04-16,2024,2024-05-11,2024-05-14,S008,Cobalt Professional Services,Services,Asia Pacific,Approved,P107,Support Renewal,Services,Support,55,55,155.66,8561.3,USD,2/10 Net 30,P. Nguyen,Closed,Pending,4.3,25,3,False,Facilities,Asia Pacific,True,684.9,262.67,Scheduled
PO-00544,1,REQ-00544,2026-08-31,2026,2026-09-13,2026-09-13,S003,Pacific Industrial Ltd,Manufacturing,Asia Pacific,Preferred,P102,Edge Gateway,Hardware,Networking,10,10,223.99,2239.9,USD,2/10 Net 30,T. Brown,Received,Pending,4.4,13,0,True,Research,Asia Pacific,True,112.0,89.19,Paid
PO-00545,1,REQ-00545,2024-11-26,2024,2024-12-17,,S007,Sterling Security Group,Security,North America,Preferred,P101,Cloud Data Suite,Software,Cloud,6,2,348.33,2089.98,USD,Net 30,D. Singh,In Transit,Pending,4.4,21,0,False,Research,Asia Pacific,False,0.0,375.44,Paid
PO-00546,1,REQ-00546,2026-04-13,2026,2026-05-18,2026-05-18,S002,Nimbus Cloud Supply,Technology,Europe,Preferred,P109,Forecasting Add-on,Software,Analytics,69,69,185.06,12769.14,USD,2/10 Net 30,P. Nguyen,Received,Matched,3.4,35,0,True,Facilities,North America,True,638.46,432.16,Paid
PO-00547,1,REQ-00547,2024-01-17,2024,2024-02-27,2024-02-22,S006,Vertex Office Goods,Office Supplies,Latin America,Approved,P106,Integration Services,Services,Consulting,27,27,762.71,20593.17,USD,Net 45,L. Morgan,Received,Matched,4.4,41,0,True,Facilities,Asia Pacific,True,1647.45,421.23,Paid
PO-00548,1,REQ-00548,2025-11-08,2025,2025-12-02,2025-12-02,S006,Vertex Office Goods,Office Supplies,Latin America,Approved,P106,Integration Services,Services,Consulting,48,48,1059.22,50842.56,USD,2/10 Net 30,D. Singh,Received,Matched,2.9,24,0,True,Facilities,Europe,False,0.0,411.34,Paid
PO-00549,1,REQ-00549,2025-11-19,2025,2025-12-15,2025-12-10,S001,Apex Components,Hardware,North America,Strategic,P103,Secure Access Kit,Hardware,Security,66,66,151.78,10017.48,USD,Net 45,L. Morgan,Closed,Matched,3.9,26,0,True,Technology,North America,True,500.87,371.53,Paid
PO-00550,1,REQ-00550,2025-10-16,2025,2025-11-05,,S005,Meridian Logistics,Logistics,Europe,Strategic,P104,Insight Pro License,Software,Licenses,46,0,114.76,5278.96,USD,Net 45,P. Nguyen,Open,Disputed,3.5,20,0,False,Research,Asia Pacific,False,0.0,157.17,Scheduled
PO-00551,1,REQ-00551,2023-09-07,2023,2023-09-20,2023-09-28,S001,Apex Components,Hardware,North America,Strategic,P108,Mobile Scanner,Hardware,Devices,62,62,78.1,4842.2,USD,Net 45,D. Singh,Received,Matched,4.4,13,8,False,Technology,Asia Pacific,False,484.22,305.13,Paid
PO-00552,1,REQ-00552,2024-07-02,2024,2024-07-15,,S008,Cobalt Professional Services,Services,Asia Pacific,Approved,P109,Forecasting Add-on,Software,Analytics,47,0,192.31,9038.57,USD,Net 45,T. Brown,Open,Pending,3.8,13,0,False,Technology,Asia Pacific,True,451.93,30.33,Paid
PO-00553,1,REQ-00553,2023-11-14,2023,2023-12-13,,S005,Meridian Logistics,Logistics,Europe,Strategic,P105,Storage Array,Hardware,Storage,10,0,744.75,7447.5,USD,Net 30,T. Brown,Open,Matched,2.8,29,0,False,Operations,Europe,True,0.0,282.19,Paid
PO-00554,1,REQ-00554,2025-12-02,2025,2025-12-24,2026-01-08,S003,Pacific Industrial Ltd,Manufacturing,Asia Pacific,Preferred,P109,Forecasting Add-on,Software,Analytics,6,6,192.36,1154.16,USD,Net 60,T. Brown,Closed,Matched,4.6,22,15,False,Facilities,Europe,False,57.71,348.51,Scheduled
PO-00555,1,REQ-00555,2025-03-28,2025,2025-04-02,,S007,Sterling Security Group,Security,North America,Preferred,P105,Storage Array,Hardware,Storage,19,0,645.76,12269.44,USD,Net 30,T. Brown,Cancelled,Matched,2.8,5,0,False,Research,Europe,True,613.47,189.59,Paid
PO-00556,1,REQ-00556,2025-10-03,2025,2025-10-27,2025-11-04,S005,Meridian Logistics,Logistics,Europe,Strategic,P108,Mobile Scanner,Hardware,Devices,53,53,103.42,5481.26,USD,Net 45,T. Brown,Closed,Matched,4.1,24,8,False,Sales,North America,True,438.5,326.31,Paid
PO-00557,1,REQ-00557,2023-06-07,2023,2023-06-25,2023-06-28,S008,Cobalt Professional Services,Services,Asia Pacific,Approved,P107,Support Renewal,Services,Support,66,66,136.94,9038.04,USD,2/10 Net 30,T. Brown,Received,Matched,3.2,18,3,False,Operations,Asia Pacific,False,451.9,444.62,Paid
PO-00558,1,REQ-00558,2023-02-28,2023,2023-03-22,,S001,Apex Components,Hardware,North America,Strategic,P107,Support Renewal,Services,Support,51,33,248.81,12689.31,USD,2/10 Net 30,D. Singh,In Transit,Matched,2.9,22,0,False,Research,Asia Pacific,True,1268.93,265.59,Overdue
PO-00559,1,REQ-00559,2025-07-20,2025,2025-08-30,2025-08-30,S004,Greenline Packaging,Packaging,North America,Approved,P104,Insight Pro License,Software,Licenses,23,23,69.23,1592.29,USD,Net 45,D. Singh,Received,Matched,4.0,41,0,True,Sales,Asia Pacific,True,0.0,73.68,Paid
PO-00560,1,REQ-00560,2023-04-23,2023,2023-05-03,2023-05-18,S006,Vertex Office Goods,Office Supplies,Latin America,Approved,P108,Mobile Scanner,Hardware,Devices,37,37,121.54,4496.98,USD,Net 60,D. Singh,Received,Pending,4.5,10,15,False,Facilities,Europe,True,449.7,11.63,Paid
PO-00561,1,REQ-00561,2023-07-15,2023,2023-07-29,,S005,Meridian Logistics,Logistics,Europe,Strategic,P106,Integration Services,Services,Consulting,35,0,811.83,28414.05,USD,2/10 Net 30,K. Wilson,Open,Matched,3.2,14,0,False,Technology,Asia Pacific,True,2273.12,134.54,Paid
PO-00562,1,REQ-00562,2023-12-15,2023,2023-12-30,2024-01-07,S002,Nimbus Cloud Supply,Technology,Europe,Preferred,P109,Forecasting Add-on,Software,Analytics,16,16,195.7,3131.2,USD,Net 60,T. Brown,Received,Disputed,4.1,15,8,False,Research,Asia Pacific,False,0.0,408.39,Paid
PO-00563,1,REQ-00563,2023-05-08,2023,2023-06-02,2023-06-02,S002,Nimbus Cloud Supply,Technology,Europe,Preferred,P104,Insight Pro License,Software,Licenses,29,29,98.64,2860.56,USD,Net 45,K. Wilson,Received,Pending,4.3,25,0,True,Sales,Asia Pacific,True,228.84,72.96,Scheduled
PO-00564,1,REQ-00564,2026-09-04,2026,2026-10-12,,S005,Meridian Logistics,Logistics,Europe,Strategic,P109,Forecasting Add-on,Software,Analytics,44,26,128.49,5653.56,USD,2/10 Net 30,T. Brown,In Transit,Matched,3.2,38,0,False,Operations,Asia Pacific,True,0.0,13.5,Paid
PO-00565,1,REQ-00565,2025-03-03,2025,2025-03-19,,S005,Meridian Logistics,Logistics,Europe,Strategic,P106,Integration Services,Services,Consulting,39,0,982.59,38321.01,USD,2/10 Net 30,K. Wilson,Cancelled,Matched,4.6,16,0,False,Research,Asia Pacific,True,3065.68,213.36,Paid
PO-00566,1,REQ-00566,2023-12-18,2023,2024-01-04,,S001,Apex Components,Hardware,North America,Strategic,P109,Forecasting Add-on,Software,Analytics,11,0,170.83,1879.13,USD,Net 60,D. Singh,Open,Matched,3.8,17,0,False,Sales,Europe,True,93.96,329.3,Paid
PO-00567,1,REQ-00567,2024-01-14,2024,2024-02-23,,S004,Greenline Packaging,Packaging,North America,Approved,P105,Storage Array,Hardware,Storage,35,0,477.05,16696.75,USD,Net 60,K. Wilson,Open,Disputed,3.7,40,0,False,Facilities,Asia Pacific,True,834.84,58.62,Scheduled
PO-00568,1,REQ-00568,2026-04-26,2026,2026-05-20,2026-05-28,S008,Cobalt Professional Services,Services,Asia Pacific,Approved,P109,Forecasting Add-on,Software,Analytics,53,53,128.84,6828.52,USD,Net 60,L. Morgan,Received,Matched,4.1,24,8,False,Operations,Asia Pacific,False,546.28,376.12,Overdue
PO-00569,1,REQ-00569,2025-02-06,2025,2025-02-15,,S005,Meridian Logistics,Logistics,Europe,Strategic,P109,Forecasting Add-on,Software,Analytics,30,0,214.68,6440.4,USD,2/10 Net 30,P. Nguyen,Cancelled,Matched,2.9,9,0,False,Operations,Asia Pacific,True,644.04,235.33,Paid
PO-00570,1,REQ-00570,2026-08-04,2026,2026-08-22,2026-08-25,S001,Apex Components,Hardware,North America,Strategic,P103,Secure Access Kit,Hardware,Security,43,43,158.68,6823.24,USD,Net 60,T. Brown,Closed,Matched,2.9,18,3,False,Operations,North America,True,341.16,123.57,Paid
PO-00571,1,REQ-00571,2023-06-21,2023,2023-07-20,2023-07-20,S006,Vertex Office Goods,Office Supplies,Latin America,Approved,P106,Integration Services,Services,Consulting,48,48,1005.25,48252.0,USD,Net 45,T. Brown,Received,Matched,4.6,29,0,True,Facilities,Asia Pacific,True,3860.16,5.39,Paid
PO-00572,1,REQ-00572,2024-08-28,2024,2024-09-13,2024-09-21,S001,Apex Components,Hardware,North America,Strategic,P105,Storage Array,Hardware,Storage,39,39,746.66,29119.74,USD,Net 60,P. Nguyen,Received,Pending,3.8,16,8,False,Sales,North America,True,1455.99,304.2,Paid
PO-00573,1,REQ-00573,2025-06-15,2025,2025-07-13,2025-07-13,S006,Vertex Office Goods,Office Supplies,Latin America,Approved,P107,Support Renewal,Services,Support,19,19,197.78,3757.82,USD,Net 30,T. Brown,Closed,Matched,4.6,28,0,True,Facilities,Asia Pacific,False,0.0,46.35,Scheduled
PO-00574,1,REQ-00574,2026-04-22,2026,2026-05-05,2026-04-30,S003,Pacific Industrial Ltd,Manufacturing,Asia Pacific,Preferred,P107,Support Renewal,Services,Support,18,18,191.15,3440.7,USD,Net 30,T. Brown,Received,Matched,3.2,13,0,True,Sales,North America,True,344.07,205.81,Paid
PO-00575,1,REQ-00575,2023-06-06,2023,2023-07-04,2023-07-04,S003,Pacific Industrial Ltd,Manufacturing,Asia Pacific,Preferred,P101,Cloud Data Suite,Software,Cloud,55,55,281.4,15477.0,USD,2/10 Net 30,D. Singh,Received,Pending,3.8,28,0,True,Technology,North America,True,773.85,317.41,Scheduled
PO-00576,1,REQ-00576,2023-05-13,2023,2023-06-16,2023-06-16,S005,Meridian Logistics,Logistics,Europe,Strategic,P101,Cloud Data Suite,Software,Cloud,63,63,479.7,30221.1,USD,Net 60,T. Brown,Received,Pending,4.4,34,0,True,Sales,Asia Pacific,True,2417.69,67.29,Paid
PO-00577,1,REQ-00577,2024-06-10,2024,2024-06-30,,S001,Apex Components,Hardware,North America,Strategic,P106,Integration Services,Services,Consulting,10,0,1065.98,10659.8,USD,Net 60,K. Wilson,Open,Matched,3.3,20,0,False,Facilities,Europe,True,0.0,327.0,Scheduled
PO-00578,1,REQ-00578,2023-05-03,2023,2023-05-23,2023-05-23,S001,Apex Components,Hardware,North America,Strategic,P100,Analytics Platform,Software,Analytics,12,12,543.31,6519.72,USD,Net 45,K. Wilson,Received,Pending,4.2,20,0,True,Technology,Asia Pacific,True,325.99,300.85,Scheduled
PO-00579,1,REQ-00579,2026-04-04,2026,2026-04-11,,S002,Nimbus Cloud Supply,Technology,Europe,Preferred,P103,Secure Access Kit,Hardware,Security,33,20,172.44,5690.52,USD,Net 30,T. Brown,In Transit,Not Received,4.5,7,0,False,Operations,Asia Pacific,True,284.53,424.77,Paid
PO-00580,1,REQ-00580,2026-02-17,2026,2026-03-07,,S004,Greenline Packaging,Packaging,North America,Approved,P108,Mobile Scanner,Hardware,Devices,36,0,96.42,3471.12,USD,2/10 Net 30,L. Morgan,Open,Not Received,3.7,18,0,False,Research,North America,True,173.56,124.26,Paid
PO-00581,1,REQ-00581,2023-10-04,2023,2023-10-24,2023-10-24,S004,Greenline Packaging,Packaging,North America,Approved,P109,Forecasting Add-on,Software,Analytics,38,38,230.92,8774.96,USD,Net 60,P. Nguyen,Received,Matched,5.0,20,0,True,Sales,Europe,True,702.0,421.7,Paid
PO-00582,1,REQ-00582,2023-11-03,2023,2023-12-01,2023-11-26,S006,Vertex Office Goods,Office Supplies,Latin America,Approved,P101,Cloud Data Suite,Software,Cloud,16,16,402.38,6438.08,USD,Net 30,D. Singh,Closed,Pending,3.1,28,0,True,Operations,North America,True,515.05,399.72,Paid
PO-00583,1,REQ-00583,2025-11-28,2025,2025-12-08,,S004,Greenline Packaging,Packaging,North America,Approved,P101,Cloud Data Suite,Software,Cloud,68,0,294.45,20022.6,USD,Net 60,T. Brown,Open,Pending,4.4,10,0,False,Research,Asia Pacific,True,2002.26,111.79,Scheduled
PO-00584,1,REQ-00584,2023-12-20,2023,2024-01-17,2024-01-17,S004,Greenline Packaging,Packaging,North America,Approved,P109,Forecasting Add-on,Software,Analytics,36,36,144.28,5194.08,USD,2/10 Net 30,K. Wilson,Closed,Not Received,3.8,28,0,True,Technology,North America,True,519.41,365.11,Scheduled
PO-00585,1,REQ-00585,2025-01-26,2025,2025-02-27,2025-02-27,S004,Greenline Packaging,Packaging,North America,Approved,P101,Cloud Data Suite,Software,Cloud,52,52,412.81,21466.12,USD,2/10 Net 30,T. Brown,Received,Matched,4.7,32,0,True,Research,Europe,False,1717.29,366.42,Paid
PO-00586,1,REQ-00586,2025-03-15,2025,2025-03-28,2025-03-31,S007,Sterling Security Group,Security,North America,Preferred,P107,Support Renewal,Services,Support,48,48,167.75,8052.0,USD,Net 60,D. Singh,Received,Disputed,3.5,13,3,False,Sales,Asia Pacific,True,644.16,61.8,Paid
PO-00587,1,REQ-00587,2026-05-10,2026,2026-05-15,2026-05-10,S001,Apex Components,Hardware,North America,Strategic,P108,Mobile Scanner,Hardware,Devices,54,54,126.17,6813.18,USD,2/10 Net 30,D. Singh,Closed,Matched,4.8,5,0,True,Research,North America,True,340.66,140.97,Paid
PO-00588,1,REQ-00588,2025-12-15,2025,2026-01-03,2026-01-06,S001,Apex Components,Hardware,North America,Strategic,P100,Analytics Platform,Software,Analytics,19,19,456.61,8675.59,USD,Net 45,D. Singh,Received,Pending,4.2,19,3,False,Sales,North America,False,867.56,110.93,Scheduled
PO-00589,1,REQ-00589,2026-05-15,2026,2026-05-29,,S002,Nimbus Cloud Supply,Technology,Europe,Preferred,P104,Insight Pro License,Software,Licenses,58,0,73.95,4289.1,USD,2/10 Net 30,D. Singh,Open,Matched,3.2,14,0,False,Technology,Europe,False,343.13,168.28,Paid
PO-00590,1,REQ-00590,2023-05-16,2023,2023-06-02,,S006,Vertex Office Goods,Office Supplies,Latin America,Approved,P101,Cloud Data Suite,Software,Cloud,49,0,414.7,20320.3,USD,2/10 Net 30,T. Brown,Open,Matched,3.4,17,0,False,Facilities,Asia Pacific,True,0.0,86.7,Paid
PO-00591,1,REQ-00591,2026-06-18,2026,2026-07-15,2026-07-23,S008,Cobalt Professional Services,Services,Asia Pacific,Approved,P109,Forecasting Add-on,Software,Analytics,24,24,128.06,3073.44,USD,Net 45,D. Singh,Received,Not Received,3.1,27,8,False,Technology,North America,False,245.88,142.96,Scheduled
PO-00592,1,REQ-00592,2024-02-19,2024,2024-03-13,2024-03-08,S002,Nimbus Cloud Supply,Technology,Europe,Preferred,P100,Analytics Platform,Software,Analytics,48,48,541.75,26004.0,USD,Net 30,L. Morgan,Received,Matched,3.8,23,0,True,Sales,North America,False,2600.4,406.72,Scheduled
PO-00593,1,REQ-00593,2024-12-05,2024,2024-12-28,2024-12-28,S002,Nimbus Cloud Supply,Technology,Europe,Preferred,P102,Edge Gateway,Hardware,Networking,55,55,156.8,8624.0,USD,2/10 Net 30,T. Brown,Received,Matched,4.8,23,0,True,Operations,Europe,True,0.0,226.87,Paid
PO-00594,1,REQ-00594,2024-03-31,2024,2024-04-22,2024-04-25,S002,Nimbus Cloud Supply,Technology,Europe,Preferred,P105,Storage Array,Hardware,Storage,52,52,593.8,30877.6,USD,Net 60,K. Wilson,Received,Pending,4.0,22,3,False,Facilities,North America,True,0.0,293.29,Paid
PO-00595,1,REQ-00595,2024-07-12,2024,2024-08-09,,S008,Cobalt Professional Services,Services,Asia Pacific,Approved,P103,Secure Access Kit,Hardware,Security,32,0,128.05,4097.6,USD,Net 45,D. Singh,Open,Disputed,3.8,28,0,False,Sales,Asia Pacific,True,327.81,364.1,Paid
PO-00596,1,REQ-00596,2023-08-03,2023,2023-09-03,,S007,Sterling Security Group,Security,North America,Preferred,P101,Cloud Data Suite,Software,Cloud,52,32,365.84,19023.68,USD,2/10 Net 30,T. Brown,In Transit,Matched,4.1,31,0,False,Sales,Europe,True,951.18,85.57,Paid
PO-00597,1,REQ-00597,2026-07-08,2026,2026-07-23,2026-07-23,S003,Pacific Industrial Ltd,Manufacturing,Asia Pacific,Preferred,P103,Secure Access Kit,Hardware,Security,39,39,189.44,7388.16,USD,Net 30,K. Wilson,Received,Pending,3.9,15,0,True,Operations,Asia Pacific,True,369.41,9.23,Paid
PO-00598,1,REQ-00598,2023-01-13,2023,2023-02-03,2023-02-03,S007,Sterling Security Group,Security,North America,Preferred,P101,Cloud Data Suite,Software,Cloud,41,41,283.68,11630.88,USD,Net 60,D. Singh,Received,Not Received,4.9,21,0,True,Research,Europe,False,930.47,313.94,Paid
PO-00599,1,REQ-00599,2026-08-23,2026,2026-10-02,2026-10-02,S008,Cobalt Professional Services,Services,Asia Pacific,Approved,P102,Edge Gateway,Hardware,Networking,19,19,238.87,4538.53,USD,2/10 Net 30,P. Nguyen,Received,Pending,4.4,40,0,True,Technology,Asia Pacific,True,363.08,391.76,Scheduled
PO-00600,1,REQ-00600,2024-10-18,2024,2024-11-12,2024-11-15,S002,Nimbus Cloud Supply,Technology,Europe,Preferred,P100,Analytics Platform,Software,Analytics,19,19,398.96,7580.24,USD,2/10 Net 30,D. Singh,Received,Matched,3.0,25,3,False,Research,Europe,True,0.0,154.33,Paid
PO-00601,1,REQ-00601,2025-07-10,2025,2025-08-06,2025-08-01,S008,Cobalt Professional Services,Services,Asia Pacific,Approved,P108,Mobile Scanner,Hardware,Devices,51,51,127.89,6522.39,USD,2/10 Net 30,D. Singh,Received,Matched,4.9,27,0,True,Research,Europe,True,0.0,349.73,Paid
PO-00602,1,REQ-00602,2025-02-06,2025,2025-02-25,2025-03-05,S003,Pacific Industrial Ltd,Manufacturing,Asia Pacific,Preferred,P107,Support Renewal,Services,Support,24,24,250.89,6021.36,USD,2/10 Net 30,T. Brown,Received,Matched,4.8,19,8,False,Research,Europe,False,481.71,238.8,Paid
PO-00603,1,REQ-00603,2024-12-09,2024,2024-12-26,2025-01-10,S004,Greenline Packaging,Packaging,North America,Approved,P104,Insight Pro License,Software,Licenses,10,10,119.45,1194.5,USD,Net 45,D. Singh,Received,Matched,3.7,17,15,False,Facilities,North America,True,0.0,67.64,Scheduled
PO-00604,1,REQ-00604,2024-02-01,2024,2024-02-04,,S003,Pacific Industrial Ltd,Manufacturing,Asia Pacific,Preferred,P104,Insight Pro License,Software,Licenses,33,0,103.14,3403.62,USD,Net 30,P. Nguyen,Open,Pending,4.4,3,0,False,Sales,Europe,True,272.29,178.46,Paid
PO-00605,1,REQ-00605,2026-05-10,2026,2026-05-24,2026-05-24,S002,Nimbus Cloud Supply,Technology,Europe,Preferred,P104,Insight Pro License,Software,Licenses,49,49,109.82,5381.18,USD,2/10 Net 30,T. Brown,Closed,Pending,3.3,14,0,True,Sales,Europe,True,430.49,343.68,Scheduled
PO-00606,1,REQ-00606,2025-03-09,2025,2025-04-09,2025-04-04,S008,Cobalt Professional Services,Services,Asia Pacific,Approved,P109,Forecasting Add-on,Software,Analytics,13,13,200.71,2609.23,USD,2/10 Net 30,L. Morgan,Received,Disputed,2.9,31,0,True,Facilities,Europe,True,260.92,30.21,Scheduled
PO-00607,1,REQ-00607,2023-11-01,2023,2023-11-28,2023-11-23,S008,Cobalt Professional Services,Services,Asia Pacific,Approved,P102,Edge Gateway,Hardware,Networking,37,37,215.15,7960.55,USD,Net 45,T. Brown,Received,Not Received,4.3,27,0,True,Facilities,Asia Pacific,False,636.84,238.9,Overdue
PO-00608,1,REQ-00608,2025-07-09,2025,2025-08-04,,S008,Cobalt Professional Services,Services,Asia Pacific,Approved,P100,Analytics Platform,Software,Analytics,57,54,379.18,21613.26,USD,Net 30,K. Wilson,In Transit,Pending,4.7,26,0,False,Research,Asia Pacific,True,1080.66,177.66,Overdue
PO-00609,1,REQ-00609,2024-05-01,2024,2024-05-19,,S005,Meridian Logistics,Logistics,Europe,Strategic,P101,Cloud Data Suite,Software,Cloud,5,0,277.52,1387.6,USD,Net 30,K. Wilson,Open,Matched,4.2,18,0,False,Technology,North America,True,111.01,74.65,Scheduled
PO-00610,1,REQ-00610,2026-05-27,2026,2026-06-14,2026-06-14,S001,Apex Components,Hardware,North America,Strategic,P108,Mobile Scanner,Hardware,Devices,47,47,128.46,6037.62,USD,Net 60,T. Brown,Received,Matched,4.8,18,0,True,Research,Asia Pacific,True,603.76,444.43,Paid
PO-00611,1,REQ-00611,2025-04-05,2025,2025-05-14,2025-05-29,S007,Sterling Security Group,Security,North America,Preferred,P104,Insight Pro License,Software,Licenses,40,40,91.98,3679.2,USD,Net 45,D. Singh,Received,Matched,4.3,39,15,False,Facilities,Asia Pacific,True,294.34,259.13,Scheduled
PO-00612,1,REQ-00612,2026-05-04,2026,2026-05-26,,S004,Greenline Packaging,Packaging,North America,Approved,P104,Insight Pro License,Software,Licenses,61,0,119.28,7276.08,USD,Net 30,D. Singh,Cancelled,Pending,3.7,22,0,False,Sales,North America,True,0.0,443.45,Overdue
PO-00613,1,REQ-00613,2023-04-18,2023,2023-05-08,,S003,Pacific Industrial Ltd,Manufacturing,Asia Pacific,Preferred,P104,Insight Pro License,Software,Licenses,63,0,94.04,5924.52,USD,Net 60,P. Nguyen,Open,Matched,4.4,20,0,False,Facilities,Europe,True,473.96,282.85,Paid
PO-00614,1,REQ-00614,2025-02-22,2025,2025-03-21,,S004,Greenline Packaging,Packaging,North America,Approved,P105,Storage Array,Hardware,Storage,63,25,529.88,33382.44,USD,Net 45,L. Morgan,In Transit,Not Received,4.8,27,0,False,Operations,North America,True,2670.6,98.83,Paid
PO-00615,1,REQ-00615,2023-04-02,2023,2023-04-09,2023-04-09,S005,Meridian Logistics,Logistics,Europe,Strategic,P105,Storage Array,Hardware,Storage,64,64,652.93,41787.52,USD,Net 30,P. Nguyen,Received,Not Received,4.3,7,0,True,Facilities,Europe,True,0.0,109.73,Paid
PO-00616,1,REQ-00616,2025-08-15,2025,2025-08-30,2025-09-07,S004,Greenline Packaging,Packaging,North America,Approved,P100,Analytics Platform,Software,Analytics,66,66,425.58,28088.28,USD,2/10 Net 30,D. Singh,Received,Matched,4.9,15,8,False,Facilities,North America,False,2808.83,17.18,Scheduled
PO-00617,1,REQ-00617,2026-02-07,2026,2026-02-27,2026-02-22,S003,Pacific Industrial Ltd,Manufacturing,Asia Pacific,Preferred,P109,Forecasting Add-on,Software,Analytics,55,55,131.15,7213.25,USD,Net 60,L. Morgan,Closed,Pending,3.9,20,0,True,Research,North America,True,721.33,36.86,Paid
PO-00618,1,REQ-00618,2023-03-28,2023,2023-04-19,2023-04-22,S004,Greenline Packaging,Packaging,North America,Approved,P103,Secure Access Kit,Hardware,Security,25,25,121.27,3031.75,USD,2/10 Net 30,T. Brown,Received,Disputed,3.1,22,3,False,Sales,Europe,True,151.59,244.17,Scheduled
PO-00619,1,REQ-00619,2024-09-27,2024,2024-11-10,2024-11-10,S008,Cobalt Professional Services,Services,Asia Pacific,Approved,P108,Mobile Scanner,Hardware,Devices,30,30,100.19,3005.7,USD,Net 30,L. Morgan,Received,Disputed,3.2,44,0,True,Technology,North America,True,150.28,325.12,Paid
PO-00620,1,REQ-00620,2025-11-21,2025,2025-12-18,,S002,Nimbus Cloud Supply,Technology,Europe,Preferred,P101,Cloud Data Suite,Software,Cloud,41,0,361.13,14806.33,USD,Net 45,P. Nguyen,Open,Matched,3.2,27,0,False,Research,Asia Pacific,True,740.32,127.59,Paid
PO-00621,1,REQ-00621,2023-10-17,2023,2023-11-03,2023-10-29,S008,Cobalt Professional Services,Services,Asia Pacific,Approved,P108,Mobile Scanner,Hardware,Devices,15,15,132.8,1992.0,USD,Net 45,T. Brown,Received,Matched,3.4,17,0,True,Operations,Europe,True,159.36,151.06,Paid
PO-00622,1,REQ-00622,2024-04-19,2024,2024-05-09,2024-05-09,S004,Greenline Packaging,Packaging,North America,Approved,P101,Cloud Data Suite,Software,Cloud,16,16,508.79,8140.64,USD,Net 60,K. Wilson,Received,Pending,3.3,20,0,True,Operations,North America,True,651.25,279.7,Scheduled
PO-00623,1,REQ-00623,2024-10-26,2024,2024-11-13,2024-11-08,S006,Vertex Office Goods,Office Supplies,Latin America,Approved,P108,Mobile Scanner,Hardware,Devices,57,57,133.83,7628.31,USD,2/10 Net 30,T. Brown,Received,Pending,3.6,18,0,True,Research,Asia Pacific,True,762.83,323.06,Paid
PO-00624,1,REQ-00624,2024-11-25,2024,2024-11-29,2024-11-29,S002,Nimbus Cloud Supply,Technology,Europe,Preferred,P107,Support Renewal,Services,Support,35,35,158.1,5533.5,USD,Net 30,K. Wilson,Received,Matched,5.0,4,0,True,Operations,Europe,False,553.35,126.37,Scheduled
PO-00625,1,REQ-00625,2026-08-12,2026,2026-09-15,2026-09-18,S007,Sterling Security Group,Security,North America,Preferred,P102,Edge Gateway,Hardware,Networking,63,63,236.07,14872.41,USD,2/10 Net 30,T. Brown,Received,Pending,4.9,34,3,False,Technology,North America,True,0.0,360.27,Paid
PO-00626,1,REQ-00626,2023-01-01,2023,2023-01-09,2023-01-04,S001,Apex Components,Hardware,North America,Strategic,P101,Cloud Data Suite,Software,Cloud,8,8,398.03,3184.24,USD,Net 45,K. Wilson,Received,Disputed,3.5,8,0,True,Facilities,Europe,False,318.42,441.52,Paid
PO-00627,1,REQ-00627,2023-07-04,2023,2023-07-22,,S008,Cobalt Professional Services,Services,Asia Pacific,Approved,P101,Cloud Data Suite,Software,Cloud,26,10,433.35,11267.1,USD,Net 30,T. Brown,In Transit,Pending,3.4,18,0,False,Facilities,North America,True,1126.71,187.56,Scheduled
PO-00628,1,REQ-00628,2023-02-01,2023,2023-02-25,,S002,Nimbus Cloud Supply,Technology,Europe,Preferred,P109,Forecasting Add-on,Software,Analytics,22,16,138.35,3043.7,USD,Net 60,L. Morgan,In Transit,Matched,4.0,24,0,False,Sales,North America,True,152.19,265.28,Paid
PO-00629,1,REQ-00629,2026-07-19,2026,2026-07-24,2026-07-24,S006,Vertex Office Goods,Office Supplies,Latin America,Approved,P109,Forecasting Add-on,Software,Analytics,52,52,216.83,11275.16,USD,Net 45,T. Brown,Received,Matched,4.9,5,0,True,Technology,Asia Pacific,True,0.0,133.21,Scheduled
PO-00630,1,REQ-00630,2023-04-23,2023,2023-05-13,2023-05-13,S003,Pacific Industrial Ltd,Manufacturing,Asia Pacific,Preferred,P108,Mobile Scanner,Hardware,Devices,15,15,78.19,1172.85,USD,Net 30,D. Singh,Received,Not Received,4.6,20,0,True,Operations,Asia Pacific,True,93.83,316.64,Paid
PO-00631,1,REQ-00631,2023-11-15,2023,2023-11-26,,S001,Apex Components,Hardware,North America,Strategic,P107,Support Renewal,Services,Support,66,0,205.64,13572.24,USD,Net 30,P. Nguyen,Open,Pending,4.3,11,0,False,Facilities,Europe,False,0.0,97.89,Paid
PO-00632,1,REQ-00632,2026-06-02,2026,2026-06-15,2026-06-23,S006,Vertex Office Goods,Office Supplies,Latin America,Approved,P107,Support Renewal,Services,Support,64,64,225.56,14435.84,USD,Net 30,T. Brown,Received,Matched,3.3,13,8,False,Facilities,Europe,False,1443.58,327.97,Scheduled
PO-00633,1,REQ-00633,2025-10-05,2025,2025-10-23,2025-11-07,S004,Greenline Packaging,Packaging,North America,Approved,P103,Secure Access Kit,Hardware,Security,46,46,170.45,7840.7,USD,Net 45,L. Morgan,Received,Matched,4.7,18,15,False,Technology,North America,True,627.26,216.79,Scheduled
PO-00634,1,REQ-00634,2026-02-15,2026,2026-02-23,,S004,Greenline Packaging,Packaging,North America,Approved,P102,Edge Gateway,Hardware,Networking,63,0,242.32,15266.16,USD,Net 60,K. Wilson,Open,Matched,3.2,8,0,False,Operations,North America,True,1221.29,334.17,Paid
PO-00635,1,REQ-00635,2025-07-06,2025,2025-08-03,2025-08-03,S005,Meridian Logistics,Logistics,Europe,Strategic,P108,Mobile Scanner,Hardware,Devices,46,46,86.8,3992.8,USD,Net 60,K. Wilson,Received,Pending,3.6,28,0,True,Technology,Europe,True,199.64,307.1,Scheduled
PO-00636,1,REQ-00636,2023-03-02,2023,2023-03-21,2023-03-24,S008,Cobalt Professional Services,Services,Asia Pacific,Approved,P103,Secure Access Kit,Hardware,Security,22,22,154.63,3401.86,USD,Net 45,P. Nguyen,Received,Pending,3.3,19,3,False,Research,North America,False,340.19,81.07,Paid
PO-00637,1,REQ-00637,2025-04-10,2025,2025-04-25,2025-04-25,S002,Nimbus Cloud Supply,Technology,Europe,Preferred,P101,Cloud Data Suite,Software,Cloud,21,21,425.83,8942.43,USD,Net 60,T. Brown,Received,Not Received,3.3,15,0,True,Research,North America,True,0.0,154.38,Scheduled
PO-00638,1,REQ-00638,2023-05-27,2023,2023-06-21,2023-06-16,S004,Greenline Packaging,Packaging,North America,Approved,P101,Cloud Data Suite,Software,Cloud,22,22,423.0,9306.0,USD,Net 30,P. Nguyen,Closed,Matched,4.3,25,0,True,Facilities,Asia Pacific,True,465.3,42.12,Paid
PO-00639,1,REQ-00639,2025-03-08,2025,2025-03-31,2025-03-31,S001,Apex Components,Hardware,North America,Strategic,P100,Analytics Platform,Software,Analytics,9,9,431.29,3881.61,USD,Net 45,K. Wilson,Received,Matched,4.5,23,0,True,Research,Europe,True,388.16,134.01,Scheduled
PO-00640,1,REQ-00640,2026-08-16,2026,2026-09-07,2026-09-07,S008,Cobalt Professional Services,Services,Asia Pacific,Approved,P105,Storage Array,Hardware,Storage,31,31,884.33,27414.23,USD,Net 60,T. Brown,Received,Matched,3.8,22,0,True,Sales,North America,True,0.0,418.68,Paid
PO-00641,1,REQ-00641,2024-09-15,2024,2024-10-14,,S008,Cobalt Professional Services,Services,Asia Pacific,Approved,P100,Analytics Platform,Software,Analytics,31,0,396.34,12286.54,USD,2/10 Net 30,P. Nguyen,Open,Pending,4.4,29,0,False,Operations,Europe,False,0.0,446.7,Paid
PO-00642,1,REQ-00642,2023-09-14,2023,2023-10-04,2023-10-04,S005,Meridian Logistics,Logistics,Europe,Strategic,P100,Analytics Platform,Software,Analytics,36,36,375.55,13519.8,USD,2/10 Net 30,L. Morgan,Received,Matched,4.0,20,0,True,Facilities,Europe,False,1081.58,187.54,Scheduled
PO-00643,1,REQ-00643,2026-01-17,2026,2026-02-08,2026-02-08,S005,Meridian Logistics,Logistics,Europe,Strategic,P107,Support Renewal,Services,Support,31,31,205.82,6380.42,USD,Net 60,L. Morgan,Closed,Matched,3.6,22,0,True,Sales,Asia Pacific,True,510.43,20.48,Scheduled
PO-00644,1,REQ-00644,2025-11-15,2025,2025-12-10,,S001,Apex Components,Hardware,North America,Strategic,P103,Secure Access Kit,Hardware,Security,15,12,137.76,2066.4,USD,Net 60,D. Singh,In Transit,Pending,3.8,25,0,False,Sales,Europe,False,0.0,105.48,Scheduled
PO-00645,1,REQ-00645,2025-06-24,2025,2025-07-09,2025-07-09,S002,Nimbus Cloud Supply,Technology,Europe,Preferred,P104,Insight Pro License,Software,Licenses,16,16,103.11,1649.76,USD,2/10 Net 30,T. Brown,Received,Matched,3.5,15,0,True,Facilities,Europe,True,0.0,175.31,Scheduled
PO-00646,1,REQ-00646,2025-11-14,2025,2025-12-15,2025-12-15,S008,Cobalt Professional Services,Services,Asia Pacific,Approved,P105,Storage Array,Hardware,Storage,31,31,615.19,19070.89,USD,Net 30,D. Singh,Received,Pending,4.7,31,0,True,Sales,Asia Pacific,True,1525.67,34.14,Paid
PO-00647,1,REQ-00647,2023-01-13,2023,2023-02-13,2023-02-16,S006,Vertex Office Goods,Office Supplies,Latin America,Approved,P108,Mobile Scanner,Hardware,Devices,26,26,78.15,2031.9,USD,Net 45,P. Nguyen,Received,Matched,3.8,31,3,False,Technology,North America,True,101.6,106.26,Paid
PO-00648,1,REQ-00648,2024-02-20,2024,2024-03-01,2024-03-01,S008,Cobalt Professional Services,Services,Asia Pacific,Approved,P104,Insight Pro License,Software,Licenses,56,56,123.03,6889.68,USD,Net 45,T. Brown,Received,Matched,4.6,10,0,True,Sales,North America,False,344.48,309.69,Paid
PO-00649,1,REQ-00649,2024-09-11,2024,2024-10-07,2024-10-02,S005,Meridian Logistics,Logistics,Europe,Strategic,P105,Storage Array,Hardware,Storage,37,37,633.87,23453.19,USD,Net 30,K. Wilson,Received,Pending,4.6,26,0,True,Research,Europe,True,1172.66,50.01,Paid
PO-00650,1,REQ-00650,2026-09-23,2026,2026-10-29,2026-10-29,S001,Apex Components,Hardware,North America,Strategic,P107,Support Renewal,Services,Support,23,23,183.36,4217.28,USD,Net 30,T. Brown,Closed,Matched,3.1,36,0,True,Technology,Europe,False,421.73,424.33,Scheduled
PO-00651,1,REQ-00651,2026-01-09,2026,2026-01-30,2026-02-02,S005,Meridian Logistics,Logistics,Europe,Strategic,P100,Analytics Platform,Software,Analytics,34,34,370.16,12585.44,USD,Net 45,K. Wilson,Received,Not Received,4.8,21,3,False,Facilities,North America,False,0.0,301.83,Overdue
PO-00652,1,REQ-00652,2024-08-15,2024,2024-09-27,2024-09-27,S003,Pacific Industrial Ltd,Manufacturing,Asia Pacific,Preferred,P103,Secure Access Kit,Hardware,Security,7,7,164.38,1150.66,USD,Net 45,P. Nguyen,Received,Pending,3.0,43,0,True,Sales,North America,True,0.0,186.1,Paid
PO-00653,1,REQ-00653,2025-08-16,2025,2025-09-21,2025-09-21,S002,Nimbus Cloud Supply,Technology,Europe,Preferred,P105,Storage Array,Hardware,Storage,30,30,680.8,20424.0,USD,Net 30,L. Morgan,Received,Pending,3.6,36,0,True,Sales,North America,True,1021.2,163.1,Paid
PO-00654,1,REQ-00654,2026-07-16,2026,2026-08-10,2026-08-10,S001,Apex Components,Hardware,North America,Strategic,P106,Integration Services,Services,Consulting,41,41,1019.99,41819.59,USD,Net 60,D. Singh,Received,Matched,4.7,25,0,True,Operations,North America,False,2090.98,256.22,Paid
PO-00655,1,REQ-00655,2026-08-03,2026,2026-08-27,2026-08-30,S007,Sterling Security Group,Security,North America,Preferred,P105,Storage Array,Hardware,Storage,60,60,768.25,46095.0,USD,Net 30,L. Morgan,Received,Not Received,3.2,24,3,False,Operations,Asia Pacific,True,3687.6,268.36,Overdue
PO-00656,1,REQ-00656,2026-07-29,2026,2026-08-25,2026-08-25,S008,Cobalt Professional Services,Services,Asia Pacific,Approved,P102,Edge Gateway,Hardware,Networking,66,66,179.56,11850.96,USD,Net 60,P. Nguyen,Received,Matched,4.2,27,0,True,Sales,North America,True,948.08,192.91,Paid
PO-00657,1,REQ-00657,2024-03-14,2024,2024-04-03,2024-04-03,S002,Nimbus Cloud Supply,Technology,Europe,Preferred,P106,Integration Services,Services,Consulting,21,21,740.42,15548.82,USD,2/10 Net 30,L. Morgan,Received,Matched,4.5,20,0,True,Facilities,North America,True,777.44,122.31,Scheduled
PO-00658,1,REQ-00658,2024-02-13,2024,2024-03-13,,S002,Nimbus Cloud Supply,Technology,Europe,Preferred,P103,Secure Access Kit,Hardware,Security,60,21,140.73,8443.8,USD,Net 45,D. Singh,In Transit,Pending,4.0,29,0,False,Operations,Europe,False,422.19,32.39,Paid
PO-00659,1,REQ-00659,2025-01-30,2025,2025-02-22,2025-02-22,S002,Nimbus Cloud Supply,Technology,Europe,Preferred,P105,Storage Array,Hardware,Storage,23,23,808.8,18602.4,USD,Net 45,L. Morgan,Received,Pending,2.9,23,0,True,Operations,Europe,True,1488.19,170.62,Paid
PO-00660,1,REQ-00660,2026-01-20,2026,2026-02-14,,S005,Meridian Logistics,Logistics,Europe,Strategic,P102,Edge Gateway,Hardware,Networking,26,10,278.32,7236.32,USD,Net 45,D. Singh,In Transit,Matched,3.1,25,0,False,Sales,Europe,True,361.82,127.86,Paid
PO-00661,1,REQ-00661,2024-11-03,2024,2024-12-01,2024-12-01,S004,Greenline Packaging,Packaging,North America,Approved,P100,Analytics Platform,Software,Analytics,57,57,682.6,38908.2,USD,Net 60,L. Morgan,Received,Disputed,4.9,28,0,True,Sales,Europe,False,0.0,58.92,Overdue
PO-00662,1,REQ-00662,2023-05-17,2023,2023-06-12,,S005,Meridian Logistics,Logistics,Europe,Strategic,P105,Storage Array,Hardware,Storage,57,17,669.7,38172.9,USD,Net 45,T. Brown,In Transit,Matched,3.8,26,0,False,Sales,Asia Pacific,False,3817.29,179.27,Paid
PO-00663,1,REQ-00663,2025-04-25,2025,2025-05-13,,S001,Apex Components,Hardware,North America,Strategic,P103,Secure Access Kit,Hardware,Security,13,0,109.01,1417.13,USD,2/10 Net 30,D. Singh,Cancelled,Not Received,4.6,18,0,False,Operations,Asia Pacific,True,70.86,346.11,Paid
PO-00664,1,REQ-00664,2023-02-21,2023,2023-02-27,2023-02-27,S003,Pacific Industrial Ltd,Manufacturing,Asia Pacific,Preferred,P107,Support Renewal,Services,Support,47,47,145.73,6849.31,USD,Net 30,P. Nguyen,Received,Pending,3.9,6,0,True,Operations,Europe,True,0.0,252.41,Scheduled
PO-00665,1,REQ-00665,2025-12-28,2025,2026-01-21,,S007,Sterling Security Group,Security,North America,Preferred,P100,Analytics Platform,Software,Analytics,22,0,546.4,12020.8,USD,Net 30,K. Wilson,In Transit,Pending,3.7,24,0,False,Technology,North America,False,601.04,165.98,Paid
PO-00666,1,REQ-00666,2024-04-26,2024,2024-05-22,,S003,Pacific Industrial Ltd,Manufacturing,Asia Pacific,Preferred,P101,Cloud Data Suite,Software,Cloud,63,0,282.7,17810.1,USD,Net 45,K. Wilson,Open,Matched,3.3,26,0,False,Facilities,North America,False,1424.81,107.78,Paid
PO-00667,1,REQ-00667,2025-05-18,2025,2025-06-03,,S004,Greenline Packaging,Packaging,North America,Approved,P106,Integration Services,Services,Consulting,53,34,848.94,44993.82,USD,Net 60,D. Singh,In Transit,Pending,4.3,16,0,False,Sales,North America,False,2249.69,243.3,Paid
PO-00668,1,REQ-00668,2024-07-29,2024,2024-08-11,2024-08-11,S006,Vertex Office Goods,Office Supplies,Latin America,Approved,P106,Integration Services,Services,Consulting,17,17,599.99,10199.83,USD,Net 45,L. Morgan,Received,Matched,4.6,13,0,True,Sales,North America,True,509.99,410.33,Scheduled
PO-00669,1,REQ-00669,2025-01-21,2025,2025-02-11,2025-02-06,S006,Vertex Office Goods,Office Supplies,Latin America,Approved,P106,Integration Services,Services,Consulting,25,25,662.65,16566.25,USD,Net 60,P. Nguyen,Received,Matched,3.3,21,0,True,Research,Europe,False,1325.3,351.02,Scheduled
PO-00670,1,REQ-00670,2026-09-01,2026,2026-09-29,2026-09-29,S003,Pacific Industrial Ltd,Manufacturing,Asia Pacific,Preferred,P102,Edge Gateway,Hardware,Networking,45,45,211.46,9515.7,USD,Net 60,K. Wilson,Received,Matched,4.4,28,0,True,Operations,North America,True,0.0,219.86,Overdue
PO-00671,1,REQ-00671,2024-11-05,2024,2024-11-21,2024-11-29,S004,Greenline Packaging,Packaging,North America,Approved,P109,Forecasting Add-on,Software,Analytics,40,40,215.76,8630.4,USD,Net 30,P. Nguyen,Received,Pending,3.6,16,8,False,Technology,Europe,True,0.0,444.44,Scheduled
PO-00672,1,REQ-00672,2024-09-05,2024,2024-10-03,2024-10-06,S004,Greenline Packaging,Packaging,North America,Approved,P107,Support Renewal,Services,Support,30,30,174.11,5223.3,USD,Net 45,T. Brown,Received,Not Received,3.8,28,3,False,Facilities,Europe,False,522.33,92.84,Scheduled
PO-00673,1,REQ-00673,2025-04-10,2025,2025-04-29,2025-05-07,S008,Cobalt Professional Services,Services,Asia Pacific,Approved,P104,Insight Pro License,Software,Licenses,34,34,114.54,3894.36,USD,Net 30,P. Nguyen,Received,Disputed,3.3,19,8,False,Operations,Europe,False,194.72,448.3,Scheduled
PO-00674,1,REQ-00674,2026-02-15,2026,2026-03-06,2026-03-09,S001,Apex Components,Hardware,North America,Strategic,P109,Forecasting Add-on,Software,Analytics,53,53,196.32,10404.96,USD,Net 30,K. Wilson,Received,Not Received,5.0,19,3,False,Sales,Europe,False,520.25,174.02,Scheduled
PO-00675,1,REQ-00675,2026-05-15,2026,2026-05-24,2026-05-27,S001,Apex Components,Hardware,North America,Strategic,P100,Analytics Platform,Software,Analytics,17,17,450.58,7659.86,USD,Net 30,P. Nguyen,Received,Pending,4.8,9,3,False,Research,North America,True,765.99,52.21,Paid
PO-00676,1,REQ-00676,2026-03-02,2026,2026-03-29,2026-04-01,S002,Nimbus Cloud Supply,Technology,Europe,Preferred,P101,Cloud Data Suite,Software,Cloud,50,50,509.72,25486.0,USD,Net 45,L. Morgan,Received,Pending,3.3,27,3,False,Facilities,Europe,False,2038.88,444.82,Paid
PO-00677,1,REQ-00677,2025-01-17,2025,2025-02-27,2025-03-02,S001,Apex Components,Hardware,North America,Strategic,P102,Edge Gateway,Hardware,Networking,9,9,193.49,1741.41,USD,Net 30,D. Singh,Received,Pending,4.9,41,3,False,Technology,North America,True,87.07,411.82,Paid
PO-00678,1,REQ-00678,2025-08-08,2025,2025-08-30,2025-08-25,S003,Pacific Industrial Ltd,Manufacturing,Asia Pacific,Preferred,P104,Insight Pro License,Software,Licenses,58,58,113.45,6580.1,USD,Net 45,D. Singh,Received,Matched,4.7,22,0,True,Facilities,North America,False,526.41,142.52,Paid
PO-00679,1,REQ-00679,2026-01-14,2026,2026-02-01,2026-02-09,S002,Nimbus Cloud Supply,Technology,Europe,Preferred,P109,Forecasting Add-on,Software,Analytics,26,26,227.01,5902.26,USD,Net 45,L. Morgan,Received,Matched,3.7,18,8,False,Facilities,Europe,False,0.0,381.91,Paid
PO-00680,1,REQ-00680,2023-04-16,2023,2023-05-10,2023-05-10,S008,Cobalt Professional Services,Services,Asia Pacific,Approved,P106,Integration Services,Services,Consulting,39,39,969.16,37797.24,USD,Net 60,K. Wilson,Received,Matched,3.7,24,0,True,Sales,North America,True,1889.86,5.0,Paid
PO-00681,1,REQ-00681,2025-08-31,2025,2025-10-11,2025-10-11,S004,Greenline Packaging,Packaging,North America,Approved,P105,Storage Array,Hardware,Storage,34,34,702.27,23877.18,USD,Net 60,D. Singh,Received,Matched,3.3,41,0,True,Facilities,Europe,False,0.0,414.0,Paid
PO-00682,1,REQ-00682,2023-04-30,2023,2023-05-14,2023-05-09,S008,Cobalt Professional Services,Services,Asia Pacific,Approved,P103,Secure Access Kit,Hardware,Security,30,30,110.67,3320.1,USD,Net 60,P. Nguyen,Received,Not Received,3.7,14,0,True,Sales,Europe,True,332.01,236.5,Paid
PO-00683,1,REQ-00683,2026-07-30,2026,2026-09-02,2026-09-10,S006,Vertex Office Goods,Office Supplies,Latin America,Approved,P106,Integration Services,Services,Consulting,45,45,651.35,29310.75,USD,Net 60,T. Brown,Received,Matched,3.5,34,8,False,Sales,North America,False,2344.86,184.86,Paid
PO-00684,1,REQ-00684,2024-09-18,2024,2024-10-02,,S003,Pacific Industrial Ltd,Manufacturing,Asia Pacific,Preferred,P109,Forecasting Add-on,Software,Analytics,39,0,213.38,8321.82,USD,Net 45,K. Wilson,Open,Matched,4.4,14,0,False,Operations,North America,False,416.09,159.61,Overdue
PO-00685,1,REQ-00685,2025-08-08,2025,2025-09-10,2025-09-10,S005,Meridian Logistics,Logistics,Europe,Strategic,P104,Insight Pro License,Software,Licenses,38,38,76.42,2903.96,USD,Net 45,K. Wilson,Received,Matched,2.8,33,0,True,Facilities,Europe,False,232.32,268.67,Scheduled
PO-00686,1,REQ-00686,2024-01-21,2024,2024-02-11,2024-02-26,S007,Sterling Security Group,Security,North America,Preferred,P107,Support Renewal,Services,Support,61,61,241.83,14751.63,USD,Net 30,T. Brown,Received,Matched,4.4,21,15,False,Research,Asia Pacific,True,1180.13,199.34,Paid
PO-00687,1,REQ-00687,2024-11-17,2024,2024-11-30,2024-12-03,S001,Apex Components,Hardware,North America,Strategic,P102,Edge Gateway,Hardware,Networking,18,18,160.41,2887.38,USD,Net 60,L. Morgan,Received,Not Received,3.4,13,3,False,Sales,North America,False,144.37,255.79,Paid
PO-00688,1,REQ-00688,2026-09-13,2026,2026-10-01,2026-09-26,S005,Meridian Logistics,Logistics,Europe,Strategic,P105,Storage Array,Hardware,Storage,64,64,513.24,32847.36,USD,Net 60,L. Morgan,Received,Matched,4.6,18,0,True,Facilities,North America,True,0.0,320.77,Paid
PO-00689,1,REQ-00689,2024-02-18,2024,2024-03-11,,S006,Vertex Office Goods,Office Supplies,Latin America,Approved,P101,Cloud Data Suite,Software,Cloud,35,26,315.59,11045.65,USD,Net 45,D. Singh,In Transit,Matched,4.6,22,0,False,Sales,North America,False,883.65,61.98,Paid
PO-00690,1,REQ-00690,2026-08-09,2026,2026-09-07,2026-09-22,S003,Pacific Industrial Ltd,Manufacturing,Asia Pacific,Preferred,P106,Integration Services,Services,Consulting,41,41,626.36,25680.76,USD,Net 30,L. Morgan,Received,Matched,2.9,29,15,False,Sales,North America,False,2054.46,42.94,Paid
PO-00691,1,REQ-00691,2025-03-15,2025,2025-04-03,2025-04-06,S006,Vertex Office Goods,Office Supplies,Latin America,Approved,P103,Secure Access Kit,Hardware,Security,62,62,199.05,12341.1,USD,2/10 Net 30,P. Nguyen,Received,Matched,4.0,19,3,False,Sales,Europe,False,0.0,225.51,Scheduled
PO-00692,1,REQ-00692,2023-09-11,2023,2023-09-30,2023-09-25,S001,Apex Components,Hardware,North America,Strategic,P105,Storage Array,Hardware,Storage,39,39,523.04,20398.56,USD,Net 30,K. Wilson,Received,Disputed,3.9,19,0,True,Operations,Asia Pacific,False,1019.93,36.64,Scheduled
PO-00693,1,REQ-00693,2025-12-13,2025,2026-01-09,2026-01-24,S007,Sterling Security Group,Security,North America,Preferred,P108,Mobile Scanner,Hardware,Devices,6,6,80.83,484.98,USD,Net 45,D. Singh,Closed,Disputed,4.4,27,15,False,Sales,Europe,True,48.5,351.7,Scheduled
PO-00694,1,REQ-00694,2025-12-22,2025,2026-01-06,2026-01-06,S001,Apex Components,Hardware,North America,Strategic,P104,Insight Pro License,Software,Licenses,49,49,119.11,5836.39,USD,Net 45,D. Singh,Received,Matched,4.4,15,0,True,Sales,Asia Pacific,False,291.82,314.03,Paid
PO-00695,1,REQ-00695,2024-07-18,2024,2024-08-13,2024-08-28,S004,Greenline Packaging,Packaging,North America,Approved,P109,Forecasting Add-on,Software,Analytics,61,61,180.46,11008.06,USD,Net 60,P. Nguyen,Received,Matched,4.2,26,15,False,Technology,Asia Pacific,False,880.64,377.89,Paid
PO-00696,1,REQ-00696,2025-11-25,2025,2025-12-17,2025-12-17,S008,Cobalt Professional Services,Services,Asia Pacific,Approved,P101,Cloud Data Suite,Software,Cloud,8,8,348.93,2791.44,USD,2/10 Net 30,D. Singh,Received,Matched,3.2,22,0,True,Research,Asia Pacific,True,223.32,361.41,Paid
PO-00697,1,REQ-00697,2025-07-05,2025,2025-08-01,2025-07-27,S002,Nimbus Cloud Supply,Technology,Europe,Preferred,P102,Edge Gateway,Hardware,Networking,37,37,188.26,6965.62,USD,Net 45,D. Singh,Received,Not Received,4.4,27,0,True,Operations,Asia Pacific,False,696.56,416.89,Overdue
PO-00698,1,REQ-00698,2026-06-04,2026,2026-06-19,2026-06-19,S002,Nimbus Cloud Supply,Technology,Europe,Preferred,P101,Cloud Data Suite,Software,Cloud,66,66,344.61,22744.26,USD,Net 30,K. Wilson,Received,Not Received,2.9,15,0,True,Operations,North America,False,2274.43,302.59,Scheduled
PO-00699,1,REQ-00699,2023-09-22,2023,2023-10-10,,S004,Greenline Packaging,Packaging,North America,Approved,P109,Forecasting Add-on,Software,Analytics,29,0,128.44,3724.76,USD,2/10 Net 30,P. Nguyen,Open,Matched,4.1,18,0,False,Facilities,North America,True,186.24,258.79,Paid
PO-00700,1,REQ-00700,2023-06-16,2023,2023-07-15,2023-07-10,S004,Greenline Packaging,Packaging,North America,Approved,P105,Storage Array,Hardware,Storage,6,6,640.27,3841.62,USD,Net 45,K. Wilson,Received,Not Received,3.9,29,0,True,Technology,Europe,True,307.33,429.48,Scheduled
PO-00701,1,REQ-00701,2025-04-07,2025,2025-05-10,,S001,Apex Components,Hardware,North America,Strategic,P100,Analytics Platform,Software,Analytics,34,13,633.02,21522.68,USD,Net 30,T. Brown,In Transit,Matched,4.7,33,0,False,Sales,Asia Pacific,True,0.0,229.88,Scheduled
PO-00702,1,REQ-00702,2023-07-02,2023,2023-07-29,,S008,Cobalt Professional Services,Services,Asia Pacific,Approved,P106,Integration Services,Services,Consulting,18,0,1010.89,18196.02,USD,Net 30,T. Brown,Open,Matched,4.1,27,0,False,Technology,Europe,True,0.0,69.53,Scheduled
PO-00703,1,REQ-00703,2023-09-02,2023,2023-10-04,2023-10-04,S007,Sterling Security Group,Security,North America,Preferred,P100,Analytics Platform,Software,Analytics,68,68,533.27,36262.36,USD,2/10 Net 30,P. Nguyen,Closed,Matched,3.9,32,0,True,Technology,North America,True,3626.24,232.77,Scheduled
PO-00704,1,REQ-00704,2024-04-04,2024,2024-04-20,2024-04-20,S007,Sterling Security Group,Security,North America,Preferred,P107,Support Renewal,Services,Support,33,33,226.8,7484.4,USD,Net 45,K. Wilson,Received,Not Received,2.8,16,0,True,Technology,North America,True,748.44,339.98,Scheduled
PO-00705,1,REQ-00705,2024-09-08,2024,2024-10-08,2024-10-16,S001,Apex Components,Hardware,North America,Strategic,P100,Analytics Platform,Software,Analytics,27,27,507.43,13700.61,USD,Net 30,P. Nguyen,Received,Pending,4.2,30,8,False,Operations,Europe,True,0.0,127.04,Paid
PO-00706,1,REQ-00706,2024-08-20,2024,2024-09-18,2024-09-18,S005,Meridian Logistics,Logistics,Europe,Strategic,P105,Storage Array,Hardware,Storage,26,26,782.02,20332.52,USD,Net 60,L. Morgan,Received,Matched,4.7,29,0,True,Sales,Europe,True,1016.63,121.33,Overdue
PO-00707,1,REQ-00707,2024-05-03,2024,2024-05-24,2024-05-24,S004,Greenline Packaging,Packaging,North America,Approved,P108,Mobile Scanner,Hardware,Devices,45,45,116.51,5242.95,USD,Net 30,P. Nguyen,Received,Pending,4.3,21,0,True,Sales,Europe,True,419.44,385.36,Paid
PO-00708,1,REQ-00708,2024-02-24,2024,2024-03-28,,S001,Apex Components,Hardware,North America,Strategic,P104,Insight Pro License,Software,Licenses,23,0,98.56,2266.88,USD,Net 60,K. Wilson,Cancelled,Matched,4.6,33,0,False,Sales,Asia Pacific,True,226.69,403.77,Paid
PO-00709,1,REQ-00709,2026-10-03,2026,2026-10-08,2026-10-08,S001,Apex Components,Hardware,North America,Strategic,P108,Mobile Scanner,Hardware,Devices,44,44,105.64,4648.16,USD,Net 60,D. Singh,Received,Matched,3.0,5,0,True,Operations,Asia Pacific,True,232.41,444.94,Paid
PO-00710,1,REQ-00710,2023-07-04,2023,2023-08-08,2023-08-11,S001,Apex Components,Hardware,North America,Strategic,P101,Cloud Data Suite,Software,Cloud,46,46,300.27,13812.42,USD,Net 45,T. Brown,Received,Not Received,3.6,35,3,False,Operations,Asia Pacific,False,1104.99,318.1,Paid
PO-00711,1,REQ-00711,2024-10-21,2024,2024-11-19,2024-11-14,S006,Vertex Office Goods,Office Supplies,Latin America,Approved,P107,Support Renewal,Services,Support,60,60,205.34,12320.4,USD,Net 60,T. Brown,Received,Matched,3.7,29,0,True,Sales,North America,False,616.02,335.1,Paid
PO-00712,1,REQ-00712,2024-06-28,2024,2024-07-28,2024-07-28,S005,Meridian Logistics,Logistics,Europe,Strategic,P108,Mobile Scanner,Hardware,Devices,28,28,121.52,3402.56,USD,Net 30,K. Wilson,Received,Matched,4.8,30,0,True,Sales,North America,True,170.13,426.17,Scheduled
PO-00713,1,REQ-00713,2026-08-15,2026,2026-08-31,2026-08-31,S006,Vertex Office Goods,Office Supplies,Latin America,Approved,P106,Integration Services,Services,Consulting,34,34,725.14,24654.76,USD,Net 60,L. Morgan,Received,Disputed,4.7,16,0,True,Technology,North America,True,1232.74,82.98,Paid
PO-00714,1,REQ-00714,2024-02-08,2024,2024-02-13,,S004,Greenline Packaging,Packaging,North America,Approved,P108,Mobile Scanner,Hardware,Devices,48,0,128.55,6170.4,USD,2/10 Net 30,D. Singh,Cancelled,Pending,4.1,5,0,False,Operations,Europe,True,493.63,345.64,Paid
PO-00715,1,REQ-00715,2025-08-06,2025,2025-08-21,2025-08-21,S006,Vertex Office Goods,Office Supplies,Latin America,Approved,P105,Storage Array,Hardware,Storage,42,42,868.1,36460.2,USD,Net 45,T. Brown,Received,Matched,3.3,15,0,True,Operations,North America,False,2916.82,40.9,Paid
PO-00716,1,REQ-00716,2024-09-28,2024,2024-09-29,2024-09-29,S004,Greenline Packaging,Packaging,North America,Approved,P104,Insight Pro License,Software,Licenses,54,54,124.3,6712.2,USD,2/10 Net 30,P. Nguyen,Received,Pending,4.1,1,0,True,Operations,North America,False,0.0,130.2,Scheduled
PO-00717,1,REQ-00717,2025-10-13,2025,2025-11-05,,S008,Cobalt Professional Services,Services,Asia Pacific,Approved,P106,Integration Services,Services,Consulting,62,52,647.4,40138.8,USD,Net 30,D. Singh,In Transit,Not Received,3.5,23,0,False,Facilities,Asia Pacific,True,3211.1,156.09,Paid
PO-00718,1,REQ-00718,2023-02-25,2023,2023-03-18,2023-03-26,S003,Pacific Industrial Ltd,Manufacturing,Asia Pacific,Preferred,P107,Support Renewal,Services,Support,57,57,232.17,13233.69,USD,2/10 Net 30,P. Nguyen,Received,Matched,3.9,21,8,False,Operations,Europe,True,1323.37,279.8,Scheduled
PO-00719,1,REQ-00719,2023-12-01,2023,2023-12-02,2023-12-02,S007,Sterling Security Group,Security,North America,Preferred,P104,Insight Pro License,Software,Licenses,5,5,96.17,480.85,USD,Net 30,T. Brown,Received,Disputed,3.9,1,0,True,Sales,Europe,True,24.04,299.88,Paid
PO-00720,1,REQ-00720,2026-09-14,2026,2026-09-30,2026-09-30,S003,Pacific Industrial Ltd,Manufacturing,Asia Pacific,Preferred,P105,Storage Array,Hardware,Storage,9,9,706.56,6359.04,USD,Net 45,T. Brown,Received,Matched,4.5,16,0,True,Facilities,Europe,False,635.9,337.97,Overdue
PO-00721,1,REQ-00721,2025-03-29,2025,2025-04-17,2025-04-17,S008,Cobalt Professional Services,Services,Asia Pacific,Approved,P105,Storage Array,Hardware,Storage,15,15,590.18,8852.7,USD,2/10 Net 30,D. Singh,Received,Matched,4.8,19,0,True,Facilities,Asia Pacific,False,708.22,375.29,Overdue
PO-00722,1,REQ-00722,2025-04-30,2025,2025-05-18,2025-05-21,S003,Pacific Industrial Ltd,Manufacturing,Asia Pacific,Preferred,P100,Analytics Platform,Software,Analytics,42,42,453.22,19035.24,USD,Net 60,P. Nguyen,Received,Matched,4.1,18,3,False,Research,Asia Pacific,True,1522.82,215.46,Scheduled
PO-00723,1,REQ-00723,2024-08-03,2024,2024-09-01,,S001,Apex Components,Hardware,North America,Strategic,P109,Forecasting Add-on,Software,Analytics,31,5,202.57,6279.67,USD,2/10 Net 30,P. Nguyen,In Transit,Not Received,4.2,29,0,False,Facilities,North America,False,313.98,309.7,Paid
PO-00724,1,REQ-00724,2024-05-18,2024,2024-05-29,2024-05-24,S001,Apex Components,Hardware,North America,Strategic,P104,Insight Pro License,Software,Licenses,14,14,99.46,1392.44,USD,Net 60,T. Brown,Received,Matched,4.6,11,0,True,Research,Asia Pacific,True,111.4,277.3,Scheduled
PO-00725,1,REQ-00725,2025-04-19,2025,2025-05-25,,S006,Vertex Office Goods,Office Supplies,Latin America,Approved,P109,Forecasting Add-on,Software,Analytics,42,13,206.96,8692.32,USD,2/10 Net 30,D. Singh,In Transit,Not Received,3.2,36,0,False,Research,Asia Pacific,False,869.23,422.75,Overdue
PO-00726,1,REQ-00726,2024-03-11,2024,2024-04-08,2024-04-23,S001,Apex Components,Hardware,North America,Strategic,P103,Secure Access Kit,Hardware,Security,6,6,145.83,874.98,USD,Net 30,L. Morgan,Received,Not Received,4.0,28,15,False,Operations,Europe,True,87.5,249.48,Paid
PO-00727,1,REQ-00727,2026-01-13,2026,2026-02-08,2026-02-03,S005,Meridian Logistics,Logistics,Europe,Strategic,P102,Edge Gateway,Hardware,Networking,16,16,217.58,3481.28,USD,Net 60,K. Wilson,Received,Pending,4.0,26,0,True,Sales,North America,True,0.0,140.07,Scheduled
PO-00728,1,REQ-00728,2023-11-13,2023,2023-12-11,2023-12-14,S008,Cobalt Professional Services,Services,Asia Pacific,Approved,P103,Secure Access Kit,Hardware,Security,48,48,148.56,7130.88,USD,Net 30,L. Morgan,Received,Not Received,3.2,28,3,False,Technology,Asia Pacific,False,0.0,253.42,Paid
PO-00729,1,REQ-00729,2023-12-05,2023,2023-12-25,2023-12-20,S002,Nimbus Cloud Supply,Technology,Europe,Preferred,P102,Edge Gateway,Hardware,Networking,57,57,282.6,16108.2,USD,Net 45,P. Nguyen,Received,Matched,4.2,20,0,True,Sales,Europe,True,1610.82,103.01,Paid
PO-00730,1,REQ-00730,2023-06-16,2023,2023-07-02,2023-07-02,S004,Greenline Packaging,Packaging,North America,Approved,P104,Insight Pro License,Software,Licenses,63,63,81.95,5162.85,USD,2/10 Net 30,L. Morgan,Received,Pending,4.1,16,0,True,Sales,Europe,True,0.0,108.92,Scheduled
PO-00731,1,REQ-00731,2026-02-21,2026,2026-03-01,2026-02-24,S004,Greenline Packaging,Packaging,North America,Approved,P109,Forecasting Add-on,Software,Analytics,66,66,125.46,8280.36,USD,Net 60,L. Morgan,Received,Pending,3.4,8,0,True,Facilities,North America,False,0.0,325.55,Scheduled
PO-00732,1,REQ-00732,2023-04-08,2023,2023-05-07,2023-05-07,S001,Apex Components,Hardware,North America,Strategic,P103,Secure Access Kit,Hardware,Security,29,29,195.71,5675.59,USD,2/10 Net 30,K. Wilson,Received,Matched,2.9,29,0,True,Technology,Asia Pacific,True,283.78,177.37,Scheduled
PO-00733,1,REQ-00733,2025-09-12,2025,2025-10-04,2025-09-29,S001,Apex Components,Hardware,North America,Strategic,P103,Secure Access Kit,Hardware,Security,70,70,124.52,8716.4,USD,2/10 Net 30,L. Morgan,Closed,Pending,3.1,22,0,True,Sales,Asia Pacific,True,871.64,20.91,Overdue
PO-00734,1,REQ-00734,2023-02-15,2023,2023-03-05,,S001,Apex Components,Hardware,North America,Strategic,P106,Integration Services,Services,Consulting,14,0,1030.2,14422.8,USD,Net 60,K. Wilson,Open,Matched,2.8,18,0,False,Technology,Europe,True,721.14,113.28,Scheduled
PO-00735,1,REQ-00735,2026-03-16,2026,2026-04-01,2026-04-04,S001,Apex Components,Hardware,North America,Strategic,P109,Forecasting Add-on,Software,Analytics,36,36,182.56,6572.16,USD,Net 45,D. Singh,Received,Matched,4.2,16,3,False,Research,North America,True,328.61,386.89,Paid
PO-00736,1,REQ-00736,2023-06-01,2023,2023-07-12,2023-07-12,S002,Nimbus Cloud Supply,Technology,Europe,Preferred,P103,Secure Access Kit,Hardware,Security,30,30,193.13,5793.9,USD,Net 45,L. Morgan,Received,Matched,3.5,41,0,True,Operations,Europe,True,463.51,108.15,Paid
PO-00737,1,REQ-00737,2024-07-03,2024,2024-07-12,,S003,Pacific Industrial Ltd,Manufacturing,Asia Pacific,Preferred,P100,Analytics Platform,Software,Analytics,70,0,376.25,26337.5,USD,Net 30,L. Morgan,Open,Matched,3.6,9,0,False,Operations,North America,True,2107.0,358.0,Scheduled
PO-00738,1,REQ-00738,2025-05-30,2025,2025-06-12,2025-06-27,S001,Apex Components,Hardware,North America,Strategic,P103,Secure Access Kit,Hardware,Security,7,7,163.35,1143.45,USD,Net 45,K. Wilson,Received,Matched,4.6,13,15,False,Research,Asia Pacific,True,91.48,87.11,Scheduled
PO-00739,1,REQ-00739,2026-06-22,2026,2026-06-26,2026-06-29,S007,Sterling Security Group,Security,North America,Preferred,P101,Cloud Data Suite,Software,Cloud,25,25,512.02,12800.5,USD,Net 30,P. Nguyen,Received,Matched,4.5,4,3,False,Technology,Europe,True,1280.05,33.23,Scheduled
PO-00740,1,REQ-00740,2025-05-21,2025,2025-06-19,,S006,Vertex Office Goods,Office Supplies,Latin America,Approved,P100,Analytics Platform,Software,Analytics,68,0,604.04,41074.72,USD,Net 45,K. Wilson,Cancelled,Pending,4.3,29,0,False,Technology,North America,True,3285.98,101.63,Paid
PO-00741,1,REQ-00741,2026-06-16,2026,2026-07-17,2026-08-01,S006,Vertex Office Goods,Office Supplies,Latin America,Approved,P109,Forecasting Add-on,Software,Analytics,41,41,152.11,6236.51,USD,2/10 Net 30,T. Brown,Closed,Pending,3.9,31,15,False,Sales,North America,True,0.0,143.21,Paid
PO-00742,1,REQ-00742,2026-08-14,2026,2026-09-08,,S001,Apex Components,Hardware,North America,Strategic,P105,Storage Array,Hardware,Storage,21,18,557.36,11704.56,USD,2/10 Net 30,T. Brown,In Transit,Pending,2.9,25,0,False,Sales,North America,False,1170.46,321.76,Paid
PO-00743,1,REQ-00743,2024-07-29,2024,2024-08-16,2024-08-19,S005,Meridian Logistics,Logistics,Europe,Strategic,P105,Storage Array,Hardware,Storage,67,67,751.65,50360.55,USD,Net 60,T. Brown,Received,Matched,4.4,18,3,False,Sales,North America,True,5036.06,374.14,Scheduled
PO-00744,1,REQ-00744,2026-06-24,2026,2026-07-12,,S007,Sterling Security Group,Security,North America,Preferred,P106,Integration Services,Services,Consulting,29,27,798.61,23159.69,USD,2/10 Net 30,K. Wilson,In Transit,Pending,3.3,18,0,False,Sales,Europe,True,1157.98,235.72,Scheduled
PO-00745,1,REQ-00745,2026-08-04,2026,2026-08-28,,S008,Cobalt Professional Services,Services,Asia Pacific,Approved,P109,Forecasting Add-on,Software,Analytics,49,14,127.22,6233.78,USD,2/10 Net 30,T. Brown,In Transit,Matched,4.9,24,0,False,Sales,Asia Pacific,True,311.69,282.52,Paid
PO-00746,1,REQ-00746,2023-09-22,2023,2023-10-21,,S001,Apex Components,Hardware,North America,Strategic,P106,Integration Services,Services,Consulting,29,5,958.56,27798.24,USD,Net 45,T. Brown,In Transit,Disputed,3.5,29,0,False,Facilities,Europe,False,2223.86,293.67,Paid
PO-00747,1,REQ-00747,2024-01-25,2024,2024-02-10,2024-02-10,S002,Nimbus Cloud Supply,Technology,Europe,Preferred,P106,Integration Services,Services,Consulting,10,10,901.5,9015.0,USD,Net 45,L. Morgan,Received,Matched,3.0,16,0,True,Sales,North America,False,450.75,188.15,Overdue
PO-00748,1,REQ-00748,2025-07-04,2025,2025-07-24,,S002,Nimbus Cloud Supply,Technology,Europe,Preferred,P105,Storage Array,Hardware,Storage,31,0,830.52,25746.12,USD,Net 45,K. Wilson,Open,Not Received,3.3,20,0,False,Sales,North America,False,2059.69,95.33,Paid
PO-00749,1,REQ-00749,2026-01-18,2026,2026-01-27,,S004,Greenline Packaging,Packaging,North America,Approved,P108,Mobile Scanner,Hardware,Devices,5,2,132.06,660.3,USD,Net 60,T. Brown,In Transit,Pending,3.8,9,0,False,Sales,Asia Pacific,False,66.03,268.47,Paid
PO-00750,1,REQ-00750,2025-03-05,2025,2025-04-05,2025-04-05,S002,Nimbus Cloud Supply,Technology,Europe,Preferred,P104,Insight Pro License,Software,Licenses,34,34,114.68,3899.12,USD,2/10 Net 30,D. Singh,Received,Pending,4.4,31,0,True,Sales,Asia Pacific,True,389.91,119.76,Scheduled
PO-00751,1,REQ-00751,2026-04-23,2026,2026-04-24,2026-04-27,S004,Greenline Packaging,Packaging,North America,Approved,P102,Edge Gateway,Hardware,Networking,40,40,269.77,10790.8,USD,Net 45,D. Singh,Received,Not Received,4.8,1,3,False,Research,Europe,False,1079.08,316.51,Paid
PO-00752,1,REQ-00752,2025-03-16,2025,2025-04-08,2025-04-08,S006,Vertex Office Goods,Office Supplies,Latin America,Approved,P109,Forecasting Add-on,Software,Analytics,43,43,232.59,10001.37,USD,Net 30,D. Singh,Received,Matched,4.5,23,0,True,Technology,Asia Pacific,True,800.11,312.09,Paid
PO-00753,1,REQ-00753,2023-04-19,2023,2023-05-26,2023-05-29,S001,Apex Components,Hardware,North America,Strategic,P108,Mobile Scanner,Hardware,Devices,34,34,84.66,2878.44,USD,Net 45,D. Singh,Received,Pending,4.3,37,3,False,Operations,Europe,True,143.92,38.8,Paid
PO-00754,1,REQ-00754,2026-02-07,2026,2026-02-15,2026-02-10,S001,Apex Components,Hardware,North America,Strategic,P102,Edge Gateway,Hardware,Networking,46,46,183.89,8458.94,USD,Net 45,L. Morgan,Received,Matched,3.6,8,0,True,Facilities,Asia Pacific,True,845.89,205.98,Paid
PO-00755,1,REQ-00755,2026-07-17,2026,2026-07-29,2026-07-29,S005,Meridian Logistics,Logistics,Europe,Strategic,P104,Insight Pro License,Software,Licenses,13,13,102.97,1338.61,USD,Net 30,L. Morgan,Received,Pending,3.6,12,0,True,Facilities,North America,True,133.86,144.84,Paid
PO-00756,1,REQ-00756,2024-12-19,2024,2025-01-06,2025-01-06,S007,Sterling Security Group,Security,North America,Preferred,P105,Storage Array,Hardware,Storage,17,17,866.09,14723.53,USD,Net 60,K. Wilson,Received,Pending,2.9,18,0,True,Operations,Asia Pacific,True,1177.88,334.37,Scheduled
PO-00757,1,REQ-00757,2023-12-13,2023,2024-01-02,2024-01-02,S005,Meridian Logistics,Logistics,Europe,Strategic,P100,Analytics Platform,Software,Analytics,69,69,612.91,42290.79,USD,Net 30,P. Nguyen,Received,Pending,4.7,20,0,True,Research,North America,True,2114.54,326.38,Paid
PO-00758,1,REQ-00758,2025-02-22,2025,2025-03-10,,S007,Sterling Security Group,Security,North America,Preferred,P106,Integration Services,Services,Consulting,8,0,698.41,5587.28,USD,Net 30,K. Wilson,Open,Matched,2.9,16,0,False,Sales,Asia Pacific,True,446.98,449.84,Paid
PO-00759,1,REQ-00759,2026-05-20,2026,2026-06-11,2026-06-14,S004,Greenline Packaging,Packaging,North America,Approved,P102,Edge Gateway,Hardware,Networking,8,8,234.65,1877.2,USD,Net 45,L. Morgan,Received,Matched,3.7,22,3,False,Research,Asia Pacific,True,187.72,362.91,Scheduled
PO-00760,1,REQ-00760,2024-05-07,2024,2024-05-22,2024-05-22,S001,Apex Components,Hardware,North America,Strategic,P101,Cloud Data Suite,Software,Cloud,14,14,346.27,4847.78,USD,Net 45,L. Morgan,Received,Pending,3.7,15,0,True,Operations,North America,True,484.78,317.42,Paid
PO-00761,1,REQ-00761,2025-06-10,2025,2025-07-06,,S008,Cobalt Professional Services,Services,Asia Pacific,Approved,P102,Edge Gateway,Hardware,Networking,26,24,232.02,6032.52,USD,Net 45,D. Singh,In Transit,Not Received,4.5,26,0,False,Operations,Europe,False,603.25,240.14,Paid
PO-00762,1,REQ-00762,2023-09-20,2023,2023-09-28,2023-10-01,S007,Sterling Security Group,Security,North America,Preferred,P107,Support Renewal,Services,Support,60,60,138.32,8299.2,USD,2/10 Net 30,T. Brown,Received,Matched,2.8,8,3,False,Operations,North America,True,0.0,244.0,Scheduled
PO-00763,1,REQ-00763,2026-01-25,2026,2026-02-18,2026-02-13,S003,Pacific Industrial Ltd,Manufacturing,Asia Pacific,Preferred,P100,Analytics Platform,Software,Analytics,38,38,548.26,20833.88,USD,Net 45,D. Singh,Received,Pending,3.0,24,0,True,Technology,Europe,True,1041.69,174.53,Overdue
PO-00764,1,REQ-00764,2023-02-27,2023,2023-03-16,,S004,Greenline Packaging,Packaging,North America,Approved,P104,Insight Pro License,Software,Licenses,45,0,86.28,3882.6,USD,Net 45,K. Wilson,Open,Not Received,3.9,17,0,False,Research,North America,True,388.26,298.74,Paid
PO-00765,1,REQ-00765,2026-02-20,2026,2026-03-28,2026-03-28,S008,Cobalt Professional Services,Services,Asia Pacific,Approved,P102,Edge Gateway,Hardware,Networking,67,67,198.55,13302.85,USD,Net 60,K. Wilson,Received,Matched,4.8,36,0,True,Technology,North America,True,665.14,433.18,Paid
PO-00766,1,REQ-00766,2025-03-05,2025,2025-04-02,2025-04-02,S008,Cobalt Professional Services,Services,Asia Pacific,Approved,P103,Secure Access Kit,Hardware,Security,47,47,137.75,6474.25,USD,Net 30,D. Singh,Received,Pending,3.3,28,0,True,Sales,Europe,False,0.0,411.28,Scheduled
PO-00767,1,REQ-00767,2025-03-10,2025,2025-03-22,,S006,Vertex Office Goods,Office Supplies,Latin America,Approved,P109,Forecasting Add-on,Software,Analytics,63,0,224.84,14164.92,USD,Net 60,L. Morgan,Open,Matched,3.8,12,0,False,Technology,Asia Pacific,False,708.25,337.6,Overdue
PO-00768,1,REQ-00768,2025-07-01,2025,2025-07-19,2025-07-19,S002,Nimbus Cloud Supply,Technology,Europe,Preferred,P105,Storage Array,Hardware,Storage,7,7,774.5,5421.5,USD,2/10 Net 30,T. Brown,Received,Matched,3.5,18,0,True,Facilities,Asia Pacific,True,433.72,189.44,Paid
PO-00769,1,REQ-00769,2025-10-18,2025,2025-11-06,2025-11-06,S004,Greenline Packaging,Packaging,North America,Approved,P108,Mobile Scanner,Hardware,Devices,7,7,117.15,820.05,USD,2/10 Net 30,P. Nguyen,Closed,Pending,3.6,19,0,True,Sales,Asia Pacific,True,0.0,333.39,Paid
PO-00770,1,REQ-00770,2026-09-27,2026,2026-11-08,2026-11-11,S006,Vertex Office Goods,Office Supplies,Latin America,Approved,P106,Integration Services,Services,Consulting,57,57,1015.36,57875.52,USD,Net 60,L. Morgan,Closed,Matched,3.3,42,3,False,Sales,North America,False,4630.04,415.47,Paid
PO-00771,1,REQ-00771,2024-12-31,2024,2025-01-19,2025-01-27,S008,Cobalt Professional Services,Services,Asia Pacific,Approved,P109,Forecasting Add-on,Software,Analytics,15,15,204.59,3068.85,USD,Net 30,L. Morgan,Received,Not Received,3.6,19,8,False,Technology,Asia Pacific,True,245.51,141.61,Scheduled
PO-00772,1,REQ-00772,2026-07-09,2026,2026-07-26,2026-07-26,S008,Cobalt Professional Services,Services,Asia Pacific,Approved,P108,Mobile Scanner,Hardware,Devices,23,23,118.28,2720.44,USD,Net 30,T. Brown,Received,Matched,4.6,17,0,True,Research,Europe,True,272.04,334.83,Scheduled
PO-00773,1,REQ-00773,2025-09-23,2025,2025-10-19,2025-10-19,S007,Sterling Security Group,Security,North America,Preferred,P106,Integration Services,Services,Consulting,18,18,868.24,15628.32,USD,Net 45,D. Singh,Received,Pending,3.3,26,0,True,Sales,Europe,True,1250.27,358.61,Scheduled
PO-00774,1,REQ-00774,2025-08-11,2025,2025-08-31,2025-08-31,S008,Cobalt Professional Services,Services,Asia Pacific,Approved,P107,Support Renewal,Services,Support,39,39,148.13,5777.07,USD,Net 30,K. Wilson,Received,Matched,3.7,20,0,True,Technology,North America,True,0.0,273.87,Overdue
PO-00775,1,REQ-00775,2025-05-22,2025,2025-06-02,,S005,Meridian Logistics,Logistics,Europe,Strategic,P106,Integration Services,Services,Consulting,23,0,632.19,14540.37,USD,Net 45,K. Wilson,Open,Matched,3.9,11,0,False,Facilities,North America,True,1163.23,341.07,Paid
PO-00776,1,REQ-00776,2023-01-19,2023,2023-02-09,2023-02-04,S006,Vertex Office Goods,Office Supplies,Latin America,Approved,P108,Mobile Scanner,Hardware,Devices,54,54,105.68,5706.72,USD,Net 30,D. Singh,Received,Pending,3.4,21,0,True,Facilities,Europe,False,570.67,96.91,Paid
PO-00777,1,REQ-00777,2024-05-22,2024,2024-06-12,2024-06-15,S005,Meridian Logistics,Logistics,Europe,Strategic,P107,Support Renewal,Services,Support,58,58,163.09,9459.22,USD,Net 30,K. Wilson,Received,Pending,4.2,21,3,False,Operations,Asia Pacific,True,472.96,288.58,Paid
PO-00778,1,REQ-00778,2026-07-06,2026,2026-07-10,,S008,Cobalt Professional Services,Services,Asia Pacific,Approved,P102,Edge Gateway,Hardware,Networking,43,0,222.42,9564.06,USD,Net 30,T. Brown,Open,Pending,4.8,4,0,False,Sales,Asia Pacific,True,956.41,326.74,Paid
PO-00779,1,REQ-00779,2026-05-06,2026,2026-05-31,2026-05-26,S001,Apex Components,Hardware,North America,Strategic,P106,Integration Services,Services,Consulting,65,65,884.69,57504.85,USD,2/10 Net 30,K. Wilson,Received,Matched,4.4,25,0,True,Sales,Europe,False,2875.24,180.89,Paid
PO-00780,1,REQ-00780,2024-05-20,2024,2024-06-16,2024-06-16,S001,Apex Components,Hardware,North America,Strategic,P103,Secure Access Kit,Hardware,Security,60,60,130.32,7819.2,USD,Net 60,D. Singh,Closed,Not Received,4.5,27,0,True,Technology,North America,False,625.54,270.68,Paid
PO-00781,1,REQ-00781,2024-02-24,2024,2024-03-16,2024-03-16,S005,Meridian Logistics,Logistics,Europe,Strategic,P103,Secure Access Kit,Hardware,Security,27,27,179.14,4836.78,USD,Net 60,P. Nguyen,Received,Matched,3.3,21,0,True,Operations,Asia Pacific,True,483.68,17.57,Paid
PO-00782,1,REQ-00782,2024-07-30,2024,2024-08-21,2024-08-21,S006,Vertex Office Goods,Office Supplies,Latin America,Approved,P108,Mobile Scanner,Hardware,Devices,58,58,111.4,6461.2,USD,2/10 Net 30,K. Wilson,Received,Pending,3.9,22,0,True,Sales,Asia Pacific,False,323.06,379.28,Overdue
PO-00783,1,REQ-00783,2023-10-16,2023,2023-11-14,,S001,Apex Components,Hardware,North America,Strategic,P103,Secure Access Kit,Hardware,Security,32,7,197.04,6305.28,USD,Net 45,L. Morgan,In Transit,Pending,3.5,29,0,False,Sales,Europe,False,630.53,328.01,Paid
PO-00784,1,REQ-00784,2026-04-13,2026,2026-05-10,2026-05-05,S003,Pacific Industrial Ltd,Manufacturing,Asia Pacific,Preferred,P107,Support Renewal,Services,Support,53,53,233.88,12395.64,USD,2/10 Net 30,K. Wilson,Received,Pending,3.8,27,0,True,Facilities,North America,False,619.78,226.0,Paid
PO-00785,1,REQ-00785,2025-07-27,2025,2025-08-17,2025-08-20,S008,Cobalt Professional Services,Services,Asia Pacific,Approved,P105,Storage Array,Hardware,Storage,65,65,554.85,36065.25,USD,Net 30,D. Singh,Received,Not Received,4.0,21,3,False,Facilities,Asia Pacific,False,0.0,108.41,Paid
PO-00786,1,REQ-00786,2024-11-06,2024,2024-11-15,,S005,Meridian Logistics,Logistics,Europe,Strategic,P104,Insight Pro License,Software,Licenses,7,0,104.42,730.94,USD,Net 60,K. Wilson,Open,Pending,3.8,9,0,False,Technology,North America,False,0.0,89.97,Paid
PO-00787,1,REQ-00787,2024-01-08,2024,2024-02-04,2024-02-04,S001,Apex Components,Hardware,North America,Strategic,P105,Storage Array,Hardware,Storage,68,68,644.54,43828.72,USD,Net 60,P. Nguyen,Closed,Pending,4.0,27,0,True,Sales,Asia Pacific,True,2191.44,113.6,Paid
PO-00788,1,REQ-00788,2026-02-23,2026,2026-03-28,2026-03-23,S007,Sterling Security Group,Security,North America,Preferred,P101,Cloud Data Suite,Software,Cloud,68,68,459.24,31228.32,USD,Net 45,K. Wilson,Received,Matched,3.1,33,0,True,Sales,Europe,True,2498.27,133.18,Paid
PO-00789,1,REQ-00789,2025-05-21,2025,2025-06-10,2025-06-25,S008,Cobalt Professional Services,Services,Asia Pacific,Approved,P100,Analytics Platform,Software,Analytics,39,39,605.64,23619.96,USD,Net 45,D. Singh,Received,Matched,5.0,20,15,False,Facilities,Europe,True,2362.0,323.6,Scheduled
PO-00790,1,REQ-00790,2026-06-14,2026,2026-07-11,,S002,Nimbus Cloud Supply,Technology,Europe,Preferred,P108,Mobile Scanner,Hardware,Devices,5,1,106.41,532.05,USD,2/10 Net 30,P. Nguyen,In Transit,Pending,3.2,27,0,False,Research,North America,False,53.2,21.44,Paid
PO-00791,1,REQ-00791,2026-06-06,2026,2026-07-05,,S001,Apex Components,Hardware,North America,Strategic,P102,Edge Gateway,Hardware,Networking,11,9,203.36,2236.96,USD,2/10 Net 30,T. Brown,In Transit,Not Received,4.1,29,0,False,Facilities,Europe,True,178.96,383.71,Paid
PO-00792,1,REQ-00792,2023-01-08,2023,2023-01-16,2023-01-16,S004,Greenline Packaging,Packaging,North America,Approved,P109,Forecasting Add-on,Software,Analytics,55,55,180.11,9906.05,USD,Net 30,K. Wilson,Received,Matched,4.0,8,0,True,Facilities,North America,False,495.3,78.8,Paid
PO-00793,1,REQ-00793,2023-07-18,2023,2023-08-07,2023-08-10,S007,Sterling Security Group,Security,North America,Preferred,P100,Analytics Platform,Software,Analytics,46,46,408.79,18804.34,USD,Net 30,L. Morgan,Received,Disputed,3.7,20,3,False,Technology,Europe,False,940.22,289.03,Paid
PO-00794,1,REQ-00794,2023-06-26,2023,2023-07-27,2023-08-04,S003,Pacific Industrial Ltd,Manufacturing,Asia Pacific,Preferred,P104,Insight Pro License,Software,Licenses,67,67,128.89,8635.63,USD,2/10 Net 30,L. Morgan,Closed,Matched,4.8,31,8,False,Operations,Europe,True,863.56,147.08,Overdue
PO-00795,1,REQ-00795,2025-11-07,2025,2025-12-04,2025-12-07,S004,Greenline Packaging,Packaging,North America,Approved,P104,Insight Pro License,Software,Licenses,45,45,117.84,5302.8,USD,2/10 Net 30,T. Brown,Received,Matched,3.2,27,3,False,Sales,Asia Pacific,False,0.0,370.37,Paid
PO-00796,1,REQ-00796,2025-03-25,2025,2025-04-07,2025-04-07,S007,Sterling Security Group,Security,North America,Preferred,P107,Support Renewal,Services,Support,69,69,187.21,12917.49,USD,Net 60,L. Morgan,Received,Matched,4.9,13,0,True,Facilities,Europe,False,0.0,86.94,Scheduled
PO-00797,1,REQ-00797,2023-05-30,2023,2023-06-25,,S005,Meridian Logistics,Logistics,Europe,Strategic,P100,Analytics Platform,Software,Analytics,23,0,488.34,11231.82,USD,2/10 Net 30,L. Morgan,Open,Matched,3.6,26,0,False,Research,Asia Pacific,True,1123.18,176.36,Paid
PO-00798,1,REQ-00798,2026-02-05,2026,2026-03-04,2026-03-04,S008,Cobalt Professional Services,Services,Asia Pacific,Approved,P101,Cloud Data Suite,Software,Cloud,17,17,508.92,8651.64,USD,2/10 Net 30,P. Nguyen,Received,Pending,4.5,27,0,True,Sales,Asia Pacific,True,865.16,396.24,Paid
PO-00799,1,REQ-00799,2023-09-03,2023,2023-09-21,2023-09-16,S005,Meridian Logistics,Logistics,Europe,Strategic,P109,Forecasting Add-on,Software,Analytics,38,38,186.74,7096.12,USD,Net 30,D. Singh,Received,Pending,3.0,18,0,True,Research,Europe,False,0.0,210.94,Paid
PO-00800,1,REQ-00800,2024-05-06,2024,2024-05-28,2024-05-23,S001,Apex Components,Hardware,North America,Strategic,P103,Secure Access Kit,Hardware,Security,18,18,140.87,2535.66,USD,Net 45,T. Brown,Received,Pending,2.9,22,0,True,Research,North America,False,0.0,289.66,Paid
PO-00801,1,REQ-00801,2025-07-06,2025,2025-08-07,2025-08-07,S004,Greenline Packaging,Packaging,North America,Approved,P106,Integration Services,Services,Consulting,43,43,823.29,35401.47,USD,Net 45,D. Singh,Received,Matched,4.4,32,0,True,Research,Europe,False,0.0,382.24,Scheduled
PO-00802,1,REQ-00802,2025-10-01,2025,2025-11-14,2025-11-09,S007,Sterling Security Group,Security,North America,Preferred,P106,Integration Services,Services,Consulting,29,29,1027.65,29801.85,USD,Net 45,L. Morgan,Received,Pending,4.6,44,0,True,Technology,North America,True,1490.09,161.26,Paid
PO-00803,1,REQ-00803,2026-06-21,2026,2026-07-01,2026-07-04,S002,Nimbus Cloud Supply,Technology,Europe,Preferred,P103,Secure Access Kit,Hardware,Security,39,39,202.99,7916.61,USD,Net 30,P. Nguyen,Received,Not Received,3.9,10,3,False,Technology,North America,True,633.33,312.9,Paid
PO-00804,1,REQ-00804,2024-06-03,2024,2024-06-18,,S002,Nimbus Cloud Supply,Technology,Europe,Preferred,P107,Support Renewal,Services,Support,38,12,194.22,7380.36,USD,Net 60,L. Morgan,In Transit,Pending,4.9,15,0,False,Research,Asia Pacific,True,590.43,449.85,Scheduled
PO-00805,1,REQ-00805,2025-05-21,2025,2025-06-23,,S004,Greenline Packaging,Packaging,North America,Approved,P105,Storage Array,Hardware,Storage,11,0,762.13,8383.43,USD,Net 30,D. Singh,Open,Pending,4.1,33,0,False,Operations,Europe,True,419.17,353.72,Scheduled
PO-00806,1,REQ-00806,2025-06-24,2025,2025-07-25,,S003,Pacific Industrial Ltd,Manufacturing,Asia Pacific,Preferred,P107,Support Renewal,Services,Support,49,0,256.37,12562.13,USD,2/10 Net 30,D. Singh,In Transit,Matched,3.3,31,0,False,Operations,North America,True,628.11,437.02,Paid
PO-00807,1,REQ-00807,2023-11-25,2023,2023-12-21,2023-12-21,S003,Pacific Industrial Ltd,Manufacturing,Asia Pacific,Preferred,P109,Forecasting Add-on,Software,Analytics,15,15,168.22,2523.3,USD,Net 60,P. Nguyen,Received,Matched,3.3,26,0,True,Sales,Asia Pacific,True,201.86,384.62,Paid
PO-00808,1,REQ-00808,2023-08-02,2023,2023-08-22,2023-08-25,S005,Meridian Logistics,Logistics,Europe,Strategic,P104,Insight Pro License,Software,Licenses,47,47,78.33,3681.51,USD,2/10 Net 30,L. Morgan,Received,Not Received,3.1,20,3,False,Sales,Asia Pacific,True,184.08,108.61,Paid
PO-00809,1,REQ-00809,2024-03-05,2024,2024-04-05,2024-04-08,S005,Meridian Logistics,Logistics,Europe,Strategic,P104,Insight Pro License,Software,Licenses,27,27,87.7,2367.9,USD,Net 60,P. Nguyen,Received,Matched,3.8,31,3,False,Operations,Asia Pacific,False,236.79,347.43,Paid
PO-00810,1,REQ-00810,2025-10-14,2025,2025-11-14,,S005,Meridian Logistics,Logistics,Europe,Strategic,P107,Support Renewal,Services,Support,43,0,173.79,7472.97,USD,Net 45,K. Wilson,Open,Matched,4.7,31,0,False,Technology,Asia Pacific,False,597.84,95.32,Scheduled
PO-00811,1,REQ-00811,2024-07-27,2024,2024-08-01,2024-08-16,S008,Cobalt Professional Services,Services,Asia Pacific,Approved,P108,Mobile Scanner,Hardware,Devices,43,43,81.4,3500.2,USD,2/10 Net 30,T. Brown,Received,Matched,4.3,5,15,False,Technology,North America,True,175.01,88.85,Scheduled
PO-00812,1,REQ-00812,2023-02-05,2023,2023-02-28,2023-02-28,S002,Nimbus Cloud Supply,Technology,Europe,Preferred,P105,Storage Array,Hardware,Storage,39,39,540.77,21090.03,USD,Net 60,D. Singh,Received,Matched,4.3,23,0,True,Facilities,North America,True,0.0,395.89,Scheduled
PO-00813,1,REQ-00813,2026-08-10,2026,2026-08-31,,S007,Sterling Security Group,Security,North America,Preferred,P101,Cloud Data Suite,Software,Cloud,52,1,486.79,25313.08,USD,Net 60,K. Wilson,In Transit,Matched,3.2,21,0,False,Research,Europe,True,2531.31,78.66,Paid
PO-00814,1,REQ-00814,2025-03-28,2025,2025-04-23,2025-04-23,S004,Greenline Packaging,Packaging,North America,Approved,P103,Secure Access Kit,Hardware,Security,13,13,125.24,1628.12,USD,2/10 Net 30,P. Nguyen,Received,Matched,4.6,26,0,True,Operations,Asia Pacific,False,130.25,53.5,Overdue
PO-00815,1,REQ-00815,2025-07-10,2025,2025-08-01,2025-08-01,S004,Greenline Packaging,Packaging,North America,Approved,P108,Mobile Scanner,Hardware,Devices,53,53,75.85,4020.05,USD,Net 45,L. Morgan,Closed,Matched,4.1,22,0,True,Facilities,Europe,True,201.0,36.37,Paid
PO-00816,1,REQ-00816,2023-07-26,2023,2023-08-06,,S006,Vertex Office Goods,Office Supplies,Latin America,Approved,P102,Edge Gateway,Hardware,Networking,34,0,159.03,5407.02,USD,2/10 Net 30,D. Singh,Open,Not Received,4.1,11,0,False,Sales,Asia Pacific,True,432.56,40.2,Paid
PO-00817,1,REQ-00817,2025-09-14,2025,2025-10-16,2025-10-16,S008,Cobalt Professional Services,Services,Asia Pacific,Approved,P102,Edge Gateway,Hardware,Networking,55,55,200.96,11052.8,USD,Net 30,L. Morgan,Received,Matched,4.0,32,0,True,Sales,Asia Pacific,True,884.22,167.94,Paid
PO-00818,1,REQ-00818,2026-09-12,2026,2026-10-15,2026-10-30,S003,Pacific Industrial Ltd,Manufacturing,Asia Pacific,Preferred,P103,Secure Access Kit,Hardware,Security,28,28,175.79,4922.12,USD,Net 60,T. Brown,Received,Matched,4.5,33,15,False,Research,Asia Pacific,False,246.11,186.13,Overdue
PO-00819,1,REQ-00819,2023-08-01,2023,2023-08-19,2023-08-14,S004,Greenline Packaging,Packaging,North America,Approved,P107,Support Renewal,Services,Support,57,57,145.89,8315.73,USD,Net 45,P. Nguyen,Received,Matched,4.7,18,0,True,Operations,Europe,False,831.57,344.98,Paid
PO-00820,1,REQ-00820,2025-12-12,2025,2026-01-12,,S006,Vertex Office Goods,Office Supplies,Latin America,Approved,P100,Analytics Platform,Software,Analytics,21,0,679.6,14271.6,USD,2/10 Net 30,L. Morgan,Cancelled,Pending,4.8,31,0,False,Facilities,North America,False,1141.73,408.49,Scheduled
PO-00821,1,REQ-00821,2025-12-04,2025,2026-01-04,,S002,Nimbus Cloud Supply,Technology,Europe,Preferred,P109,Forecasting Add-on,Software,Analytics,63,63,134.49,8472.87,USD,Net 30,K. Wilson,In Transit,Matched,2.9,31,0,False,Facilities,Europe,True,847.29,53.22,Paid
PO-00822,1,REQ-00822,2024-03-24,2024,2024-04-21,2024-04-29,S001,Apex Components,Hardware,North America,Strategic,P109,Forecasting Add-on,Software,Analytics,50,50,153.48,7674.0,USD,Net 30,L. Morgan,Received,Matched,4.1,28,8,False,Operations,North America,False,767.4,410.86,Paid
PO-00823,1,REQ-00823,2026-10-03,2026,2026-11-08,2026-11-11,S001,Apex Components,Hardware,North America,Strategic,P108,Mobile Scanner,Hardware,Devices,34,34,117.69,4001.46,USD,2/10 Net 30,L. Morgan,Closed,Not Received,3.1,36,3,False,Facilities,North America,False,0.0,344.83,Overdue
PO-00824,1,REQ-00824,2026-09-24,2026,2026-10-09,2026-10-12,S006,Vertex Office Goods,Office Supplies,Latin America,Approved,P104,Insight Pro License,Software,Licenses,63,63,109.83,6919.29,USD,Net 60,P. Nguyen,Received,Matched,3.9,15,3,False,Operations,Asia Pacific,False,691.93,72.27,Paid
PO-00825,1,REQ-00825,2026-07-01,2026,2026-07-26,2026-07-26,S001,Apex Components,Hardware,North America,Strategic,P109,Forecasting Add-on,Software,Analytics,57,57,228.81,13042.17,USD,Net 45,P. Nguyen,Received,Not Received,4.7,25,0,True,Technology,North America,False,1304.22,427.06,Paid
PO-00826,1,REQ-00826,2023-11-24,2023,2023-12-11,2023-12-11,S004,Greenline Packaging,Packaging,North America,Approved,P109,Forecasting Add-on,Software,Analytics,50,50,236.3,11815.0,USD,Net 45,T. Brown,Received,Matched,3.8,17,0,True,Technology,Europe,True,1181.5,414.98,Overdue
PO-00827,1,REQ-00827,2026-01-03,2026,2026-01-27,2026-01-27,S007,Sterling Security Group,Security,North America,Preferred,P108,Mobile Scanner,Hardware,Devices,38,38,115.05,4371.9,USD,Net 30,P. Nguyen,Received,Pending,3.0,24,0,True,Technology,Asia Pacific,False,437.19,251.32,Scheduled
PO-00828,1,REQ-00828,2024-09-26,2024,2024-10-16,,S007,Sterling Security Group,Security,North America,Preferred,P106,Integration Services,Services,Consulting,24,0,794.7,19072.8,USD,Net 60,K. Wilson,Open,Matched,3.7,20,0,False,Operations,Asia Pacific,True,953.64,264.78,Paid
PO-00829,1,REQ-00829,2025-09-16,2025,2025-10-22,2025-10-22,S003,Pacific Industrial Ltd,Manufacturing,Asia Pacific,Preferred,P103,Secure Access Kit,Hardware,Security,39,39,117.66,4588.74,USD,Net 60,L. Morgan,Received,Pending,4.6,36,0,True,Facilities,North America,True,367.1,128.71,Scheduled
PO-00830,1,REQ-00830,2025-04-23,2025,2025-05-20,,S008,Cobalt Professional Services,Services,Asia Pacific,Approved,P104,Insight Pro License,Software,Licenses,64,4,127.85,8182.4,USD,Net 60,P. Nguyen,In Transit,Matched,2.8,27,0,False,Technology,North America,True,409.12,419.31,Paid
PO-00831,1,REQ-00831,2024-04-02,2024,2024-05-04,2024-05-07,S005,Meridian Logistics,Logistics,Europe,Strategic,P104,Insight Pro License,Software,Licenses,29,29,91.24,2645.96,USD,Net 30,T. Brown,Closed,Not Received,3.6,32,3,False,Sales,Asia Pacific,False,264.6,88.42,Scheduled
PO-00832,1,REQ-00832,2023-11-13,2023,2023-12-03,2023-12-03,S006,Vertex Office Goods,Office Supplies,Latin America,Approved,P109,Forecasting Add-on,Software,Analytics,7,7,152.25,1065.75,USD,Net 45,T. Brown,Received,Matched,4.1,20,0,True,Sales,Asia Pacific,True,85.26,204.69,Paid
PO-00833,1,REQ-00833,2026-07-21,2026,2026-08-23,2026-09-07,S002,Nimbus Cloud Supply,Technology,Europe,Preferred,P104,Insight Pro License,Software,Licenses,43,43,101.0,4343.0,USD,Net 45,K. Wilson,Received,Not Received,4.5,33,15,False,Technology,Asia Pacific,False,347.44,441.8,Paid
PO-00834,1,REQ-00834,2026-07-18,2026,2026-08-13,2026-08-13,S003,Pacific Industrial Ltd,Manufacturing,Asia Pacific,Preferred,P100,Analytics Platform,Software,Analytics,22,22,679.89,14957.58,USD,Net 60,T. Brown,Closed,Pending,4.8,26,0,True,Technology,North America,False,747.88,269.25,Paid
PO-00835,1,REQ-00835,2023-07-13,2023,2023-08-09,,S002,Nimbus Cloud Supply,Technology,Europe,Preferred,P100,Analytics Platform,Software,Analytics,35,0,388.25,13588.75,USD,2/10 Net 30,K. Wilson,Open,Matched,3.7,27,0,False,Facilities,North America,False,0.0,162.24,Overdue
PO-00836,1,REQ-00836,2023-05-05,2023,2023-05-31,2023-05-31,S001,Apex Components,Hardware,North America,Strategic,P100,Analytics Platform,Software,Analytics,10,10,550.36,5503.6,USD,Net 45,P. Nguyen,Closed,Matched,3.4,26,0,True,Technology,Asia Pacific,False,550.36,62.08,Paid
PO-00837,1,REQ-00837,2023-02-02,2023,2023-03-09,2023-03-09,S006,Vertex Office Goods,Office Supplies,Latin America,Approved,P100,Analytics Platform,Software,Analytics,42,42,515.42,21647.64,USD,Net 60,P. Nguyen,Received,Matched,4.6,35,0,True,Operations,North America,False,1731.81,16.78,Paid
PO-00838,1,REQ-00838,2026-09-10,2026,2026-11-03,,S005,Meridian Logistics,Logistics,Europe,Strategic,P104,Insight Pro License,Software,Licenses,66,0,81.02,5347.32,USD,Net 60,P. Nguyen,Open,Pending,4.4,54,0,False,Technology,North America,False,534.73,346.9,Paid
PO-00839,1,REQ-00839,2023-07-16,2023,2023-08-11,,S001,Apex Components,Hardware,North America,Strategic,P108,Mobile Scanner,Hardware,Devices,20,2,75.2,1504.0,USD,2/10 Net 30,L. Morgan,In Transit,Not Received,3.8,26,0,False,Operations,Europe,True,0.0,235.7,Paid
PO-00840,1,REQ-00840,2026-02-09,2026,2026-03-02,2026-03-02,S005,Meridian Logistics,Logistics,Europe,Strategic,P102,Edge Gateway,Hardware,Networking,44,44,169.02,7436.88,USD,Net 30,K. Wilson,Received,Matched,3.9,21,0,True,Research,Asia Pacific,True,371.84,343.63,Paid
PO-00841,1,REQ-00841,2023-11-12,2023,2023-11-27,,S006,Vertex Office Goods,Office Supplies,Latin America,Approved,P106,Integration Services,Services,Consulting,51,10,841.47,42914.97,USD,Net 60,D. Singh,In Transit,Not Received,3.8,15,0,False,Operations,Europe,False,2145.75,53.39,Paid
PO-00842,1,REQ-00842,2024-07-15,2024,2024-08-05,2024-08-13,S006,Vertex Office Goods,Office Supplies,Latin America,Approved,P108,Mobile Scanner,Hardware,Devices,62,62,89.59,5554.58,USD,2/10 Net 30,L. Morgan,Received,Not Received,4.8,21,8,False,Technology,Asia Pacific,True,0.0,365.74,Paid
PO-00843,1,REQ-00843,2025-12-01,2025,2026-01-04,,S006,Vertex Office Goods,Office Supplies,Latin America,Approved,P106,Integration Services,Services,Consulting,18,0,724.42,13039.56,USD,Net 60,K. Wilson,Open,Pending,2.8,34,0,False,Operations,North America,True,1043.16,318.53,Scheduled
PO-00844,1,REQ-00844,2026-04-13,2026,2026-04-29,2026-05-14,S005,Meridian Logistics,Logistics,Europe,Strategic,P106,Integration Services,Services,Consulting,33,33,901.07,29735.31,USD,Net 45,T. Brown,Received,Matched,4.9,16,15,False,Sales,Europe,True,2378.82,373.15,Paid
PO-00845,1,REQ-00845,2024-11-07,2024,2024-11-27,,S007,Sterling Security Group,Security,North America,Preferred,P104,Insight Pro License,Software,Licenses,35,3,101.27,3544.45,USD,2/10 Net 30,D. Singh,In Transit,Matched,3.5,20,0,False,Technology,North America,True,0.0,279.66,Scheduled
PO-00846,1,REQ-00846,2025-02-15,2025,2025-02-27,2025-02-22,S006,Vertex Office Goods,Office Supplies,Latin America,Approved,P106,Integration Services,Services,Consulting,41,41,665.17,27271.97,USD,2/10 Net 30,P. Nguyen,Received,Not Received,2.9,12,0,True,Research,Europe,True,2727.2,402.57,Paid
PO-00847,1,REQ-00847,2023-05-30,2023,2023-06-21,,S003,Pacific Industrial Ltd,Manufacturing,Asia Pacific,Preferred,P101,Cloud Data Suite,Software,Cloud,56,51,477.15,26720.4,USD,Net 60,D. Singh,In Transit,Matched,3.0,22,0,False,Operations,North America,True,2137.63,196.91,Paid
PO-00848,1,REQ-00848,2023-11-26,2023,2023-12-25,2023-12-28,S003,Pacific Industrial Ltd,Manufacturing,Asia Pacific,Preferred,P108,Mobile Scanner,Hardware,Devices,28,28,86.53,2422.84,USD,Net 60,T. Brown,Closed,Matched,3.3,29,3,False,Facilities,North America,True,121.14,10.78,Overdue
PO-00849,1,REQ-00849,2025-10-11,2025,2025-11-18,2025-11-26,S001,Apex Components,Hardware,North America,Strategic,P107,Support Renewal,Services,Support,35,35,193.77,6781.95,USD,2/10 Net 30,L. Morgan,Received,Matched,4.7,38,8,False,Technology,North America,False,542.56,410.67,Scheduled
PO-00850,1,REQ-00850,2024-06-13,2024,2024-07-04,,S003,Pacific Industrial Ltd,Manufacturing,Asia Pacific,Preferred,P104,Insight Pro License,Software,Licenses,45,0,111.25,5006.25,USD,2/10 Net 30,T. Brown,Open,Matched,4.5,21,0,False,Research,North America,True,400.5,182.07,Scheduled
PO-00851,1,REQ-00851,2024-02-15,2024,2024-03-02,,S006,Vertex Office Goods,Office Supplies,Latin America,Approved,P104,Insight Pro License,Software,Licenses,57,22,74.5,4246.5,USD,Net 60,K. Wilson,In Transit,Matched,3.2,16,0,False,Sales,North America,False,212.33,314.3,Paid
PO-00852,1,REQ-00852,2023-12-18,2023,2024-01-14,2024-01-17,S008,Cobalt Professional Services,Services,Asia Pacific,Approved,P100,Analytics Platform,Software,Analytics,67,67,644.85,43204.95,USD,Net 30,L. Morgan,Received,Matched,4.8,27,3,False,Operations,North America,True,0.0,60.31,Paid
PO-00853,1,REQ-00853,2023-08-19,2023,2023-09-18,2023-09-18,S008,Cobalt Professional Services,Services,Asia Pacific,Approved,P107,Support Renewal,Services,Support,52,52,161.16,8380.32,USD,2/10 Net 30,P. Nguyen,Received,Not Received,3.7,30,0,True,Sales,North America,True,838.03,276.91,Paid
PO-00854,1,REQ-00854,2026-03-28,2026,2026-04-26,2026-04-29,S003,Pacific Industrial Ltd,Manufacturing,Asia Pacific,Preferred,P100,Analytics Platform,Software,Analytics,41,41,404.74,16594.34,USD,2/10 Net 30,L. Morgan,Received,Matched,3.9,29,3,False,Research,Asia Pacific,True,829.72,80.01,Paid
PO-00855,1,REQ-00855,2025-12-22,2025,2026-01-12,2026-01-15,S005,Meridian Logistics,Logistics,Europe,Strategic,P104,Insight Pro License,Software,Licenses,68,68,108.54,7380.72,USD,Net 30,D. Singh,Received,Not Received,3.0,21,3,False,Research,North America,False,590.46,161.5,Paid
PO-00856,1,REQ-00856,2024-04-02,2024,2024-04-27,2024-04-30,S005,Meridian Logistics,Logistics,Europe,Strategic,P103,Secure Access Kit,Hardware,Security,42,42,203.47,8545.74,USD,Net 60,T. Brown,Received,Not Received,3.0,25,3,False,Facilities,North America,False,427.29,367.7,Paid
PO-00857,1,REQ-00857,2024-01-03,2024,2024-01-29,,S007,Sterling Security Group,Security,North America,Preferred,P106,Integration Services,Services,Consulting,61,0,999.03,60940.83,USD,Net 60,K. Wilson,Open,Matched,3.5,26,0,False,Facilities,North America,True,3047.04,434.52,Paid
PO-00858,1,REQ-00858,2024-01-13,2024,2024-02-11,,S002,Nimbus Cloud Supply,Technology,Europe,Preferred,P103,Secure Access Kit,Hardware,Security,12,8,125.23,1502.76,USD,Net 30,D. Singh,In Transit,Matched,3.9,29,0,False,Research,Asia Pacific,False,120.22,405.25,Paid
PO-00859,1,REQ-00859,2023-05-07,2023,2023-05-27,2023-06-11,S002,Nimbus Cloud Supply,Technology,Europe,Preferred,P102,Edge Gateway,Hardware,Networking,54,54,222.01,11988.54,USD,Net 45,D. Singh,Closed,Not Received,4.7,20,15,False,Sales,Europe,True,1198.85,409.98,Paid
PO-00860,1,REQ-00860,2024-02-24,2024,2024-03-07,2024-03-10,S007,Sterling Security Group,Security,North America,Preferred,P102,Edge Gateway,Hardware,Networking,52,52,194.14,10095.28,USD,Net 45,L. Morgan,Closed,Matched,4.0,12,3,False,Sales,Asia Pacific,True,504.76,235.25,Paid
PO-00861,1,REQ-00861,2024-02-07,2024,2024-02-28,,S007,Sterling Security Group,Security,North America,Preferred,P109,Forecasting Add-on,Software,Analytics,43,0,203.53,8751.79,USD,Net 45,D. Singh,Cancelled,Matched,4.5,21,0,False,Sales,Europe,True,0.0,219.86,Paid
PO-00862,1,REQ-00862,2026-07-27,2026,2026-08-29,2026-08-24,S003,Pacific Industrial Ltd,Manufacturing,Asia Pacific,Preferred,P108,Mobile Scanner,Hardware,Devices,33,33,84.27,2780.91,USD,Net 30,T. Brown,Received,Matched,4.8,33,0,True,Sales,North America,False,0.0,60.09,Scheduled
PO-00863,1,REQ-00863,2025-09-11,2025,2025-10-14,,S006,Vertex Office Goods,Office Supplies,Latin America,Approved,P105,Storage Array,Hardware,Storage,69,0,623.82,43043.58,USD,Net 60,T. Brown,Open,Pending,3.1,33,0,False,Sales,North America,True,2152.18,114.31,Scheduled
PO-00864,1,REQ-00864,2025-01-08,2025,2025-01-26,2025-01-26,S003,Pacific Industrial Ltd,Manufacturing,Asia Pacific,Preferred,P104,Insight Pro License,Software,Licenses,54,54,84.72,4574.88,USD,2/10 Net 30,T. Brown,Received,Pending,3.2,18,0,True,Operations,Europe,True,365.99,402.31,Paid
PO-00865,1,REQ-00865,2026-07-06,2026,2026-08-02,,S003,Pacific Industrial Ltd,Manufacturing,Asia Pacific,Preferred,P101,Cloud Data Suite,Software,Cloud,8,8,363.67,2909.36,USD,2/10 Net 30,D. Singh,In Transit,Matched,4.2,27,0,False,Research,North America,True,232.75,328.85,Paid
PO-00866,1,REQ-00866,2024-09-01,2024,2024-09-14,2024-09-14,S006,Vertex Office Goods,Office Supplies,Latin America,Approved,P102,Edge Gateway,Hardware,Networking,63,63,258.32,16274.16,USD,Net 45,K. Wilson,Received,Matched,3.3,13,0,True,Facilities,Asia Pacific,True,1301.93,49.71,Paid
PO-00867,1,REQ-00867,2026-09-30,2026,2026-10-26,2026-10-26,S001,Apex Components,Hardware,North America,Strategic,P104,Insight Pro License,Software,Licenses,16,16,124.79,1996.64,USD,2/10 Net 30,D. Singh,Received,Not Received,2.8,26,0,True,Research,Europe,False,99.83,156.6,Paid
PO-00868,1,REQ-00868,2026-04-10,2026,2026-05-02,2026-04-27,S002,Nimbus Cloud Supply,Technology,Europe,Preferred,P107,Support Renewal,Services,Support,59,59,167.41,9877.19,USD,2/10 Net 30,K. Wilson,Closed,Not Received,4.6,22,0,True,Operations,Asia Pacific,False,0.0,93.92,Scheduled
PO-00869,1,REQ-00869,2024-07-08,2024,2024-07-23,,S004,Greenline Packaging,Packaging,North America,Approved,P100,Analytics Platform,Software,Analytics,43,0,408.9,17582.7,USD,Net 45,L. Morgan,Open,Matched,3.7,15,0,False,Technology,North America,True,0.0,78.24,Overdue
PO-00870,1,REQ-00870,2026-08-18,2026,2026-09-16,2026-09-24,S007,Sterling Security Group,Security,North America,Preferred,P109,Forecasting Add-on,Software,Analytics,31,31,224.52,6960.12,USD,2/10 Net 30,T. Brown,Received,Pending,3.6,29,8,False,Sales,North America,False,0.0,216.76,Paid
PO-00871,1,REQ-00871,2023-03-08,2023,2023-03-26,,S001,Apex Components,Hardware,North America,Strategic,P103,Secure Access Kit,Hardware,Security,40,5,201.4,8056.0,USD,Net 45,L. Morgan,In Transit,Disputed,3.2,18,0,False,Facilities,Asia Pacific,True,402.8,133.96,Paid
PO-00872,1,REQ-00872,2023-05-26,2023,2023-06-19,,S004,Greenline Packaging,Packaging,North America,Approved,P109,Forecasting Add-on,Software,Analytics,30,27,133.71,4011.3,USD,Net 30,D. Singh,In Transit,Pending,3.0,24,0,False,Sales,Asia Pacific,False,320.9,46.01,Paid
PO-00873,1,REQ-00873,2026-04-02,2026,2026-04-17,,S003,Pacific Industrial Ltd,Manufacturing,Asia Pacific,Preferred,P107,Support Renewal,Services,Support,62,0,154.8,9597.6,USD,Net 30,L. Morgan,Open,Matched,4.3,15,0,False,Operations,Europe,True,959.76,385.36,Paid
PO-00874,1,REQ-00874,2026-02-21,2026,2026-03-16,,S004,Greenline Packaging,Packaging,North America,Approved,P100,Analytics Platform,Software,Analytics,18,0,400.45,7208.1,USD,Net 60,T. Brown,Open,Matched,3.6,23,0,False,Operations,Asia Pacific,True,720.81,446.58,Paid
PO-00875,1,REQ-00875,2025-10-11,2025,2025-11-02,,S002,Nimbus Cloud Supply,Technology,Europe,Preferred,P109,Forecasting Add-on,Software,Analytics,58,27,206.05,11950.9,USD,Net 30,T. Brown,In Transit,Not Received,4.0,22,0,False,Sales,North America,True,0.0,302.38,Scheduled
PO-00876,1,REQ-00876,2025-11-05,2025,2025-11-18,2025-11-21,S007,Sterling Security Group,Security,North America,Preferred,P104,Insight Pro License,Software,Licenses,19,19,92.69,1761.11,USD,2/10 Net 30,P. Nguyen,Closed,Matched,4.7,13,3,False,Sales,Asia Pacific,False,88.06,30.87,Paid
PO-00877,1,REQ-00877,2023-01-04,2023,2023-01-29,2023-01-29,S007,Sterling Security Group,Security,North America,Preferred,P102,Edge Gateway,Hardware,Networking,60,60,211.7,12702.0,USD,Net 30,P. Nguyen,Received,Not Received,3.7,25,0,True,Technology,North America,False,635.1,344.46,Paid
PO-00878,1,REQ-00878,2023-01-09,2023,2023-01-18,,S004,Greenline Packaging,Packaging,North America,Approved,P105,Storage Array,Hardware,Storage,46,4,796.51,36639.46,USD,Net 45,D. Singh,In Transit,Matched,2.9,9,0,False,Research,Europe,True,3663.95,292.09,Scheduled
PO-00879,1,REQ-00879,2024-07-12,2024,2024-08-02,2024-07-28,S005,Meridian Logistics,Logistics,Europe,Strategic,P101,Cloud Data Suite,Software,Cloud,55,55,339.16,18653.8,USD,Net 45,P. Nguyen,Received,Not Received,4.9,21,0,True,Research,Europe,False,1865.38,121.79,Paid
PO-00880,1,REQ-00880,2024-11-30,2024,2024-12-18,2024-12-26,S003,Pacific Industrial Ltd,Manufacturing,Asia Pacific,Preferred,P103,Secure Access Kit,Hardware,Security,51,51,135.71,6921.21,USD,Net 45,D. Singh,Received,Not Received,2.8,18,8,False,Research,Asia Pacific,True,553.7,346.24,Paid
PO-00881,1,REQ-00881,2023-09-04,2023,2023-10-03,,S002,Nimbus Cloud Supply,Technology,Europe,Preferred,P107,Support Renewal,Services,Support,9,0,204.18,1837.62,USD,Net 30,K. Wilson,In Transit,Disputed,3.4,29,0,False,Facilities,Europe,True,183.76,80.47,Paid
PO-00882,1,REQ-00882,2024-06-20,2024,2024-07-07,,S003,Pacific Industrial Ltd,Manufacturing,Asia Pacific,Preferred,P105,Storage Array,Hardware,Storage,59,0,859.47,50708.73,USD,Net 60,K. Wilson,Cancelled,Matched,3.4,17,0,False,Research,Asia Pacific,True,5070.87,343.67,Overdue
PO-00883,1,REQ-00883,2024-02-03,2024,2024-02-06,2024-02-14,S005,Meridian Logistics,Logistics,Europe,Strategic,P103,Secure Access Kit,Hardware,Security,57,57,164.27,9363.39,USD,Net 30,P. Nguyen,Received,Matched,3.1,3,8,False,Sales,North America,False,749.07,255.13,Paid
PO-00884,1,REQ-00884,2023-03-28,2023,2023-04-14,2023-04-17,S005,Meridian Logistics,Logistics,Europe,Strategic,P109,Forecasting Add-on,Software,Analytics,14,14,169.82,2377.48,USD,Net 30,K. Wilson,Received,Matched,3.0,17,3,False,Facilities,Europe,True,118.87,195.44,Scheduled
PO-00885,1,REQ-00885,2024-11-23,2024,2024-12-08,,S001,Apex Components,Hardware,North America,Strategic,P106,Integration Services,Services,Consulting,70,58,704.44,49310.8,USD,2/10 Net 30,K. Wilson,In Transit,Matched,4.8,15,0,False,Technology,North America,True,2465.54,353.88,Scheduled
PO-00886,1,REQ-00886,2023-10-01,2023,2023-11-04,2023-10-30,S004,Greenline Packaging,Packaging,North America,Approved,P104,Insight Pro License,Software,Licenses,8,8,77.4,619.2,USD,Net 30,D. Singh,Received,Matched,3.0,34,0,True,Operations,Asia Pacific,True,61.92,223.34,Paid
PO-00887,1,REQ-00887,2025-04-20,2025,2025-05-08,2025-05-08,S004,Greenline Packaging,Packaging,North America,Approved,P103,Secure Access Kit,Hardware,Security,69,69,184.44,12726.36,USD,2/10 Net 30,P. Nguyen,Received,Pending,4.0,18,0,True,Sales,Asia Pacific,False,0.0,250.1,Scheduled
PO-00888,1,REQ-00888,2023-04-01,2023,2023-04-29,2023-05-07,S007,Sterling Security Group,Security,North America,Preferred,P108,Mobile Scanner,Hardware,Devices,34,34,109.13,3710.42,USD,Net 60,K. Wilson,Received,Matched,3.2,28,8,False,Research,Asia Pacific,True,296.83,213.77,Paid
PO-00889,1,REQ-00889,2026-08-24,2026,2026-09-20,2026-09-23,S006,Vertex Office Goods,Office Supplies,Latin America,Approved,P106,Integration Services,Services,Consulting,52,52,1030.03,53561.56,USD,Net 45,T. Brown,Closed,Matched,2.9,27,3,False,Sales,Asia Pacific,True,4284.92,21.96,Paid
PO-00890,1,REQ-00890,2026-10-01,2026,2026-11-06,2026-11-06,S006,Vertex Office Goods,Office Supplies,Latin America,Approved,P105,Storage Array,Hardware,Storage,45,45,734.42,33048.9,USD,Net 30,T. Brown,Received,Matched,4.7,36,0,True,Research,Europe,True,3304.89,73.23,Paid
PO-00891,1,REQ-00891,2026-09-22,2026,2026-10-13,2026-10-13,S002,Nimbus Cloud Supply,Technology,Europe,Preferred,P106,Integration Services,Services,Consulting,64,64,845.75,54128.0,USD,2/10 Net 30,L. Morgan,Received,Matched,2.8,21,0,True,Facilities,North America,True,2706.4,144.53,Paid
PO-00892,1,REQ-00892,2023-10-15,2023,2023-10-28,,S007,Sterling Security Group,Security,North America,Preferred,P101,Cloud Data Suite,Software,Cloud,41,35,283.32,11616.12,USD,Net 60,D. Singh,In Transit,Matched,4.3,13,0,False,Facilities,Europe,True,0.0,183.72,Paid
PO-00893,1,REQ-00893,2025-07-21,2025,2025-08-24,2025-08-24,S004,Greenline Packaging,Packaging,North America,Approved,P107,Support Renewal,Services,Support,68,68,236.04,16050.72,USD,Net 45,K. Wilson,Received,Matched,3.7,34,0,True,Sales,Asia Pacific,True,1284.06,259.57,Paid
PO-00894,1,REQ-00894,2025-12-27,2025,2026-01-23,2026-01-26,S003,Pacific Industrial Ltd,Manufacturing,Asia Pacific,Preferred,P107,Support Renewal,Services,Support,61,61,150.69,9192.09,USD,Net 30,K. Wilson,Received,Not Received,4.7,27,3,False,Technology,Asia Pacific,True,735.37,428.45,Paid
PO-00895,1,REQ-00895,2023-09-27,2023,2023-10-24,,S008,Cobalt Professional Services,Services,Asia Pacific,Approved,P104,Insight Pro License,Software,Licenses,69,12,71.98,4966.62,USD,Net 60,L. Morgan,In Transit,Not Received,3.8,27,0,False,Technology,Asia Pacific,True,0.0,207.69,Paid
PO-00896,1,REQ-00896,2024-04-07,2024,2024-04-24,2024-05-02,S003,Pacific Industrial Ltd,Manufacturing,Asia Pacific,Preferred,P104,Insight Pro License,Software,Licenses,55,55,77.9,4284.5,USD,Net 60,L. Morgan,Closed,Matched,4.4,17,8,False,Operations,North America,True,428.45,434.66,Paid
PO-00897,1,REQ-00897,2024-01-18,2024,2024-02-19,,S003,Pacific Industrial Ltd,Manufacturing,Asia Pacific,Preferred,P108,Mobile Scanner,Hardware,Devices,47,0,87.7,4121.9,USD,Net 45,P. Nguyen,Cancelled,Matched,3.5,32,0,False,Research,Asia Pacific,True,329.75,228.1,Scheduled
PO-00898,1,REQ-00898,2025-05-04,2025,2025-05-10,2025-05-10,S008,Cobalt Professional Services,Services,Asia Pacific,Approved,P100,Analytics Platform,Software,Analytics,12,12,552.92,6635.04,USD,Net 45,K. Wilson,Received,Pending,4.1,6,0,True,Sales,Asia Pacific,True,0.0,332.84,Paid
PO-00899,1,REQ-00899,2026-03-12,2026,2026-04-13,2026-04-21,S003,Pacific Industrial Ltd,Manufacturing,Asia Pacific,Preferred,P108,Mobile Scanner,Hardware,Devices,27,27,130.28,3517.56,USD,Net 30,K. Wilson,Received,Matched,4.3,32,8,False,Facilities,Asia Pacific,False,175.88,227.51,Scheduled
PO-00900,1,REQ-00900,2023-03-03,2023,2023-03-13,2023-03-13,S002,Nimbus Cloud Supply,Technology,Europe,Preferred,P107,Support Renewal,Services,Support,22,22,187.18,4117.96,USD,Net 45,P. Nguyen,Received,Matched,3.7,10,0,True,Research,Asia Pacific,True,0.0,380.09,Paid
PO-00901,1,REQ-00901,2023-03-16,2023,2023-04-04,,S002,Nimbus Cloud Supply,Technology,Europe,Preferred,P103,Secure Access Kit,Hardware,Security,30,0,121.81,3654.3,USD,2/10 Net 30,T. Brown,Open,Matched,4.6,19,0,False,Facilities,Europe,True,365.43,401.19,Paid
PO-00902,1,REQ-00902,2025-07-20,2025,2025-08-31,,S004,Greenline Packaging,Packaging,North America,Approved,P100,Analytics Platform,Software,Analytics,41,0,644.78,26435.98,USD,Net 45,L. Morgan,Open,Matched,4.3,42,0,False,Technology,Europe,False,0.0,20.18,Paid
PO-00903,1,REQ-00903,2024-02-25,2024,2024-03-22,2024-03-25,S006,Vertex Office Goods,Office Supplies,Latin America,Approved,P107,Support Renewal,Services,Support,18,18,156.52,2817.36,USD,Net 45,T. Brown,Received,Pending,4.5,26,3,False,Technology,Asia Pacific,False,0.0,333.89,Paid
PO-00904,1,REQ-00904,2024-12-16,2024,2025-01-11,2025-01-19,S007,Sterling Security Group,Security,North America,Preferred,P106,Integration Services,Services,Consulting,70,70,684.79,47935.3,USD,Net 30,L. Morgan,Received,Pending,3.6,26,8,False,Technology,Asia Pacific,True,3834.82,302.97,Paid
PO-00905,1,REQ-00905,2025-01-28,2025,2025-02-18,,S006,Vertex Office Goods,Office Supplies,Latin America,Approved,P101,Cloud Data Suite,Software,Cloud,18,0,422.17,7599.06,USD,2/10 Net 30,P. Nguyen,Open,Pending,4.3,21,0,False,Research,North America,True,607.92,20.87,Overdue
PO-00906,1,REQ-00906,2024-08-27,2024,2024-09-08,,S003,Pacific Industrial Ltd,Manufacturing,Asia Pacific,Preferred,P107,Support Renewal,Services,Support,38,0,254.83,9683.54,USD,Net 45,L. Morgan,Open,Matched,3.7,12,0,False,Technology,Europe,True,484.18,448.56,Scheduled
PO-00907,1,REQ-00907,2025-12-09,2025,2026-01-21,2026-01-21,S002,Nimbus Cloud Supply,Technology,Europe,Preferred,P103,Secure Access Kit,Hardware,Security,16,16,193.16,3090.56,USD,Net 45,D. Singh,Received,Pending,4.2,43,0,True,Research,Asia Pacific,False,154.53,29.64,Paid
PO-00908,1,REQ-00908,2023-10-24,2023,2023-11-15,2023-11-15,S004,Greenline Packaging,Packaging,North America,Approved,P103,Secure Access Kit,Hardware,Security,31,31,174.68,5415.08,USD,2/10 Net 30,K. Wilson,Closed,Matched,3.1,22,0,True,Research,North America,True,0.0,23.58,Paid
PO-00909,1,REQ-00909,2024-04-18,2024,2024-04-19,2024-04-19,S006,Vertex Office Goods,Office Supplies,Latin America,Approved,P101,Cloud Data Suite,Software,Cloud,39,39,350.84,13682.76,USD,Net 45,T. Brown,Closed,Matched,3.4,1,0,True,Research,Europe,True,1094.62,143.66,Paid
PO-00910,1,REQ-00910,2026-01-09,2026,2026-02-13,,S004,Greenline Packaging,Packaging,North America,Approved,P103,Secure Access Kit,Hardware,Security,25,0,175.57,4389.25,USD,2/10 Net 30,T. Brown,Open,Matched,3.6,35,0,False,Facilities,Asia Pacific,False,351.14,236.02,Scheduled
PO-00911,1,REQ-00911,2026-07-14,2026,2026-08-20,2026-08-23,S006,Vertex Office Goods,Office Supplies,Latin America,Approved,P105,Storage Array,Hardware,Storage,54,54,512.97,27700.38,USD,Net 30,T. Brown,Received,Matched,4.5,37,3,False,Sales,Asia Pacific,True,2216.03,164.56,Paid
PO-00912,1,REQ-00912,2025-06-18,2025,2025-07-20,2025-07-28,S003,Pacific Industrial Ltd,Manufacturing,Asia Pacific,Preferred,P101,Cloud Data Suite,Software,Cloud,12,12,315.92,3791.04,USD,2/10 Net 30,T. Brown,Received,Matched,2.9,32,8,False,Research,North America,False,379.1,206.73,Scheduled
PO-00913,1,REQ-00913,2025-05-23,2025,2025-06-27,2025-07-05,S006,Vertex Office Goods,Office Supplies,Latin America,Approved,P106,Integration Services,Services,Consulting,58,58,1009.9,58574.2,USD,Net 60,T. Brown,Closed,Matched,3.0,35,8,False,Facilities,Europe,True,4685.94,390.96,Paid
PO-00914,1,REQ-00914,2026-07-16,2026,2026-08-17,,S001,Apex Components,Hardware,North America,Strategic,P108,Mobile Scanner,Hardware,Devices,62,46,121.76,7549.12,USD,Net 30,T. Brown,In Transit,Matched,4.2,32,0,False,Operations,North America,True,377.46,329.86,Paid
PO-00915,1,REQ-00915,2026-08-25,2026,2026-09-18,2026-09-26,S006,Vertex Office Goods,Office Supplies,Latin America,Approved,P106,Integration Services,Services,Consulting,60,60,926.72,55603.2,USD,Net 60,K. Wilson,Received,Matched,3.8,24,8,False,Operations,Europe,True,4448.26,436.76,Paid
PO-00916,1,REQ-00916,2026-08-28,2026,2026-10-16,,S006,Vertex Office Goods,Office Supplies,Latin America,Approved,P103,Secure Access Kit,Hardware,Security,70,0,114.71,8029.7,USD,Net 30,T. Brown,Open,Not Received,4.7,49,0,False,Facilities,Europe,True,802.97,165.39,Paid
PO-00917,1,REQ-00917,2023-02-19,2023,2023-03-05,2023-03-08,S006,Vertex Office Goods,Office Supplies,Latin America,Approved,P107,Support Renewal,Services,Support,19,19,154.76,2940.44,USD,Net 60,K. Wilson,Received,Matched,4.8,14,3,False,Research,Asia Pacific,True,0.0,442.04,Paid
PO-00918,1,REQ-00918,2026-09-13,2026,2026-10-09,2026-10-17,S001,Apex Components,Hardware,North America,Strategic,P100,Analytics Platform,Software,Analytics,13,13,450.7,5859.1,USD,2/10 Net 30,T. Brown,Received,Pending,3.9,26,8,False,Sales,North America,True,292.96,358.47,Scheduled
PO-00919,1,REQ-00919,2023-10-14,2023,2023-11-10,,S002,Nimbus Cloud Supply,Technology,Europe,Preferred,P108,Mobile Scanner,Hardware,Devices,18,0,78.44,1411.92,USD,2/10 Net 30,T. Brown,Open,Disputed,2.9,27,0,False,Research,Europe,True,141.19,246.55,Paid
PO-00920,1,REQ-00920,2026-05-25,2026,2026-06-30,2026-07-03,S004,Greenline Packaging,Packaging,North America,Approved,P101,Cloud Data Suite,Software,Cloud,57,57,407.34,23218.38,USD,Net 30,L. Morgan,Received,Not Received,3.7,36,3,False,Research,North America,False,0.0,307.94,Overdue
PO-00921,1,REQ-00921,2026-02-21,2026,2026-03-07,2026-03-07,S008,Cobalt Professional Services,Services,Asia Pacific,Approved,P109,Forecasting Add-on,Software,Analytics,22,22,205.84,4528.48,USD,Net 45,L. Morgan,Received,Matched,3.2,14,0,True,Research,Europe,True,452.85,303.23,Paid
PO-00922,1,REQ-00922,2024-10-09,2024,2024-10-23,,S006,Vertex Office Goods,Office Supplies,Latin America,Approved,P106,Integration Services,Services,Consulting,57,0,759.8,43308.6,USD,Net 30,D. Singh,In Transit,Matched,3.1,14,0,False,Facilities,Europe,True,2165.43,340.59,Scheduled
PO-00923,1,REQ-00923,2026-06-30,2026,2026-07-20,2026-07-28,S005,Meridian Logistics,Logistics,Europe,Strategic,P109,Forecasting Add-on,Software,Analytics,20,20,235.48,4709.6,USD,Net 45,T. Brown,Received,Matched,4.2,20,8,False,Technology,Europe,True,235.48,390.49,Scheduled
PO-00924,1,REQ-00924,2023-02-12,2023,2023-02-21,,S003,Pacific Industrial Ltd,Manufacturing,Asia Pacific,Preferred,P104,Insight Pro License,Software,Licenses,70,5,120.26,8418.2,USD,Net 30,K. Wilson,In Transit,Matched,4.5,9,0,False,Research,Europe,True,841.82,373.09,Paid
PO-00925,1,REQ-00925,2025-02-18,2025,2025-02-21,2025-02-16,S003,Pacific Industrial Ltd,Manufacturing,Asia Pacific,Preferred,P102,Edge Gateway,Hardware,Networking,33,33,238.52,7871.16,USD,2/10 Net 30,P. Nguyen,Received,Matched,4.7,3,0,True,Technology,North America,False,629.69,274.85,Paid
PO-00926,1,REQ-00926,2024-03-29,2024,2024-04-02,2024-03-28,S007,Sterling Security Group,Security,North America,Preferred,P106,Integration Services,Services,Consulting,56,56,860.71,48199.76,USD,2/10 Net 30,K. Wilson,Closed,Matched,3.8,4,0,True,Operations,North America,False,2409.99,386.67,Scheduled
PO-00927,1,REQ-00927,2024-08-26,2024,2024-09-20,2024-09-15,S001,Apex Components,Hardware,North America,Strategic,P109,Forecasting Add-on,Software,Analytics,49,49,228.21,11182.29,USD,Net 30,D. Singh,Received,Pending,4.9,25,0,True,Facilities,North America,True,559.11,136.88,Paid
PO-00928,1,REQ-00928,2026-09-13,2026,2026-10-10,2026-10-10,S008,Cobalt Professional Services,Services,Asia Pacific,Approved,P103,Secure Access Kit,Hardware,Security,48,48,183.35,8800.8,USD,Net 30,T. Brown,Received,Matched,3.9,27,0,True,Sales,Asia Pacific,True,880.08,378.68,Paid
PO-00929,1,REQ-00929,2023-07-04,2023,2023-08-13,2023-08-08,S005,Meridian Logistics,Logistics,Europe,Strategic,P107,Support Renewal,Services,Support,15,15,227.02,3405.3,USD,Net 60,P. Nguyen,Received,Matched,4.9,40,0,True,Research,Europe,True,170.27,192.58,Paid
PO-00930,1,REQ-00930,2025-05-31,2025,2025-06-18,,S001,Apex Components,Hardware,North America,Strategic,P108,Mobile Scanner,Hardware,Devices,51,0,115.95,5913.45,USD,Net 45,P. Nguyen,Open,Matched,4.5,18,0,False,Research,Europe,False,295.67,334.57,Scheduled
PO-00931,1,REQ-00931,2024-06-22,2024,2024-06-23,,S007,Sterling Security Group,Security,North America,Preferred,P102,Edge Gateway,Hardware,Networking,27,0,251.68,6795.36,USD,2/10 Net 30,T. Brown,Cancelled,Matched,5.0,1,0,False,Sales,Europe,False,0.0,354.47,Paid
PO-00932,1,REQ-00932,2024-07-28,2024,2024-08-29,2024-09-06,S007,Sterling Security Group,Security,North America,Preferred,P105,Storage Array,Hardware,Storage,51,51,889.77,45378.27,USD,2/10 Net 30,P. Nguyen,Received,Matched,4.6,32,8,False,Facilities,Asia Pacific,True,4537.83,130.76,Overdue
PO-00933,1,REQ-00933,2025-03-27,2025,2025-04-28,2025-04-28,S003,Pacific Industrial Ltd,Manufacturing,Asia Pacific,Preferred,P105,Storage Array,Hardware,Storage,28,28,664.96,18618.88,USD,2/10 Net 30,T. Brown,Received,Matched,3.0,32,0,True,Facilities,Europe,True,0.0,112.41,Overdue
PO-00934,1,REQ-00934,2025-03-09,2025,2025-03-10,2025-03-10,S007,Sterling Security Group,Security,North America,Preferred,P100,Analytics Platform,Software,Analytics,30,30,632.1,18963.0,USD,Net 60,L. Morgan,Received,Matched,4.4,1,0,True,Facilities,North America,True,0.0,176.07,Scheduled
PO-00935,1,REQ-00935,2025-09-24,2025,2025-10-31,2025-10-26,S001,Apex Components,Hardware,North America,Strategic,P109,Forecasting Add-on,Software,Analytics,49,49,129.46,6343.54,USD,Net 45,T. Brown,Received,Matched,3.0,37,0,True,Operations,Europe,True,317.18,333.54,Paid
PO-00936,1,REQ-00936,2023-11-16,2023,2023-12-13,2023-12-13,S002,Nimbus Cloud Supply,Technology,Europe,Preferred,P107,Support Renewal,Services,Support,28,28,212.26,5943.28,USD,Net 60,D. Singh,Closed,Matched,4.0,27,0,True,Research,North America,False,297.16,33.29,Paid
PO-00937,1,REQ-00937,2025-05-25,2025,2025-06-22,2025-06-17,S002,Nimbus Cloud Supply,Technology,Europe,Preferred,P102,Edge Gateway,Hardware,Networking,38,38,245.13,9314.94,USD,Net 30,K. Wilson,Received,Matched,4.1,28,0,True,Operations,Europe,False,931.49,27.42,Paid
PO-00938,1,REQ-00938,2025-08-25,2025,2025-09-28,2025-10-06,S007,Sterling Security Group,Security,North America,Preferred,P107,Support Renewal,Services,Support,7,7,149.33,1045.31,USD,Net 45,K. Wilson,Received,Matched,2.8,34,8,False,Technology,Asia Pacific,False,83.62,132.79,Scheduled
PO-00939,1,REQ-00939,2025-12-27,2025,2026-01-13,2026-01-13,S008,Cobalt Professional Services,Services,Asia Pacific,Approved,P101,Cloud Data Suite,Software,Cloud,12,12,309.72,3716.64,USD,Net 30,T. Brown,Received,Pending,3.2,17,0,True,Technology,Asia Pacific,False,185.83,3.03,Paid
PO-00940,1,REQ-00940,2025-05-06,2025,2025-06-17,2025-06-12,S002,Nimbus Cloud Supply,Technology,Europe,Preferred,P108,Mobile Scanner,Hardware,Devices,41,41,136.58,5599.78,USD,2/10 Net 30,T. Brown,Received,Matched,3.4,42,0,True,Technology,North America,True,559.98,230.85,Scheduled
PO-00941,1,REQ-00941,2025-04-14,2025,2025-04-22,,S002,Nimbus Cloud Supply,Technology,Europe,Preferred,P102,Edge Gateway,Hardware,Networking,45,43,190.55,8574.75,USD,2/10 Net 30,P. Nguyen,In Transit,Matched,4.0,8,0,False,Research,Europe,False,428.74,200.13,Scheduled
PO-00942,1,REQ-00942,2026-01-07,2026,2026-02-07,2026-02-15,S008,Cobalt Professional Services,Services,Asia Pacific,Approved,P105,Storage Array,Hardware,Storage,30,30,506.64,15199.2,USD,Net 45,L. Morgan,Received,Disputed,4.6,31,8,False,Research,Europe,False,759.96,63.98,Scheduled
PO-00943,1,REQ-00943,2026-05-10,2026,2026-05-28,,S002,Nimbus Cloud Supply,Technology,Europe,Preferred,P106,Integration Services,Services,Consulting,8,2,1023.97,8191.76,USD,Net 30,L. Morgan,In Transit,Matched,3.8,18,0,False,Technology,Asia Pacific,True,0.0,326.61,Scheduled
PO-00944,1,REQ-00944,2023-05-20,2023,2023-05-30,2023-05-30,S007,Sterling Security Group,Security,North America,Preferred,P103,Secure Access Kit,Hardware,Security,66,66,116.09,7661.94,USD,2/10 Net 30,L. Morgan,Received,Matched,3.2,10,0,True,Sales,North America,True,766.19,99.18,Paid
PO-00945,1,REQ-00945,2023-09-01,2023,2023-10-12,2023-10-07,S002,Nimbus Cloud Supply,Technology,Europe,Preferred,P100,Analytics Platform,Software,Analytics,40,40,581.06,23242.4,USD,Net 60,K. Wilson,Received,Not Received,3.3,41,0,True,Sales,Asia Pacific,True,0.0,397.22,Paid
PO-00946,1,REQ-00946,2024-09-27,2024,2024-10-12,,S001,Apex Components,Hardware,North America,Strategic,P108,Mobile Scanner,Hardware,Devices,61,40,101.93,6217.73,USD,Net 60,T. Brown,In Transit,Matched,4.2,15,0,False,Facilities,Europe,True,621.77,96.4,Paid
PO-00947,1,REQ-00947,2025-12-22,2025,2026-02-04,,S008,Cobalt Professional Services,Services,Asia Pacific,Approved,P102,Edge Gateway,Hardware,Networking,5,0,220.88,1104.4,USD,Net 60,T. Brown,Open,Matched,5.0,44,0,False,Facilities,Europe,True,110.44,297.36,Paid
PO-00948,1,REQ-00948,2025-07-14,2025,2025-07-31,2025-07-26,S006,Vertex Office Goods,Office Supplies,Latin America,Approved,P108,Mobile Scanner,Hardware,Devices,35,35,134.69,4714.15,USD,Net 45,P. Nguyen,Received,Matched,4.1,17,0,True,Sales,Asia Pacific,False,471.41,298.48,Paid
PO-00949,1,REQ-00949,2023-09-01,2023,2023-09-27,2023-09-27,S004,Greenline Packaging,Packaging,North America,Approved,P101,Cloud Data Suite,Software,Cloud,27,27,399.9,10797.3,USD,Net 45,P. Nguyen,Received,Not Received,4.3,26,0,True,Operations,North America,True,1079.73,231.82,Paid
PO-00950,1,REQ-00950,2026-06-06,2026,2026-06-15,2026-06-10,S008,Cobalt Professional Services,Services,Asia Pacific,Approved,P105,Storage Array,Hardware,Storage,16,16,617.2,9875.2,USD,Net 45,D. Singh,Received,Matched,4.7,9,0,True,Operations,Europe,True,493.76,20.28,Paid
PO-00951,1,REQ-00951,2025-01-03,2025,2025-01-14,,S007,Sterling Security Group,Security,North America,Preferred,P107,Support Renewal,Services,Support,37,0,160.39,5934.43,USD,Net 30,L. Morgan,Cancelled,Matched,4.3,11,0,False,Sales,Europe,True,474.75,127.85,Paid
PO-00952,1,REQ-00952,2023-01-10,2023,2023-01-21,2023-01-29,S003,Pacific Industrial Ltd,Manufacturing,Asia Pacific,Preferred,P103,Secure Access Kit,Hardware,Security,22,22,165.88,3649.36,USD,Net 30,P. Nguyen,Received,Matched,4.7,11,8,False,Operations,Europe,True,291.95,130.16,Paid
PO-00953,1,REQ-00953,2026-07-06,2026,2026-07-26,,S004,Greenline Packaging,Packaging,North America,Approved,P104,Insight Pro License,Software,Licenses,34,0,119.2,4052.8,USD,2/10 Net 30,L. Morgan,Cancelled,Not Received,3.3,20,0,False,Research,Asia Pacific,True,0.0,2.71,Paid
PO-00954,1,REQ-00954,2023-06-09,2023,2023-07-04,,S006,Vertex Office Goods,Office Supplies,Latin America,Approved,P101,Cloud Data Suite,Software,Cloud,41,0,289.76,11880.16,USD,Net 30,P. Nguyen,Open,Disputed,4.3,25,0,False,Sales,Europe,True,594.01,156.69,Paid
PO-00955,1,REQ-00955,2025-06-01,2025,2025-07-15,2025-07-15,S003,Pacific Industrial Ltd,Manufacturing,Asia Pacific,Preferred,P101,Cloud Data Suite,Software,Cloud,33,33,363.41,11992.53,USD,2/10 Net 30,P. Nguyen,Received,Pending,3.7,44,0,True,Operations,North America,True,0.0,287.28,Paid
PO-00956,1,REQ-00956,2024-02-04,2024,2024-02-22,2024-02-22,S006,Vertex Office Goods,Office Supplies,Latin America,Approved,P109,Forecasting Add-on,Software,Analytics,21,21,177.69,3731.49,USD,2/10 Net 30,L. Morgan,Received,Matched,4.4,18,0,True,Technology,Europe,True,373.15,15.29,Paid
PO-00957,1,REQ-00957,2024-10-16,2024,2024-10-28,,S004,Greenline Packaging,Packaging,North America,Approved,P102,Edge Gateway,Hardware,Networking,17,4,288.49,4904.33,USD,2/10 Net 30,T. Brown,In Transit,Not Received,3.5,12,0,False,Technology,North America,False,392.35,217.29,Scheduled
PO-00958,1,REQ-00958,2026-08-30,2026,2026-10-07,,S001,Apex Components,Hardware,North America,Strategic,P105,Storage Array,Hardware,Storage,17,7,712.96,12120.32,USD,Net 45,L. Morgan,In Transit,Pending,4.1,38,0,False,Sales,Europe,True,969.63,174.63,Scheduled
PO-00959,1,REQ-00959,2025-09-21,2025,2025-10-20,2025-10-15,S003,Pacific Industrial Ltd,Manufacturing,Asia Pacific,Preferred,P105,Storage Array,Hardware,Storage,55,55,571.24,31418.2,USD,Net 30,T. Brown,Received,Matched,4.2,29,0,True,Technology,Europe,True,1570.91,259.04,Paid
PO-00960,1,REQ-00960,2025-01-02,2025,2025-01-25,2025-02-02,S006,Vertex Office Goods,Office Supplies,Latin America,Approved,P100,Analytics Platform,Software,Analytics,66,66,671.15,44295.9,USD,Net 45,K. Wilson,Received,Not Received,4.8,23,8,False,Research,Asia Pacific,True,0.0,165.92,Overdue
PO-00961,1,REQ-00961,2025-01-03,2025,2025-01-27,2025-01-27,S004,Greenline Packaging,Packaging,North America,Approved,P104,Insight Pro License,Software,Licenses,26,26,83.43,2169.18,USD,Net 45,K. Wilson,Received,Matched,3.2,24,0,True,Facilities,North America,True,0.0,290.75,Paid
PO-00962,1,REQ-00962,2026-06-01,2026,2026-06-29,2026-07-02,S006,Vertex Office Goods,Office Supplies,Latin America,Approved,P101,Cloud Data Suite,Software,Cloud,45,45,368.93,16601.85,USD,Net 45,L. Morgan,Received,Matched,3.2,28,3,False,Research,Asia Pacific,False,1328.15,150.1,Paid
PO-00963,1,REQ-00963,2023-04-01,2023,2023-04-15,2023-04-15,S004,Greenline Packaging,Packaging,North America,Approved,P101,Cloud Data Suite,Software,Cloud,8,8,324.44,2595.52,USD,Net 30,D. Singh,Received,Pending,4.2,14,0,True,Operations,Europe,True,259.55,86.2,Paid
PO-00964,1,REQ-00964,2026-03-12,2026,2026-03-31,2026-03-31,S004,Greenline Packaging,Packaging,North America,Approved,P105,Storage Array,Hardware,Storage,7,7,791.64,5541.48,USD,Net 45,P. Nguyen,Received,Matched,4.1,19,0,True,Facilities,North America,True,277.07,96.56,Paid
PO-00965,1,REQ-00965,2023-05-10,2023,2023-06-13,2023-06-13,S001,Apex Components,Hardware,North America,Strategic,P108,Mobile Scanner,Hardware,Devices,57,57,103.35,5890.95,USD,Net 30,K. Wilson,Received,Matched,4.0,34,0,True,Operations,Europe,False,471.28,318.57,Paid
PO-00966,1,REQ-00966,2024-08-12,2024,2024-08-25,,S004,Greenline Packaging,Packaging,North America,Approved,P106,Integration Services,Services,Consulting,20,3,951.63,19032.6,USD,Net 60,K. Wilson,In Transit,Pending,5.0,13,0,False,Sales,Asia Pacific,False,1522.61,13.88,Scheduled
PO-00967,1,REQ-00967,2023-04-20,2023,2023-05-17,,S001,Apex Components,Hardware,North America,Strategic,P107,Support Renewal,Services,Support,46,42,172.19,7920.74,USD,Net 60,K. Wilson,In Transit,Matched,3.3,27,0,False,Operations,Asia Pacific,False,396.04,50.23,Paid
PO-00968,1,REQ-00968,2025-11-16,2025,2025-12-16,,S005,Meridian Logistics,Logistics,Europe,Strategic,P109,Forecasting Add-on,Software,Analytics,8,0,131.28,1050.24,USD,Net 60,P. Nguyen,Open,Pending,3.8,30,0,False,Facilities,Europe,False,84.02,223.67,Paid
PO-00969,1,REQ-00969,2025-10-29,2025,2025-11-17,2025-12-02,S006,Vertex Office Goods,Office Supplies,Latin America,Approved,P100,Analytics Platform,Software,Analytics,58,58,584.88,33923.04,USD,Net 45,P. Nguyen,Received,Disputed,3.1,19,15,False,Facilities,Asia Pacific,True,0.0,44.25,Paid
PO-00970,1,REQ-00970,2026-07-02,2026,2026-07-28,,S006,Vertex Office Goods,Office Supplies,Latin America,Approved,P105,Storage Array,Hardware,Storage,39,0,828.81,32323.59,USD,Net 60,T. Brown,Open,Matched,4.2,26,0,False,Facilities,North America,True,2585.89,196.91,Paid
PO-00971,1,REQ-00971,2025-10-30,2025,2025-12-03,,S005,Meridian Logistics,Logistics,Europe,Strategic,P109,Forecasting Add-on,Software,Analytics,48,34,184.85,8872.8,USD,Net 30,D. Singh,In Transit,Matched,4.0,34,0,False,Technology,North America,True,887.28,266.15,Paid
PO-00972,1,REQ-00972,2026-05-15,2026,2026-06-20,,S001,Apex Components,Hardware,North America,Strategic,P105,Storage Array,Hardware,Storage,58,0,797.52,46256.16,USD,Net 60,P. Nguyen,Open,Matched,4.5,36,0,False,Technology,North America,True,4625.62,231.28,Scheduled
PO-00973,1,REQ-00973,2025-04-14,2025,2025-05-16,2025-05-16,S007,Sterling Security Group,Security,North America,Preferred,P106,Integration Services,Services,Consulting,34,34,702.76,23893.84,USD,2/10 Net 30,L. Morgan,Closed,Matched,2.9,32,0,True,Sales,Europe,True,2389.38,223.58,Paid
PO-00974,1,REQ-00974,2026-09-26,2026,2026-10-18,2026-10-18,S007,Sterling Security Group,Security,North America,Preferred,P109,Forecasting Add-on,Software,Analytics,41,41,200.82,8233.62,USD,2/10 Net 30,D. Singh,Received,Matched,3.7,22,0,True,Technology,Europe,True,658.69,348.69,Overdue
PO-00975,1,REQ-00975,2024-02-16,2024,2024-03-03,2024-02-27,S001,Apex Components,Hardware,North America,Strategic,P109,Forecasting Add-on,Software,Analytics,27,27,214.53,5792.31,USD,Net 45,P. Nguyen,Received,Matched,3.7,16,0,True,Operations,Europe,False,0.0,442.65,Paid
PO-00976,1,REQ-00976,2024-04-27,2024,2024-05-11,,S006,Vertex Office Goods,Office Supplies,Latin America,Approved,P100,Analytics Platform,Software,Analytics,12,6,668.16,8017.92,USD,Net 60,L. Morgan,In Transit,Pending,4.3,14,0,False,Operations,Asia Pacific,True,0.0,107.24,Paid
PO-00977,1,REQ-00977,2025-07-02,2025,2025-07-14,2025-07-17,S003,Pacific Industrial Ltd,Manufacturing,Asia Pacific,Preferred,P108,Mobile Scanner,Hardware,Devices,56,56,107.39,6013.84,USD,Net 30,T. Brown,Received,Matched,3.7,12,3,False,Research,Europe,False,601.38,1.5,Paid
PO-00978,1,REQ-00978,2023-09-08,2023,2023-09-29,2023-10-02,S006,Vertex Office Goods,Office Supplies,Latin America,Approved,P100,Analytics Platform,Software,Analytics,20,20,490.67,9813.4,USD,Net 60,D. Singh,Received,Pending,3.2,21,3,False,Technology,Europe,True,981.34,257.47,Paid
PO-00979,1,REQ-00979,2023-11-26,2023,2023-11-27,,S002,Nimbus Cloud Supply,Technology,Europe,Preferred,P103,Secure Access Kit,Hardware,Security,43,28,198.38,8530.34,USD,Net 60,P. Nguyen,In Transit,Not Received,3.8,1,0,False,Operations,North America,False,853.03,328.18,Paid
PO-00980,1,REQ-00980,2023-06-11,2023,2023-07-17,2023-07-17,S005,Meridian Logistics,Logistics,Europe,Strategic,P104,Insight Pro License,Software,Licenses,58,58,117.48,6813.84,USD,2/10 Net 30,K. Wilson,Received,Pending,4.0,36,0,True,Facilities,North America,True,340.69,440.53,Paid
PO-00981,1,REQ-00981,2026-04-29,2026,2026-05-31,2026-05-26,S002,Nimbus Cloud Supply,Technology,Europe,Preferred,P109,Forecasting Add-on,Software,Analytics,5,5,149.9,749.5,USD,Net 45,T. Brown,Received,Pending,5.0,32,0,True,Technology,North America,True,74.95,75.58,Scheduled
PO-00982,1,REQ-00982,2025-02-23,2025,2025-03-11,,S004,Greenline Packaging,Packaging,North America,Approved,P100,Analytics Platform,Software,Analytics,36,0,590.99,21275.64,USD,Net 45,T. Brown,Open,Not Received,3.0,16,0,False,Sales,Europe,True,0.0,88.96,Scheduled
PO-00983,1,REQ-00983,2023-06-05,2023,2023-06-25,2023-06-25,S008,Cobalt Professional Services,Services,Asia Pacific,Approved,P103,Secure Access Kit,Hardware,Security,51,51,185.74,9472.74,USD,Net 60,P. Nguyen,Received,Pending,4.7,20,0,True,Operations,North America,True,473.64,357.29,Paid
PO-00984,1,REQ-00984,2025-02-01,2025,2025-02-15,2025-02-15,S006,Vertex Office Goods,Office Supplies,Latin America,Approved,P105,Storage Array,Hardware,Storage,65,65,580.3,37719.5,USD,2/10 Net 30,D. Singh,Received,Pending,4.2,14,0,True,Technology,North America,True,1885.98,404.15,Overdue
PO-00985,1,REQ-00985,2023-03-16,2023,2023-04-11,2023-04-14,S004,Greenline Packaging,Packaging,North America,Approved,P105,Storage Array,Hardware,Storage,36,36,787.39,28346.04,USD,2/10 Net 30,L. Morgan,Received,Not Received,3.7,26,3,False,Research,Asia Pacific,True,0.0,106.72,Paid
PO-00986,1,REQ-00986,2024-10-11,2024,2024-10-28,2024-10-23,S007,Sterling Security Group,Security,North America,Preferred,P108,Mobile Scanner,Hardware,Devices,14,14,93.62,1310.68,USD,Net 30,D. Singh,Received,Pending,4.6,17,0,True,Technology,Asia Pacific,True,104.85,218.97,Paid
PO-00987,1,REQ-00987,2023-10-13,2023,2023-10-30,2023-10-30,S006,Vertex Office Goods,Office Supplies,Latin America,Approved,P101,Cloud Data Suite,Software,Cloud,56,56,417.74,23393.44,USD,2/10 Net 30,D. Singh,Received,Matched,4.9,17,0,True,Operations,Europe,False,2339.34,364.27,Scheduled
PO-00988,1,REQ-00988,2023-09-25,2023,2023-10-04,2023-10-04,S004,Greenline Packaging,Packaging,North America,Approved,P109,Forecasting Add-on,Software,Analytics,21,21,189.89,3987.69,USD,Net 60,T. Brown,Received,Pending,4.4,9,0,True,Sales,Europe,True,199.38,133.18,Scheduled
PO-00989,1,REQ-00989,2025-11-15,2025,2025-11-27,,S005,Meridian Logistics,Logistics,Europe,Strategic,P109,Forecasting Add-on,Software,Analytics,21,20,140.16,2943.36,USD,2/10 Net 30,T. Brown,In Transit,Matched,3.4,12,0,False,Technology,Europe,True,147.17,191.2,Paid
PO-00990,1,REQ-00990,2026-05-09,2026,2026-05-22,,S004,Greenline Packaging,Packaging,North America,Approved,P106,Integration Services,Services,Consulting,37,26,949.23,35121.51,USD,2/10 Net 30,K. Wilson,In Transit,Matched,2.9,13,0,False,Sales,Europe,False,2809.72,90.78,Paid
PO-00991,1,REQ-00991,2024-04-23,2024,2024-05-10,,S008,Cobalt Professional Services,Services,Asia Pacific,Approved,P108,Mobile Scanner,Hardware,Devices,28,20,137.05,3837.4,USD,Net 45,P. Nguyen,In Transit,Pending,3.4,17,0,False,Facilities,Asia Pacific,False,0.0,438.96,Overdue
PO-00992,1,REQ-00992,2025-01-06,2025,2025-02-07,,S004,Greenline Packaging,Packaging,North America,Approved,P109,Forecasting Add-on,Software,Analytics,41,32,183.93,7541.13,USD,Net 30,K. Wilson,In Transit,Not Received,4.5,32,0,False,Operations,Europe,False,0.0,254.04,Scheduled
PO-00993,1,REQ-00993,2023-11-27,2023,2023-12-09,,S001,Apex Components,Hardware,North America,Strategic,P100,Analytics Platform,Software,Analytics,59,55,679.0,40061.0,USD,Net 60,P. Nguyen,In Transit,Matched,3.8,12,0,False,Technology,Europe,False,3204.88,93.1,Paid
PO-00994,1,REQ-00994,2024-07-21,2024,2024-08-20,,S001,Apex Components,Hardware,North America,Strategic,P106,Integration Services,Services,Consulting,45,29,1048.64,47188.8,USD,Net 60,P. Nguyen,In Transit,Not Received,5.0,30,0,False,Sales,Europe,True,2359.44,202.13,Scheduled
PO-00995,1,REQ-00995,2025-07-24,2025,2025-08-12,2025-08-12,S006,Vertex Office Goods,Office Supplies,Latin America,Approved,P101,Cloud Data Suite,Software,Cloud,37,37,406.24,15030.88,USD,Net 45,T. Brown,Received,Pending,4.7,19,0,True,Research,Europe,True,751.54,200.38,Paid
PO-00996,1,REQ-00996,2023-10-21,2023,2023-11-13,,S004,Greenline Packaging,Packaging,North America,Approved,P104,Insight Pro License,Software,Licenses,66,44,125.52,8284.32,USD,2/10 Net 30,T. Brown,In Transit,Not Received,2.9,23,0,False,Research,Europe,True,0.0,45.08,Paid
PO-00997,1,REQ-00997,2026-06-03,2026,2026-07-02,2026-07-10,S008,Cobalt Professional Services,Services,Asia Pacific,Approved,P103,Secure Access Kit,Hardware,Security,34,34,179.24,6094.16,USD,Net 60,K. Wilson,Received,Not Received,2.8,29,8,False,Facilities,North America,False,304.71,188.56,Paid
PO-00998,1,REQ-00998,2026-03-04,2026,2026-03-29,,S004,Greenline Packaging,Packaging,North America,Approved,P104,Insight Pro License,Software,Licenses,33,0,99.16,3272.28,USD,Net 45,P. Nguyen,Cancelled,Matched,5.0,25,0,False,Sales,Europe,True,261.78,300.61,Paid
PO-00999,1,REQ-00999,2023-08-22,2023,2023-09-13,2023-09-13,S004,Greenline Packaging,Packaging,North America,Approved,P100,Analytics Platform,Software,Analytics,7,7,538.52,3769.64,USD,Net 30,D. Singh,Received,Matched,2.8,22,0,True,Research,Asia Pacific,True,188.48,328.97,Paid
PO-01000,1,REQ-01000,2024-04-22,2024,2024-05-03,2024-05-06,S004,Greenline Packaging,Packaging,North America,Approved,P104,Insight Pro License,Software,Licenses,56,56,90.67,5077.52,USD,Net 45,L. Morgan,Received,Pending,3.2,11,3,False,Operations,Europe,True,0.0,437.93,Paid
PO-01001,1,REQ-01001,2023-01-31,2023,2023-02-28,,S006,Vertex Office Goods,Office Supplies,Latin America,Approved,P105,Storage Array,Hardware,Storage,37,0,626.88,23194.56,USD,Net 45,L. Morgan,Cancelled,Disputed,3.6,28,0,False,Sales,Asia Pacific,True,1855.56,27.81,Scheduled
PO-01002,1,REQ-01002,2025-07-31,2025,2025-09-03,2025-09-03,S008,Cobalt Professional Services,Services,Asia Pacific,Approved,P105,Storage Array,Hardware,Storage,63,63,820.16,51670.08,USD,2/10 Net 30,L. Morgan,Received,Pending,4.1,34,0,True,Sales,North America,False,4133.61,422.7,Paid
PO-01003,1,REQ-01003,2023-08-03,2023,2023-08-25,2023-08-28,S001,Apex Components,Hardware,North America,Strategic,P109,Forecasting Add-on,Software,Analytics,51,51,147.8,7537.8,USD,Net 45,L. Morgan,Received,Pending,5.0,22,3,False,Technology,Asia Pacific,False,0.0,195.18,Overdue
PO-01004,1,REQ-01004,2023-03-04,2023,2023-03-28,2023-03-31,S008,Cobalt Professional Services,Services,Asia Pacific,Approved,P106,Integration Services,Services,Consulting,36,36,935.74,33686.64,USD,2/10 Net 30,L. Morgan,Received,Pending,4.9,24,3,False,Research,Europe,True,2694.93,18.14,Paid
PO-01005,1,REQ-01005,2023-05-03,2023,2023-05-17,2023-05-17,S003,Pacific Industrial Ltd,Manufacturing,Asia Pacific,Preferred,P102,Edge Gateway,Hardware,Networking,31,31,247.67,7677.77,USD,Net 45,D. Singh,Received,Matched,4.9,14,0,True,Research,North America,True,383.89,216.04,Scheduled
PO-01006,1,REQ-01006,2024-12-10,2024,2025-01-13,,S008,Cobalt Professional Services,Services,Asia Pacific,Approved,P106,Integration Services,Services,Consulting,63,0,958.15,60363.45,USD,Net 60,L. Morgan,Cancelled,Pending,3.3,34,0,False,Facilities,Europe,True,4829.08,349.03,Paid
PO-01007,1,REQ-01007,2025-08-15,2025,2025-09-25,2025-09-25,S003,Pacific Industrial Ltd,Manufacturing,Asia Pacific,Preferred,P108,Mobile Scanner,Hardware,Devices,48,48,101.39,4866.72,USD,Net 60,T. Brown,Received,Matched,4.6,41,0,True,Sales,Europe,True,243.34,46.42,Scheduled
PO-01008,1,REQ-01008,2025-10-30,2025,2025-10-31,2025-11-15,S004,Greenline Packaging,Packaging,North America,Approved,P105,Storage Array,Hardware,Storage,30,30,530.51,15915.3,USD,Net 60,P. Nguyen,Received,Pending,3.6,1,15,False,Research,Asia Pacific,True,1273.22,392.07,Scheduled
PO-01009,1,REQ-01009,2026-07-12,2026,2026-07-22,2026-07-17,S002,Nimbus Cloud Supply,Technology,Europe,Preferred,P104,Insight Pro License,Software,Licenses,27,27,127.99,3455.73,USD,Net 45,D. Singh,Received,Pending,4.8,10,0,True,Facilities,Europe,True,0.0,320.88,Overdue
PO-01010,1,REQ-01010,2024-09-09,2024,2024-09-25,2024-10-03,S004,Greenline Packaging,Packaging,North America,Approved,P106,Integration Services,Services,Consulting,11,11,706.99,7776.89,USD,2/10 Net 30,L. Morgan,Received,Pending,3.5,16,8,False,Research,Europe,False,777.69,224.21,Paid
PO-01011,1,REQ-01011,2023-05-08,2023,2023-06-12,2023-06-20,S001,Apex Components,Hardware,North America,Strategic,P100,Analytics Platform,Software,Analytics,40,40,574.51,22980.4,USD,Net 45,K. Wilson,Received,Matched,4.5,35,8,False,Operations,Asia Pacific,True,1838.43,166.31,Paid
PO-01012,1,REQ-01012,2023-05-05,2023,2023-06-14,2023-06-22,S007,Sterling Security Group,Security,North America,Preferred,P108,Mobile Scanner,Hardware,Devices,49,49,78.67,3854.83,USD,2/10 Net 30,L. Morgan,Received,Matched,3.4,40,8,False,Research,North America,False,192.74,325.15,Paid
PO-01013,1,REQ-01013,2025-04-23,2025,2025-05-10,2025-05-05,S004,Greenline Packaging,Packaging,North America,Approved,P105,Storage Array,Hardware,Storage,70,70,579.99,40599.3,USD,Net 45,P. Nguyen,Received,Pending,4.2,17,0,True,Research,North America,False,4059.93,67.1,Paid
PO-01014,1,REQ-01014,2025-01-20,2025,2025-02-25,,S004,Greenline Packaging,Packaging,North America,Approved,P103,Secure Access Kit,Hardware,Security,5,0,196.91,984.55,USD,Net 60,K. Wilson,Open,Pending,2.9,36,0,False,Operations,Asia Pacific,True,98.45,318.66,Paid
PO-01015,1,REQ-01015,2025-01-09,2025,2025-01-18,2025-01-13,S001,Apex Components,Hardware,North America,Strategic,P102,Edge Gateway,Hardware,Networking,32,32,201.04,6433.28,USD,Net 60,P. Nguyen,Received,Matched,4.3,9,0,True,Technology,North America,False,643.33,285.67,Scheduled
PO-01016,1,REQ-01016,2025-05-06,2025,2025-06-11,,S003,Pacific Industrial Ltd,Manufacturing,Asia Pacific,Preferred,P103,Secure Access Kit,Hardware,Security,37,0,150.04,5551.48,USD,2/10 Net 30,K. Wilson,Open,Not Received,4.3,36,0,False,Research,Europe,False,277.57,93.46,Scheduled
PO-01017,1,REQ-01017,2025-09-26,2025,2025-10-28,2025-10-23,S008,Cobalt Professional Services,Services,Asia Pacific,Approved,P106,Integration Services,Services,Consulting,30,30,1029.37,30881.1,USD,Net 45,T. Brown,Received,Matched,3.2,32,0,True,Facilities,North America,True,0.0,380.26,Scheduled
PO-01018,1,REQ-01018,2024-11-10,2024,2024-11-21,2024-11-21,S008,Cobalt Professional Services,Services,Asia Pacific,Approved,P103,Secure Access Kit,Hardware,Security,47,47,202.05,9496.35,USD,2/10 Net 30,D. Singh,Received,Matched,2.9,11,0,True,Technology,North America,False,949.64,145.34,Scheduled
PO-01019,1,REQ-01019,2024-06-23,2024,2024-07-23,,S001,Apex Components,Hardware,North America,Strategic,P105,Storage Array,Hardware,Storage,50,12,574.89,28744.5,USD,Net 60,P. Nguyen,In Transit,Matched,4.2,30,0,False,Research,North America,False,0.0,412.68,Scheduled
PO-01020,1,REQ-01020,2024-12-12,2024,2025-01-14,2025-01-09,S006,Vertex Office Goods,Office Supplies,Latin America,Approved,P104,Insight Pro License,Software,Licenses,22,22,119.99,2639.78,USD,Net 60,D. Singh,Received,Pending,3.2,33,0,True,Research,Europe,True,211.18,274.35,Scheduled
PO-01021,1,REQ-01021,2023-04-07,2023,2023-04-30,2023-05-03,S002,Nimbus Cloud Supply,Technology,Europe,Preferred,P103,Secure Access Kit,Hardware,Security,22,22,181.14,3985.08,USD,Net 30,L. Morgan,Received,Matched,4.7,23,3,False,Operations,Europe,True,199.25,418.9,Paid
PO-01022,1,REQ-01022,2024-10-06,2024,2024-10-29,2024-10-29,S008,Cobalt Professional Services,Services,Asia Pacific,Approved,P102,Edge Gateway,Hardware,Networking,26,26,200.53,5213.78,USD,Net 30,L. Morgan,Received,Matched,4.7,23,0,True,Operations,North America,False,417.1,250.9,Scheduled
PO-01023,1,REQ-01023,2025-10-23,2025,2025-11-08,2025-11-11,S003,Pacific Industrial Ltd,Manufacturing,Asia Pacific,Preferred,P104,Insight Pro License,Software,Licenses,20,20,120.8,2416.0,USD,Net 60,D. Singh,Received,Matched,4.9,16,3,False,Operations,Asia Pacific,True,0.0,215.91,Paid
PO-01024,1,REQ-01024,2026-07-20,2026,2026-08-08,2026-08-11,S008,Cobalt Professional Services,Services,Asia Pacific,Approved,P109,Forecasting Add-on,Software,Analytics,27,27,228.01,6156.27,USD,2/10 Net 30,K. Wilson,Received,Disputed,3.0,19,3,False,Operations,Europe,False,615.63,85.16,Paid
PO-01025,1,REQ-01025,2024-02-02,2024,2024-03-13,2024-03-08,S003,Pacific Industrial Ltd,Manufacturing,Asia Pacific,Preferred,P109,Forecasting Add-on,Software,Analytics,16,16,133.06,2128.96,USD,Net 30,P. Nguyen,Received,Matched,2.8,40,0,True,Facilities,Asia Pacific,True,212.9,90.61,Scheduled
PO-01026,1,REQ-01026,2025-12-14,2025,2026-01-18,2026-01-18,S007,Sterling Security Group,Security,North America,Preferred,P106,Integration Services,Services,Consulting,18,18,925.81,16664.58,USD,Net 30,L. Morgan,Received,Matched,3.4,35,0,True,Research,North America,True,1333.17,81.01,Scheduled
PO-01027,1,REQ-01027,2025-09-08,2025,2025-10-03,2025-10-06,S003,Pacific Industrial Ltd,Manufacturing,Asia Pacific,Preferred,P103,Secure Access Kit,Hardware,Security,61,61,195.84,11946.24,USD,Net 30,K. Wilson,Closed,Matched,3.0,25,3,False,Operations,Asia Pacific,True,0.0,87.69,Paid
PO-01028,1,REQ-01028,2025-03-09,2025,2025-04-06,2025-04-06,S003,Pacific Industrial Ltd,Manufacturing,Asia Pacific,Preferred,P108,Mobile Scanner,Hardware,Devices,70,70,103.89,7272.3,USD,Net 60,K. Wilson,Received,Pending,4.8,28,0,True,Facilities,Asia Pacific,False,0.0,331.75,Paid
PO-01029,1,REQ-01029,2023-05-04,2023,2023-05-22,,S006,Vertex Office Goods,Office Supplies,Latin America,Approved,P103,Secure Access Kit,Hardware,Security,46,0,157.44,7242.24,USD,2/10 Net 30,K. Wilson,Open,Matched,4.4,18,0,False,Sales,North America,True,579.38,170.79,Scheduled
PO-01030,1,REQ-01030,2024-02-15,2024,2024-02-27,2024-02-22,S008,Cobalt Professional Services,Services,Asia Pacific,Approved,P105,Storage Array,Hardware,Storage,65,65,894.12,58117.8,USD,2/10 Net 30,K. Wilson,Received,Matched,3.8,12,0,True,Research,Europe,False,4649.42,114.88,Paid
PO-01031,1,REQ-01031,2026-05-30,2026,2026-06-11,,S004,Greenline Packaging,Packaging,North America,Approved,P100,Analytics Platform,Software,Analytics,50,3,661.38,33069.0,USD,Net 60,P. Nguyen,In Transit,Pending,2.8,12,0,False,Operations,Asia Pacific,True,2645.52,352.61,Scheduled
PO-01032,1,REQ-01032,2024-07-04,2024,2024-07-14,,S003,Pacific Industrial Ltd,Manufacturing,Asia Pacific,Preferred,P109,Forecasting Add-on,Software,Analytics,63,0,181.64,11443.32,USD,Net 45,P. Nguyen,Open,Matched,4.6,10,0,False,Technology,Asia Pacific,False,0.0,414.58,Paid
PO-01033,1,REQ-01033,2024-11-02,2024,2024-12-07,2024-12-07,S003,Pacific Industrial Ltd,Manufacturing,Asia Pacific,Preferred,P105,Storage Array,Hardware,Storage,30,30,809.01,24270.3,USD,Net 60,K. Wilson,Received,Matched,3.7,35,0,True,Sales,Europe,False,1213.52,362.48,Overdue
PO-01034,1,REQ-01034,2024-10-20,2024,2024-11-12,2024-11-20,S003,Pacific Industrial Ltd,Manufacturing,Asia Pacific,Preferred,P101,Cloud Data Suite,Software,Cloud,52,52,416.05,21634.6,USD,Net 30,D. Singh,Received,Matched,3.1,23,8,False,Technology,Asia Pacific,True,0.0,320.26,Scheduled
PO-01035,1,REQ-01035,2025-04-15,2025,2025-04-30,2025-04-30,S004,Greenline Packaging,Packaging,North America,Approved,P108,Mobile Scanner,Hardware,Devices,55,55,111.31,6122.05,USD,Net 45,K. Wilson,Received,Matched,4.2,15,0,True,Technology,Europe,False,612.21,103.56,Overdue
PO-01036,1,REQ-01036,2026-10-03,2026,2026-11-03,2026-10-29,S002,Nimbus Cloud Supply,Technology,Europe,Preferred,P109,Forecasting Add-on,Software,Analytics,30,30,209.59,6287.7,USD,Net 60,T. Brown,Received,Matched,3.0,31,0,True,Facilities,Europe,True,628.77,24.69,Scheduled
PO-01037,1,REQ-01037,2024-11-10,2024,2024-11-28,,S001,Apex Components,Hardware,North America,Strategic,P101,Cloud Data Suite,Software,Cloud,59,40,314.13,18533.67,USD,2/10 Net 30,L. Morgan,In Transit,Matched,3.9,18,0,False,Technology,North America,True,1482.69,176.67,Paid
PO-01038,1,REQ-01038,2026-01-07,2026,2026-02-03,2026-02-11,S001,Apex Components,Hardware,North America,Strategic,P100,Analytics Platform,Software,Analytics,38,38,572.76,21764.88,USD,Net 45,T. Brown,Received,Disputed,4.7,27,8,False,Technology,Europe,False,1088.24,374.2,Paid
PO-01039,1,REQ-01039,2025-03-11,2025,2025-04-14,,S005,Meridian Logistics,Logistics,Europe,Strategic,P105,Storage Array,Hardware,Storage,32,5,562.73,18007.36,USD,2/10 Net 30,K. Wilson,In Transit,Not Received,3.7,34,0,False,Facilities,Europe,True,900.37,70.62,Paid
PO-01040,1,REQ-01040,2026-01-25,2026,2026-02-17,,S006,Vertex Office Goods,Office Supplies,Latin America,Approved,P106,Integration Services,Services,Consulting,48,0,617.05,29618.4,USD,2/10 Net 30,T. Brown,Open,Not Received,3.7,23,0,False,Research,Asia Pacific,True,2369.47,291.45,Paid
PO-01041,1,REQ-01041,2023-03-29,2023,2023-04-20,2023-04-23,S003,Pacific Industrial Ltd,Manufacturing,Asia Pacific,Preferred,P108,Mobile Scanner,Hardware,Devices,52,52,108.95,5665.4,USD,2/10 Net 30,T. Brown,Received,Matched,3.9,22,3,False,Sales,Asia Pacific,True,0.0,396.05,Paid
PO-01042,1,REQ-01042,2025-07-06,2025,2025-07-17,2025-07-20,S004,Greenline Packaging,Packaging,North America,Approved,P100,Analytics Platform,Software,Analytics,8,8,543.03,4344.24,USD,Net 45,L. Morgan,Received,Matched,4.4,11,3,False,Operations,North America,True,347.54,52.94,Paid
PO-01043,1,REQ-01043,2024-12-09,2024,2024-12-26,2024-12-26,S007,Sterling Security Group,Security,North America,Preferred,P109,Forecasting Add-on,Software,Analytics,18,18,137.62,2477.16,USD,Net 60,D. Singh,Received,Not Received,4.4,17,0,True,Sales,Asia Pacific,True,123.86,26.66,Paid
PO-01044,1,REQ-01044,2025-11-17,2025,2025-12-10,2025-12-10,S001,Apex Components,Hardware,North America,Strategic,P101,Cloud Data Suite,Software,Cloud,68,68,354.02,24073.36,USD,Net 60,K. Wilson,Received,Matched,4.4,23,0,True,Facilities,North America,True,0.0,241.9,Scheduled
PO-01045,1,REQ-01045,2026-02-16,2026,2026-03-08,2026-03-11,S007,Sterling Security Group,Security,North America,Preferred,P103,Secure Access Kit,Hardware,Security,16,16,154.87,2477.92,USD,2/10 Net 30,D. Singh,Received,Disputed,3.7,20,3,False,Sales,North America,True,247.79,153.48,Paid
PO-01046,1,REQ-01046,2026-03-01,2026,2026-03-22,,S003,Pacific Industrial Ltd,Manufacturing,Asia Pacific,Preferred,P106,Integration Services,Services,Consulting,44,0,769.07,33839.08,USD,Net 45,D. Singh,Cancelled,Matched,4.6,21,0,False,Sales,Asia Pacific,False,0.0,209.98,Scheduled
PO-01047,1,REQ-01047,2023-11-06,2023,2023-11-15,,S008,Cobalt Professional Services,Services,Asia Pacific,Approved,P102,Edge Gateway,Hardware,Networking,55,5,263.01,14465.55,USD,Net 60,L. Morgan,In Transit,Matched,2.9,9,0,False,Sales,Europe,False,0.0,16.65,Scheduled
PO-01048,1,REQ-01048,2023-04-22,2023,2023-05-08,,S007,Sterling Security Group,Security,North America,Preferred,P106,Integration Services,Services,Consulting,49,0,766.48,37557.52,USD,Net 60,D. Singh,Open,Pending,3.8,16,0,False,Facilities,Asia Pacific,True,0.0,219.85,Scheduled
PO-01049,1,REQ-01049,2025-10-30,2025,2025-12-03,2025-11-28,S005,Meridian Logistics,Logistics,Europe,Strategic,P109,Forecasting Add-on,Software,Analytics,37,37,176.15,6517.55,USD,Net 45,T. Brown,Received,Matched,4.7,34,0,True,Facilities,Europe,True,521.4,21.59,Paid
PO-01050,1,REQ-01050,2026-04-02,2026,2026-04-19,2026-04-19,S006,Vertex Office Goods,Office Supplies,Latin America,Approved,P101,Cloud Data Suite,Software,Cloud,9,9,465.62,4190.58,USD,Net 60,K. Wilson,Received,Matched,3.6,17,0,True,Facilities,Europe,True,209.53,145.16,Scheduled
PO-01051,1,REQ-01051,2024-08-03,2024,2024-09-02,2024-09-02,S003,Pacific Industrial Ltd,Manufacturing,Asia Pacific,Preferred,P103,Secure Access Kit,Hardware,Security,53,53,175.66,9309.98,USD,Net 45,T. Brown,Received,Matched,3.8,30,0,True,Operations,Asia Pacific,False,0.0,426.98,Scheduled
PO-01052,1,REQ-01052,2026-05-14,2026,2026-05-20,2026-05-28,S001,Apex Components,Hardware,North America,Strategic,P105,Storage Array,Hardware,Storage,12,12,668.56,8022.72,USD,Net 30,T. Brown,Received,Pending,3.3,6,8,False,Sales,North America,True,401.14,16.78,Scheduled
PO-01053,1,REQ-01053,2023-08-28,2023,2023-09-15,2023-09-15,S002,Nimbus Cloud Supply,Technology,Europe,Preferred,P109,Forecasting Add-on,Software,Analytics,38,38,178.44,6780.72,USD,Net 60,T. Brown,Received,Matched,4.7,18,0,True,Technology,North America,False,339.04,288.01,Paid
PO-01054,1,REQ-01054,2025-06-12,2025,2025-07-06,2025-07-01,S006,Vertex Office Goods,Office Supplies,Latin America,Approved,P104,Insight Pro License,Software,Licenses,22,22,122.24,2689.28,USD,2/10 Net 30,P. Nguyen,Received,Disputed,4.0,24,0,True,Research,North America,True,0.0,432.16,Paid
PO-01055,1,REQ-01055,2025-03-03,2025,2025-03-26,,S005,Meridian Logistics,Logistics,Europe,Strategic,P101,Cloud Data Suite,Software,Cloud,36,0,422.46,15208.56,USD,2/10 Net 30,D. Singh,Open,Disputed,4.1,23,0,False,Facilities,North America,False,1216.68,35.47,Paid
PO-01056,1,REQ-01056,2024-10-15,2024,2024-11-03,2024-11-03,S005,Meridian Logistics,Logistics,Europe,Strategic,P102,Edge Gateway,Hardware,Networking,38,38,197.79,7516.02,USD,Net 30,P. Nguyen,Received,Not Received,3.1,19,0,True,Operations,North America,True,375.8,337.71,Paid
PO-01057,1,REQ-01057,2023-05-22,2023,2023-06-07,,S008,Cobalt Professional Services,Services,Asia Pacific,Approved,P107,Support Renewal,Services,Support,31,0,146.55,4543.05,USD,Net 30,K. Wilson,Cancelled,Matched,3.7,16,0,False,Sales,Europe,False,454.31,17.14,Overdue
PO-01058,1,REQ-01058,2024-05-18,2024,2024-06-04,2024-05-30,S006,Vertex Office Goods,Office Supplies,Latin America,Approved,P100,Analytics Platform,Software,Analytics,42,42,434.09,18231.78,USD,Net 60,D. Singh,Received,Not Received,3.7,17,0,True,Facilities,Asia Pacific,True,1458.54,67.83,Paid
PO-01059,1,REQ-01059,2024-01-17,2024,2024-01-30,2024-02-02,S007,Sterling Security Group,Security,North America,Preferred,P105,Storage Array,Hardware,Storage,33,33,762.06,25147.98,USD,Net 30,L. Morgan,Received,Matched,2.8,13,3,False,Research,Asia Pacific,True,0.0,268.61,Scheduled
PO-01060,1,REQ-01060,2023-10-26,2023,2023-11-16,,S006,Vertex Office Goods,Office Supplies,Latin America,Approved,P107,Support Renewal,Services,Support,44,19,202.7,8918.8,USD,Net 45,L. Morgan,In Transit,Matched,3.4,21,0,False,Research,Europe,False,891.88,318.85,Scheduled
PO-01061,1,REQ-01061,2024-07-31,2024,2024-08-23,2024-08-23,S001,Apex Components,Hardware,North America,Strategic,P107,Support Renewal,Services,Support,10,10,239.36,2393.6,USD,Net 30,T. Brown,Received,Matched,3.0,23,0,True,Operations,Asia Pacific,False,191.49,230.32,Paid
PO-01062,1,REQ-01062,2023-02-16,2023,2023-03-31,2023-03-31,S006,Vertex Office Goods,Office Supplies,Latin America,Approved,P101,Cloud Data Suite,Software,Cloud,26,26,428.54,11142.04,USD,Net 30,L. Morgan,Received,Matched,3.8,43,0,True,Sales,North America,False,557.1,83.42,Scheduled
PO-01063,1,REQ-01063,2025-01-30,2025,2025-03-02,,S005,Meridian Logistics,Logistics,Europe,Strategic,P101,Cloud Data Suite,Software,Cloud,32,13,289.23,9255.36,USD,Net 60,L. Morgan,In Transit,Pending,4.2,31,0,False,Facilities,Asia Pacific,True,925.54,6.0,Paid
PO-01064,1,REQ-01064,2024-04-28,2024,2024-05-14,2024-05-09,S005,Meridian Logistics,Logistics,Europe,Strategic,P102,Edge Gateway,Hardware,Networking,49,49,178.05,8724.45,USD,Net 60,T. Brown,Closed,Matched,4.9,16,0,True,Operations,Europe,True,0.0,332.56,Paid
PO-01065,1,REQ-01065,2026-06-30,2026,2026-07-17,,S006,Vertex Office Goods,Office Supplies,Latin America,Approved,P101,Cloud Data Suite,Software,Cloud,61,0,278.59,16993.99,USD,Net 45,D. Singh,Open,Pending,4.3,17,0,False,Technology,Asia Pacific,True,849.7,349.7,Scheduled
PO-01066,1,REQ-01066,2024-08-29,2024,2024-09-29,2024-09-24,S003,Pacific Industrial Ltd,Manufacturing,Asia Pacific,Preferred,P109,Forecasting Add-on,Software,Analytics,29,29,215.25,6242.25,USD,Net 30,P. Nguyen,Received,Matched,4.1,31,0,True,Research,Europe,True,624.23,173.2,Overdue
PO-01067,1,REQ-01067,2024-11-13,2024,2024-11-28,2024-11-23,S007,Sterling Security Group,Security,North America,Preferred,P100,Analytics Platform,Software,Analytics,65,65,459.22,29849.3,USD,Net 45,L. Morgan,Received,Pending,3.5,15,0,True,Sales,Asia Pacific,True,0.0,43.24,Paid
PO-01068,1,REQ-01068,2023-10-06,2023,2023-10-31,,S008,Cobalt Professional Services,Services,Asia Pacific,Approved,P104,Insight Pro License,Software,Licenses,53,0,71.6,3794.8,USD,Net 60,P. Nguyen,Cancelled,Pending,4.9,25,0,False,Operations,Asia Pacific,True,0.0,267.87,Paid
PO-01069,1,REQ-01069,2026-08-29,2026,2026-10-01,2026-10-04,S001,Apex Components,Hardware,North America,Strategic,P105,Storage Array,Hardware,Storage,57,57,664.21,37859.97,USD,Net 45,T. Brown,Received,Matched,3.8,33,3,False,Research,North America,True,0.0,254.37,Scheduled
PO-01070,1,REQ-01070,2025-01-12,2025,2025-01-13,2025-01-08,S004,Greenline Packaging,Packaging,North America,Approved,P101,Cloud Data Suite,Software,Cloud,51,51,315.36,16083.36,USD,2/10 Net 30,T. Brown,Received,Matched,3.2,1,0,True,Operations,Asia Pacific,False,804.17,45.06,Paid
PO-01071,1,REQ-01071,2024-01-23,2024,2024-02-17,2024-02-25,S007,Sterling Security Group,Security,North America,Preferred,P106,Integration Services,Services,Consulting,22,22,755.25,16615.5,USD,Net 60,L. Morgan,Received,Matched,3.5,25,8,False,Technology,Asia Pacific,False,1329.24,386.9,Paid
PO-01072,1,REQ-01072,2025-05-16,2025,2025-06-11,2025-06-26,S001,Apex Components,Hardware,North America,Strategic,P101,Cloud Data Suite,Software,Cloud,29,29,390.03,11310.87,USD,Net 30,T. Brown,Received,Matched,5.0,26,15,False,Sales,North America,False,1131.09,233.75,Scheduled
PO-01073,1,REQ-01073,2025-12-06,2025,2026-01-08,,S003,Pacific Industrial Ltd,Manufacturing,Asia Pacific,Preferred,P101,Cloud Data Suite,Software,Cloud,67,0,482.37,32318.79,USD,Net 45,D. Singh,Open,Matched,2.9,33,0,False,Research,Asia Pacific,True,3231.88,256.31,Scheduled
PO-01074,1,REQ-01074,2026-01-26,2026,2026-02-15,2026-02-10,S007,Sterling Security Group,Security,North America,Preferred,P101,Cloud Data Suite,Software,Cloud,27,27,480.28,12967.56,USD,Net 30,P. Nguyen,Received,Pending,4.5,20,0,True,Operations,Europe,True,1296.76,94.32,Overdue
PO-01075,1,REQ-01075,2023-06-28,2023,2023-07-21,2023-07-21,S001,Apex Components,Hardware,North America,Strategic,P104,Insight Pro License,Software,Licenses,26,26,71.39,1856.14,USD,Net 30,D. Singh,Closed,Matched,4.6,23,0,True,Research,North America,False,92.81,244.0,Paid
PO-01076,1,REQ-01076,2023-07-08,2023,2023-07-27,2023-07-27,S003,Pacific Industrial Ltd,Manufacturing,Asia Pacific,Preferred,P107,Support Renewal,Services,Support,17,17,139.34,2368.78,USD,Net 30,L. Morgan,Received,Matched,3.9,19,0,True,Research,Europe,True,118.44,132.26,Paid
PO-01077,1,REQ-01077,2026-07-31,2026,2026-08-23,2026-08-26,S001,Apex Components,Hardware,North America,Strategic,P109,Forecasting Add-on,Software,Analytics,42,42,235.73,9900.66,USD,Net 45,L. Morgan,Received,Matched,4.0,23,3,False,Technology,Asia Pacific,True,990.07,158.56,Paid
PO-01078,1,REQ-01078,2024-06-29,2024,2024-07-23,2024-07-18,S004,Greenline Packaging,Packaging,North America,Approved,P100,Analytics Platform,Software,Analytics,34,34,673.34,22893.56,USD,2/10 Net 30,L. Morgan,Received,Pending,4.1,24,0,True,Sales,North America,True,1831.48,110.18,Paid
PO-01079,1,REQ-01079,2025-12-15,2025,2026-01-09,2026-01-17,S007,Sterling Security Group,Security,North America,Preferred,P102,Edge Gateway,Hardware,Networking,70,70,169.47,11862.9,USD,Net 45,D. Singh,Received,Matched,3.0,25,8,False,Research,Europe,True,593.14,424.36,Scheduled
PO-01080,1,REQ-01080,2023-07-04,2023,2023-07-31,2023-08-03,S008,Cobalt Professional Services,Services,Asia Pacific,Approved,P102,Edge Gateway,Hardware,Networking,51,51,283.48,14457.48,USD,2/10 Net 30,K. Wilson,Received,Matched,4.6,27,3,False,Research,Europe,True,1445.75,81.21,Paid
PO-01081,1,REQ-01081,2023-04-02,2023,2023-05-07,2023-05-02,S007,Sterling Security Group,Security,North America,Preferred,P101,Cloud Data Suite,Software,Cloud,38,38,311.89,11851.82,USD,Net 45,L. Morgan,Received,Matched,3.4,35,0,True,Technology,Europe,False,1185.18,411.01,Paid
PO-01082,1,REQ-01082,2026-09-20,2026,2026-10-03,,S007,Sterling Security Group,Security,North America,Preferred,P106,Integration Services,Services,Consulting,6,0,1078.49,6470.94,USD,Net 60,P. Nguyen,Cancelled,Pending,4.1,13,0,False,Research,North America,True,323.55,189.92,Paid
PO-01083,1,REQ-01083,2024-03-26,2024,2024-05-07,,S005,Meridian Logistics,Logistics,Europe,Strategic,P108,Mobile Scanner,Hardware,Devices,60,0,113.85,6831.0,USD,Net 45,K. Wilson,Open,Matched,4.4,42,0,False,Research,Asia Pacific,True,341.55,418.24,Scheduled
PO-01084,1,REQ-01084,2026-07-27,2026,2026-09-03,2026-09-06,S001,Apex Components,Hardware,North America,Strategic,P106,Integration Services,Services,Consulting,45,45,668.89,30100.05,USD,Net 60,D. Singh,Received,Not Received,4.0,38,3,False,Operations,Asia Pacific,True,2408.0,121.65,Paid
PO-01085,1,REQ-01085,2024-05-17,2024,2024-06-11,,S007,Sterling Security Group,Security,North America,Preferred,P107,Support Renewal,Services,Support,29,0,210.19,6095.51,USD,2/10 Net 30,K. Wilson,Open,Pending,3.4,25,0,False,Sales,Europe,True,609.55,330.89,Scheduled
PO-01086,1,REQ-01086,2025-09-15,2025,2025-09-22,,S004,Greenline Packaging,Packaging,North America,Approved,P108,Mobile Scanner,Hardware,Devices,60,0,79.03,4741.8,USD,Net 45,K. Wilson,Open,Pending,3.4,7,0,False,Operations,Asia Pacific,True,379.34,278.02,Paid
PO-01087,1,REQ-01087,2023-03-21,2023,2023-04-16,2023-04-16,S003,Pacific Industrial Ltd,Manufacturing,Asia Pacific,Preferred,P101,Cloud Data Suite,Software,Cloud,24,24,500.61,12014.64,USD,Net 30,K. Wilson,Received,Matched,4.6,26,0,True,Facilities,Asia Pacific,True,1201.46,178.94,Overdue
PO-01088,1,REQ-01088,2025-02-26,2025,2025-03-24,,S003,Pacific Industrial Ltd,Manufacturing,Asia Pacific,Preferred,P106,Integration Services,Services,Consulting,62,0,1033.94,64104.28,USD,Net 30,K. Wilson,Cancelled,Not Received,4.5,26,0,False,Technology,Asia Pacific,True,0.0,448.28,Overdue
PO-01089,1,REQ-01089,2023-11-16,2023,2023-12-20,2023-12-23,S008,Cobalt Professional Services,Services,Asia Pacific,Approved,P104,Insight Pro License,Software,Licenses,29,29,74.01,2146.29,USD,Net 45,T. Brown,Received,Matched,3.1,34,3,False,Technology,North America,False,107.31,0.92,Paid
PO-01090,1,REQ-01090,2025-05-24,2025,2025-06-16,2025-06-16,S001,Apex Components,Hardware,North America,Strategic,P101,Cloud Data Suite,Software,Cloud,52,52,321.11,16697.72,USD,Net 60,T. Brown,Closed,Matched,4.6,23,0,True,Facilities,Asia Pacific,True,1669.77,113.52,Scheduled
PO-01091,1,REQ-01091,2024-04-29,2024,2024-06-03,,S005,Meridian Logistics,Logistics,Europe,Strategic,P101,Cloud Data Suite,Software,Cloud,44,0,489.77,21549.88,USD,2/10 Net 30,P. Nguyen,Open,Matched,3.9,35,0,False,Sales,North America,True,1723.99,336.16,Paid
PO-01092,1,REQ-01092,2023-04-14,2023,2023-05-08,2023-05-08,S004,Greenline Packaging,Packaging,North America,Approved,P108,Mobile Scanner,Hardware,Devices,7,7,116.34,814.38,USD,Net 45,P. Nguyen,Received,Pending,4.2,24,0,True,Operations,Europe,False,81.44,229.78,Scheduled
PO-01093,1,REQ-01093,2024-04-11,2024,2024-05-11,2024-05-14,S004,Greenline Packaging,Packaging,North America,Approved,P107,Support Renewal,Services,Support,54,54,208.18,11241.72,USD,Net 60,L. Morgan,Received,Not Received,3.4,30,3,False,Technology,Asia Pacific,True,899.34,228.76,Overdue
PO-01094,1,REQ-01094,2023-04-08,2023,2023-05-09,2023-05-09,S006,Vertex Office Goods,Office Supplies,Latin America,Approved,P109,Forecasting Add-on,Software,Analytics,69,69,147.91,10205.79,USD,Net 60,D. Singh,Received,Not Received,2.9,31,0,True,Technology,North America,True,816.46,8.61,Overdue
PO-01095,1,REQ-01095,2026-06-05,2026,2026-06-26,2026-06-26,S008,Cobalt Professional Services,Services,Asia Pacific,Approved,P105,Storage Array,Hardware,Storage,17,17,718.86,12220.62,USD,Net 45,L. Morgan,Received,Pending,4.0,21,0,True,Technology,Europe,True,0.0,418.88,Paid
PO-01096,1,REQ-01096,2024-06-14,2024,2024-07-17,2024-08-01,S002,Nimbus Cloud Supply,Technology,Europe,Preferred,P106,Integration Services,Services,Consulting,10,10,836.08,8360.8,USD,2/10 Net 30,K. Wilson,Received,Matched,4.2,33,15,False,Facilities,North America,True,0.0,378.57,Scheduled
PO-01097,1,REQ-01097,2023-01-26,2023,2023-02-24,2023-03-04,S002,Nimbus Cloud Supply,Technology,Europe,Preferred,P109,Forecasting Add-on,Software,Analytics,61,61,150.29,9167.69,USD,Net 45,D. Singh,Received,Pending,3.6,29,8,False,Technology,Europe,False,733.42,148.76,Scheduled
PO-01098,1,REQ-01098,2023-10-19,2023,2023-11-17,2023-11-12,S001,Apex Components,Hardware,North America,Strategic,P102,Edge Gateway,Hardware,Networking,24,24,227.05,5449.2,USD,Net 30,L. Morgan,Received,Matched,3.8,29,0,True,Operations,North America,True,544.92,370.12,Paid
PO-01099,1,REQ-01099,2023-05-08,2023,2023-06-08,2023-06-03,S008,Cobalt Professional Services,Services,Asia Pacific,Approved,P104,Insight Pro License,Software,Licenses,66,66,68.44,4517.04,USD,Net 45,P. Nguyen,Received,Matched,3.4,31,0,True,Sales,North America,True,361.36,340.01,Overdue
PO-01100,1,REQ-01100,2024-08-08,2024,2024-08-18,2024-08-18,S008,Cobalt Professional Services,Services,Asia Pacific,Approved,P105,Storage Array,Hardware,Storage,5,5,804.02,4020.1,USD,Net 60,D. Singh,Received,Matched,3.5,10,0,True,Technology,North America,True,201.0,85.78,Overdue
PO-01101,1,REQ-01101,2025-05-10,2025,2025-06-01,,S001,Apex Components,Hardware,North America,Strategic,P107,Support Renewal,Services,Support,64,0,160.81,10291.84,USD,Net 60,T. Brown,Open,Matched,4.9,22,0,False,Facilities,Asia Pacific,True,0.0,63.57,Paid
PO-01102,1,REQ-01102,2026-06-20,2026,2026-07-24,2026-07-27,S004,Greenline Packaging,Packaging,North America,Approved,P107,Support Renewal,Services,Support,62,62,139.85,8670.7,USD,2/10 Net 30,D. Singh,Received,Not Received,2.8,34,3,False,Facilities,North America,True,433.54,178.23,Paid
PO-01103,1,REQ-01103,2024-09-10,2024,2024-10-15,2024-10-15,S001,Apex Components,Hardware,North America,Strategic,P109,Forecasting Add-on,Software,Analytics,64,64,189.02,12097.28,USD,Net 30,L. Morgan,Received,Matched,3.9,35,0,True,Sales,North America,False,0.0,396.05,Paid
PO-01104,1,REQ-01104,2025-06-25,2025,2025-07-03,2025-07-06,S006,Vertex Office Goods,Office Supplies,Latin America,Approved,P107,Support Renewal,Services,Support,8,8,147.99,1183.92,USD,2/10 Net 30,L. Morgan,Received,Matched,4.0,8,3,False,Facilities,Asia Pacific,False,118.39,358.98,Paid
PO-01105,1,REQ-01105,2024-06-04,2024,2024-07-01,2024-06-26,S004,Greenline Packaging,Packaging,North America,Approved,P102,Edge Gateway,Hardware,Networking,52,52,222.92,11591.84,USD,Net 30,D. Singh,Received,Disputed,3.4,27,0,True,Technology,Europe,True,1159.18,85.72,Paid
PO-01106,1,REQ-01106,2024-02-13,2024,2024-03-09,2024-03-04,S001,Apex Components,Hardware,North America,Strategic,P104,Insight Pro License,Software,Licenses,42,42,105.09,4413.78,USD,Net 45,K. Wilson,Received,Not Received,2.8,25,0,True,Research,Asia Pacific,False,220.69,139.64,Scheduled
PO-01107,1,REQ-01107,2023-09-25,2023,2023-10-14,2023-10-17,S003,Pacific Industrial Ltd,Manufacturing,Asia Pacific,Preferred,P105,Storage Array,Hardware,Storage,20,20,791.23,15824.6,USD,2/10 Net 30,T. Brown,Received,Matched,3.6,19,3,False,Operations,Europe,True,0.0,321.22,Paid
PO-01108,1,REQ-01108,2023-10-30,2023,2023-11-01,2023-11-09,S002,Nimbus Cloud Supply,Technology,Europe,Preferred,P108,Mobile Scanner,Hardware,Devices,30,30,139.38,4181.4,USD,2/10 Net 30,D. Singh,Received,Pending,3.3,2,8,False,Sales,Europe,True,0.0,239.71,Paid
PO-01109,1,REQ-01109,2024-12-26,2024,2025-01-12,,S001,Apex Components,Hardware,North America,Strategic,P101,Cloud Data Suite,Software,Cloud,47,0,374.61,17606.67,USD,2/10 Net 30,T. Brown,Open,Pending,4.7,17,0,False,Facilities,North America,False,0.0,383.4,Overdue
PO-01110,1,REQ-01110,2025-11-03,2025,2025-11-30,,S004,Greenline Packaging,Packaging,North America,Approved,P105,Storage Array,Hardware,Storage,17,14,855.98,14551.66,USD,Net 30,L. Morgan,In Transit,Not Received,4.5,27,0,False,Technology,Asia Pacific,True,0.0,47.78,Paid
PO-01111,1,REQ-01111,2024-02-11,2024,2024-03-16,2024-03-11,S007,Sterling Security Group,Security,North America,Preferred,P100,Analytics Platform,Software,Analytics,35,35,407.32,14256.2,USD,2/10 Net 30,T. Brown,Received,Matched,4.9,34,0,True,Operations,North America,True,712.81,134.91,Paid
PO-01112,1,REQ-01112,2024-10-31,2024,2024-11-17,,S003,Pacific Industrial Ltd,Manufacturing,Asia Pacific,Preferred,P100,Analytics Platform,Software,Analytics,52,0,681.54,35440.08,USD,Net 30,K. Wilson,Open,Pending,3.2,17,0,False,Research,Asia Pacific,False,2835.21,185.69,Paid
PO-01113,1,REQ-01113,2024-12-18,2024,2025-01-15,,S004,Greenline Packaging,Packaging,North America,Approved,P101,Cloud Data Suite,Software,Cloud,26,0,453.54,11792.04,USD,Net 45,K. Wilson,Open,Matched,3.1,28,0,False,Facilities,Asia Pacific,False,1179.2,217.45,Paid
PO-01114,1,REQ-01114,2023-11-06,2023,2023-11-30,2023-11-30,S008,Cobalt Professional Services,Services,Asia Pacific,Approved,P108,Mobile Scanner,Hardware,Devices,12,12,96.28,1155.36,USD,Net 45,D. Singh,Received,Pending,4.2,24,0,True,Research,Asia Pacific,False,115.54,179.6,Paid
PO-01115,1,REQ-01115,2025-05-06,2025,2025-06-05,,S002,Nimbus Cloud Supply,Technology,Europe,Preferred,P104,Insight Pro License,Software,Licenses,54,0,87.5,4725.0,USD,Net 45,P. Nguyen,Cancelled,Matched,4.1,30,0,False,Sales,Asia Pacific,True,472.5,376.18,Paid
PO-01116,1,REQ-01116,2026-01-17,2026,2026-02-11,2026-02-19,S008,Cobalt Professional Services,Services,Asia Pacific,Approved,P109,Forecasting Add-on,Software,Analytics,59,59,209.24,12345.16,USD,Net 45,T. Brown,Received,Matched,4.2,25,8,False,Facilities,North America,False,1234.52,25.68,Paid
PO-01117,1,REQ-01117,2023-08-04,2023,2023-08-08,2023-08-16,S007,Sterling Security Group,Security,North America,Preferred,P107,Support Renewal,Services,Support,11,11,181.39,1995.29,USD,Net 30,D. Singh,Closed,Matched,5.0,4,8,False,Research,North America,False,159.62,201.18,Scheduled
PO-01118,1,REQ-01118,2023-05-11,2023,2023-06-15,2023-06-15,S007,Sterling Security Group,Security,North America,Preferred,P106,Integration Services,Services,Consulting,22,22,649.18,14281.96,USD,2/10 Net 30,D. Singh,Received,Pending,3.7,35,0,True,Sales,Asia Pacific,False,714.1,134.92,Overdue
PO-01119,1,REQ-01119,2026-02-06,2026,2026-02-21,2026-02-21,S002,Nimbus Cloud Supply,Technology,Europe,Preferred,P101,Cloud Data Suite,Software,Cloud,10,10,517.75,5177.5,USD,Net 45,L. Morgan,Received,Matched,3.6,15,0,True,Sales,Asia Pacific,False,0.0,399.68,Paid
PO-01120,1,REQ-01120,2026-08-07,2026,2026-09-04,2026-09-07,S003,Pacific Industrial Ltd,Manufacturing,Asia Pacific,Preferred,P106,Integration Services,Services,Consulting,20,20,940.27,18805.4,USD,Net 30,P. Nguyen,Received,Matched,4.4,28,3,False,Technology,Europe,True,1880.54,166.23,Overdue
PO-01121,1,REQ-01121,2025-01-26,2025,2025-02-09,2025-02-17,S002,Nimbus Cloud Supply,Technology,Europe,Preferred,P107,Support Renewal,Services,Support,16,16,215.79,3452.64,USD,2/10 Net 30,D. Singh,Received,Matched,3.6,14,8,False,Research,North America,True,0.0,385.48,Scheduled
PO-01122,1,REQ-01122,2025-05-16,2025,2025-05-29,,S001,Apex Components,Hardware,North America,Strategic,P109,Forecasting Add-on,Software,Analytics,68,60,189.0,12852.0,USD,Net 45,L. Morgan,In Transit,Disputed,4.4,13,0,False,Research,North America,True,0.0,304.55,Paid
PO-01123,1,REQ-01123,2024-07-26,2024,2024-09-22,2024-10-07,S004,Greenline Packaging,Packaging,North America,Approved,P101,Cloud Data Suite,Software,Cloud,45,45,360.9,16240.5,USD,Net 30,T. Brown,Received,Pending,3.3,58,15,False,Operations,Asia Pacific,False,1624.05,268.93,Paid
PO-01124,1,REQ-01124,2025-09-23,2025,2025-10-08,2025-10-08,S007,Sterling Security Group,Security,North America,Preferred,P100,Analytics Platform,Software,Analytics,45,45,538.46,24230.7,USD,Net 45,L. Morgan,Received,Pending,4.2,15,0,True,Facilities,Europe,True,1211.54,174.92,Paid
PO-01125,1,REQ-01125,2025-04-05,2025,2025-04-30,2025-04-25,S007,Sterling Security Group,Security,North America,Preferred,P108,Mobile Scanner,Hardware,Devices,61,61,120.19,7331.59,USD,Net 45,K. Wilson,Received,Matched,4.9,25,0,True,Technology,Asia Pacific,True,733.16,192.48,Paid
PO-01126,1,REQ-01126,2025-05-06,2025,2025-05-28,,S004,Greenline Packaging,Packaging,North America,Approved,P100,Analytics Platform,Software,Analytics,49,0,362.15,17745.35,USD,2/10 Net 30,L. Morgan,Open,Pending,3.1,22,0,False,Technology,Asia Pacific,False,0.0,80.65,Paid
PO-01127,1,REQ-01127,2023-12-30,2023,2024-01-16,2024-01-31,S002,Nimbus Cloud Supply,Technology,Europe,Preferred,P109,Forecasting Add-on,Software,Analytics,62,62,189.88,11772.56,USD,Net 30,T. Brown,Received,Pending,4.7,17,15,False,Facilities,North America,True,0.0,159.27,Paid
PO-01128,1,REQ-01128,2024-02-08,2024,2024-03-03,,S001,Apex Components,Hardware,North America,Strategic,P106,Integration Services,Services,Consulting,69,63,614.03,42368.07,USD,Net 60,K. Wilson,In Transit,Matched,4.1,24,0,False,Operations,Asia Pacific,True,0.0,414.33,Paid
PO-01129,1,REQ-01129,2024-09-19,2024,2024-10-08,2024-10-08,S005,Meridian Logistics,Logistics,Europe,Strategic,P107,Support Renewal,Services,Support,29,29,139.27,4038.83,USD,Net 45,P. Nguyen,Received,Not Received,3.0,19,0,True,Operations,Asia Pacific,False,0.0,253.27,Paid
PO-01130,1,REQ-01130,2024-09-17,2024,2024-10-11,,S005,Meridian Logistics,Logistics,Europe,Strategic,P105,Storage Array,Hardware,Storage,40,0,658.66,26346.4,USD,Net 30,K. Wilson,Open,Matched,3.7,24,0,False,Sales,Asia Pacific,True,1317.32,423.9,Paid
PO-01131,1,REQ-01131,2023-06-05,2023,2023-07-04,2023-07-07,S001,Apex Components,Hardware,North America,Strategic,P106,Integration Services,Services,Consulting,56,56,910.96,51013.76,USD,Net 45,T. Brown,Received,Matched,3.5,29,3,False,Research,Europe,True,0.0,430.37,Paid
PO-01132,1,REQ-01132,2026-09-16,2026,2026-10-17,2026-10-20,S003,Pacific Industrial Ltd,Manufacturing,Asia Pacific,Preferred,P107,Support Renewal,Services,Support,50,50,200.87,10043.5,USD,Net 30,P. Nguyen,Received,Matched,3.8,31,3,False,Facilities,North America,True,803.48,413.95,Paid
PO-01133,1,REQ-01133,2026-09-17,2026,2026-10-06,2026-10-14,S003,Pacific Industrial Ltd,Manufacturing,Asia Pacific,Preferred,P103,Secure Access Kit,Hardware,Security,13,13,129.38,1681.94,USD,Net 45,T. Brown,Received,Not Received,3.2,19,8,False,Sales,North America,True,0.0,423.99,Overdue
PO-01134,1,REQ-01134,2026-09-06,2026,2026-10-05,,S008,Cobalt Professional Services,Services,Asia Pacific,Approved,P105,Storage Array,Hardware,Storage,58,22,685.25,39744.5,USD,Net 30,K. Wilson,In Transit,Matched,4.9,29,0,False,Technology,North America,True,0.0,89.22,Paid
PO-01135,1,REQ-01135,2026-08-18,2026,2026-09-24,,S005,Meridian Logistics,Logistics,Europe,Strategic,P104,Insight Pro License,Software,Licenses,41,0,96.01,3936.41,USD,2/10 Net 30,K. Wilson,Open,Matched,3.6,37,0,False,Technology,North America,False,196.82,227.17,Paid
PO-01136,1,REQ-01136,2023-05-04,2023,2023-05-27,2023-06-11,S005,Meridian Logistics,Logistics,Europe,Strategic,P102,Edge Gateway,Hardware,Networking,8,8,286.55,2292.4,USD,Net 45,T. Brown,Received,Matched,4.2,23,15,False,Facilities,Europe,True,229.24,204.46,Scheduled
PO-01137,1,REQ-01137,2023-03-06,2023,2023-03-19,2023-03-14,S001,Apex Components,Hardware,North America,Strategic,P101,Cloud Data Suite,Software,Cloud,32,32,371.28,11880.96,USD,Net 60,T. Brown,Received,Matched,4.5,13,0,True,Operations,Asia Pacific,True,0.0,70.87,Paid
PO-01138,1,REQ-01138,2023-08-05,2023,2023-09-07,,S008,Cobalt Professional Services,Services,Asia Pacific,Approved,P108,Mobile Scanner,Hardware,Devices,12,0,99.44,1193.28,USD,Net 60,T. Brown,Cancelled,Not Received,2.9,33,0,False,Sales,Asia Pacific,True,119.33,402.91,Paid
PO-01139,1,REQ-01139,2023-09-21,2023,2023-10-22,2023-10-30,S005,Meridian Logistics,Logistics,Europe,Strategic,P103,Secure Access Kit,Hardware,Security,54,54,199.38,10766.52,USD,Net 30,T. Brown,Received,Matched,4.6,31,8,False,Facilities,North America,False,1076.65,319.65,Paid
PO-01140,1,REQ-01140,2024-06-22,2024,2024-07-28,,S007,Sterling Security Group,Security,North America,Preferred,P103,Secure Access Kit,Hardware,Security,49,36,131.01,6419.49,USD,Net 30,D. Singh,In Transit,Matched,3.8,36,0,False,Facilities,Asia Pacific,True,513.56,266.89,Paid
PO-01141,1,REQ-01141,2023-07-22,2023,2023-08-24,2023-08-24,S007,Sterling Security Group,Security,North America,Preferred,P102,Edge Gateway,Hardware,Networking,64,64,228.83,14645.12,USD,2/10 Net 30,P. Nguyen,Received,Pending,4.0,33,0,True,Research,North America,True,1464.51,95.2,Paid
PO-01142,1,REQ-01142,2026-03-16,2026,2026-04-05,2026-04-08,S006,Vertex Office Goods,Office Supplies,Latin America,Approved,P103,Secure Access Kit,Hardware,Security,44,44,128.0,5632.0,USD,Net 45,P. Nguyen,Received,Matched,4.0,20,3,False,Facilities,North America,False,563.2,142.16,Paid
PO-01143,1,REQ-01143,2024-07-31,2024,2024-08-15,,S006,Vertex Office Goods,Office Supplies,Latin America,Approved,P106,Integration Services,Services,Consulting,45,44,660.27,29712.15,USD,Net 45,L. Morgan,In Transit,Pending,3.4,15,0,False,Sales,Asia Pacific,False,2376.97,116.79,Paid
PO-01144,1,REQ-01144,2023-03-03,2023,2023-03-24,2023-03-19,S006,Vertex Office Goods,Office Supplies,Latin America,Approved,P109,Forecasting Add-on,Software,Analytics,68,68,128.16,8714.88,USD,Net 30,K. Wilson,Received,Not Received,4.4,21,0,True,Technology,Europe,True,0.0,117.29,Paid
PO-01145,1,REQ-01145,2024-11-13,2024,2024-12-06,,S006,Vertex Office Goods,Office Supplies,Latin America,Approved,P107,Support Renewal,Services,Support,46,0,232.47,10693.62,USD,2/10 Net 30,L. Morgan,Open,Matched,3.9,23,0,False,Facilities,Asia Pacific,True,534.68,29.09,Paid
PO-01146,1,REQ-01146,2026-04-20,2026,2026-05-20,2026-05-23,S004,Greenline Packaging,Packaging,North America,Approved,P107,Support Renewal,Services,Support,6,6,247.13,1482.78,USD,Net 30,K. Wilson,Received,Matched,4.5,30,3,False,Sales,Europe,True,148.28,59.0,Paid
PO-01147,1,REQ-01147,2025-06-20,2025,2025-07-17,2025-07-12,S006,Vertex Office Goods,Office Supplies,Latin America,Approved,P106,Integration Services,Services,Consulting,43,43,978.16,42060.88,USD,Net 60,D. Singh,Received,Pending,3.9,27,0,True,Operations,Asia Pacific,False,4206.09,187.42,Paid
PO-01148,1,REQ-01148,2023-11-19,2023,2023-12-20,2023-12-15,S004,Greenline Packaging,Packaging,North America,Approved,P104,Insight Pro License,Software,Licenses,70,70,110.42,7729.4,USD,2/10 Net 30,T. Brown,Received,Not Received,4.9,31,0,True,Facilities,Europe,True,0.0,103.89,Paid
PO-01149,1,REQ-01149,2023-10-25,2023,2023-11-18,,S005,Meridian Logistics,Logistics,Europe,Strategic,P103,Secure Access Kit,Hardware,Security,53,0,134.78,7143.34,USD,2/10 Net 30,L. Morgan,Open,Matched,3.3,24,0,False,Technology,North America,True,357.17,319.09,Overdue
PO-01150,1,REQ-01150,2023-03-12,2023,2023-03-23,2023-03-31,S007,Sterling Security Group,Security,North America,Preferred,P108,Mobile Scanner,Hardware,Devices,60,60,95.3,5718.0,USD,Net 45,L. Morgan,Received,Pending,3.5,11,8,False,Technology,North America,False,285.9,372.39,Scheduled
PO-01151,1,REQ-01151,2023-09-30,2023,2023-10-24,,S004,Greenline Packaging,Packaging,North America,Approved,P104,Insight Pro License,Software,Licenses,35,0,104.53,3658.55,USD,2/10 Net 30,P. Nguyen,Open,Matched,3.4,24,0,False,Facilities,Asia Pacific,True,0.0,438.94,Paid
PO-01152,1,REQ-01152,2024-03-16,2024,2024-03-30,,S006,Vertex Office Goods,Office Supplies,Latin America,Approved,P108,Mobile Scanner,Hardware,Devices,40,0,85.95,3438.0,USD,2/10 Net 30,K. Wilson,Open,Pending,4.4,14,0,False,Sales,Europe,True,171.9,173.8,Paid
PO-01153,1,REQ-01153,2025-10-09,2025,2025-10-19,2025-10-14,S008,Cobalt Professional Services,Services,Asia Pacific,Approved,P106,Integration Services,Services,Consulting,26,26,655.87,17052.62,USD,Net 30,P. Nguyen,Received,Matched,3.5,10,0,True,Operations,Asia Pacific,True,852.63,30.26,Paid
PO-01154,1,REQ-01154,2024-09-21,2024,2024-10-01,2024-10-09,S008,Cobalt Professional Services,Services,Asia Pacific,Approved,P103,Secure Access Kit,Hardware,Security,16,16,126.63,2026.08,USD,Net 30,L. Morgan,Received,Disputed,3.5,10,8,False,Sales,Asia Pacific,True,101.3,261.35,Paid
PO-01155,1,REQ-01155,2023-11-20,2023,2023-12-16,2023-12-11,S007,Sterling Security Group,Security,North America,Preferred,P103,Secure Access Kit,Hardware,Security,57,57,152.76,8707.32,USD,Net 60,L. Morgan,Received,Not Received,4.1,26,0,True,Operations,Europe,True,696.59,332.98,Paid
PO-01156,1,REQ-01156,2023-01-28,2023,2023-02-16,2023-02-16,S002,Nimbus Cloud Supply,Technology,Europe,Preferred,P101,Cloud Data Suite,Software,Cloud,64,64,415.82,26612.48,USD,Net 60,D. Singh,Received,Pending,3.7,19,0,True,Sales,Europe,True,1330.62,13.22,Paid
PO-01157,1,REQ-01157,2024-08-13,2024,2024-08-26,,S003,Pacific Industrial Ltd,Manufacturing,Asia Pacific,Preferred,P106,Integration Services,Services,Consulting,45,37,994.19,44738.55,USD,Net 60,P. Nguyen,In Transit,Matched,3.3,13,0,False,Facilities,Asia Pacific,False,4473.86,206.57,Paid
PO-01158,1,REQ-01158,2026-06-07,2026,2026-07-07,,S005,Meridian Logistics,Logistics,Europe,Strategic,P108,Mobile Scanner,Hardware,Devices,66,55,116.52,7690.32,USD,2/10 Net 30,P. Nguyen,In Transit,Matched,4.3,30,0,False,Sales,Asia Pacific,False,0.0,57.04,Paid
PO-01159,1,REQ-01159,2023-01-30,2023,2023-02-20,2023-02-20,S002,Nimbus Cloud Supply,Technology,Europe,Preferred,P104,Insight Pro License,Software,Licenses,52,52,106.68,5547.36,USD,Net 60,K. Wilson,Received,Pending,3.6,21,0,True,Facilities,Asia Pacific,True,277.37,41.6,Paid
PO-01160,1,REQ-01160,2025-08-05,2025,2025-08-29,,S006,Vertex Office Goods,Office Supplies,Latin America,Approved,P103,Secure Access Kit,Hardware,Security,64,0,147.34,9429.76,USD,Net 45,P. Nguyen,Open,Matched,3.8,24,0,False,Technology,North America,True,754.38,169.37,Paid
PO-01161,1,REQ-01161,2025-11-28,2025,2025-12-19,2025-12-22,S008,Cobalt Professional Services,Services,Asia Pacific,Approved,P102,Edge Gateway,Hardware,Networking,55,55,262.17,14419.35,USD,2/10 Net 30,L. Morgan,Received,Pending,4.0,21,3,False,Technology,North America,True,1441.94,385.59,Paid
PO-01162,1,REQ-01162,2024-02-09,2024,2024-03-14,2024-03-29,S001,Apex Components,Hardware,North America,Strategic,P105,Storage Array,Hardware,Storage,67,67,855.51,57319.17,USD,Net 30,K. Wilson,Received,Matched,3.5,34,15,False,Operations,North America,True,5731.92,254.61,Scheduled
PO-01163,1,REQ-01163,2025-07-10,2025,2025-07-27,,S001,Apex Components,Hardware,North America,Strategic,P107,Support Renewal,Services,Support,14,7,225.09,3151.26,USD,2/10 Net 30,L. Morgan,In Transit,Matched,3.8,17,0,False,Research,North America,True,252.1,10.79,Paid
PO-01164,1,REQ-01164,2023-01-13,2023,2023-01-30,2023-01-30,S007,Sterling Security Group,Security,North America,Preferred,P106,Integration Services,Services,Consulting,66,66,941.79,62158.14,USD,Net 45,T. Brown,Received,Matched,3.0,17,0,True,Operations,Asia Pacific,True,4972.65,181.1,Overdue
PO-01165,1,REQ-01165,2025-01-15,2025,2025-02-11,2025-02-11,S005,Meridian Logistics,Logistics,Europe,Strategic,P109,Forecasting Add-on,Software,Analytics,39,39,162.02,6318.78,USD,Net 45,P. Nguyen,Received,Matched,3.0,27,0,True,Facilities,Europe,True,505.5,19.08,Paid
PO-01166,1,REQ-01166,2025-01-29,2025,2025-02-08,2025-02-08,S006,Vertex Office Goods,Office Supplies,Latin America,Approved,P109,Forecasting Add-on,Software,Analytics,66,66,220.16,14530.56,USD,Net 30,P. Nguyen,Received,Matched,2.9,10,0,True,Technology,Europe,False,0.0,421.49,Scheduled
PO-01167,1,REQ-01167,2023-09-09,2023,2023-10-10,,S001,Apex Components,Hardware,North America,Strategic,P100,Analytics Platform,Software,Analytics,37,0,385.46,14262.02,USD,2/10 Net 30,T. Brown,Open,Not Received,5.0,31,0,False,Research,Europe,False,1140.96,117.73,Paid
PO-01168,1,REQ-01168,2026-08-05,2026,2026-08-25,2026-08-20,S005,Meridian Logistics,Logistics,Europe,Strategic,P107,Support Renewal,Services,Support,52,52,194.38,10107.76,USD,Net 45,K. Wilson,Received,Not Received,2.9,20,0,True,Research,Asia Pacific,True,808.62,317.08,Scheduled
PO-01169,1,REQ-01169,2026-07-24,2026,2026-08-20,,S006,Vertex Office Goods,Office Supplies,Latin America,Approved,P106,Integration Services,Services,Consulting,5,0,891.13,4455.65,USD,2/10 Net 30,D. Singh,Open,Matched,3.3,27,0,False,Research,Europe,True,0.0,220.6,Paid
PO-01170,1,REQ-01170,2025-09-24,2025,2025-10-24,,S003,Pacific Industrial Ltd,Manufacturing,Asia Pacific,Preferred,P108,Mobile Scanner,Hardware,Devices,25,6,128.93,3223.25,USD,Net 30,T. Brown,In Transit,Matched,3.3,30,0,False,Operations,Europe,False,0.0,98.63,Paid
PO-01171,1,REQ-01171,2026-03-27,2026,2026-05-06,2026-05-06,S002,Nimbus Cloud Supply,Technology,Europe,Preferred,P100,Analytics Platform,Software,Analytics,60,60,511.05,30663.0,USD,Net 45,T. Brown,Received,Matched,3.6,40,0,True,Operations,Europe,False,2453.04,80.65,Overdue
PO-01172,1,REQ-01172,2025-07-30,2025,2025-08-20,2025-08-20,S001,Apex Components,Hardware,North America,Strategic,P102,Edge Gateway,Hardware,Networking,24,24,187.98,4511.52,USD,Net 45,K. Wilson,Received,Not Received,4.9,21,0,True,Research,Europe,True,451.15,18.79,Scheduled
PO-01173,1,REQ-01173,2024-03-07,2024,2024-04-07,2024-04-02,S005,Meridian Logistics,Logistics,Europe,Strategic,P102,Edge Gateway,Hardware,Networking,21,21,189.29,3975.09,USD,Net 45,P. Nguyen,Received,Not Received,4.0,31,0,True,Sales,Europe,True,0.0,353.48,Overdue
PO-01174,1,REQ-01174,2023-09-16,2023,2023-10-03,2023-09-28,S005,Meridian Logistics,Logistics,Europe,Strategic,P103,Secure Access Kit,Hardware,Security,62,62,126.43,7838.66,USD,2/10 Net 30,K. Wilson,Closed,Matched,3.5,17,0,True,Operations,Asia Pacific,True,627.09,245.14,Paid
PO-01175,1,REQ-01175,2023-06-01,2023,2023-07-09,2023-07-09,S004,Greenline Packaging,Packaging,North America,Approved,P107,Support Renewal,Services,Support,14,14,160.42,2245.88,USD,2/10 Net 30,D. Singh,Received,Matched,3.5,38,0,True,Operations,Asia Pacific,True,112.29,84.71,Paid
PO-01176,1,REQ-01176,2025-04-09,2025,2025-05-04,,S005,Meridian Logistics,Logistics,Europe,Strategic,P107,Support Renewal,Services,Support,35,18,205.6,7196.0,USD,2/10 Net 30,T. Brown,In Transit,Not Received,4.7,25,0,False,Facilities,North America,True,719.6,403.88,Overdue
PO-01177,1,REQ-01177,2025-10-30,2025,2025-11-18,2025-11-13,S001,Apex Components,Hardware,North America,Strategic,P108,Mobile Scanner,Hardware,Devices,63,63,129.33,8147.79,USD,Net 60,P. Nguyen,Received,Matched,3.9,19,0,True,Operations,Europe,False,0.0,177.11,Paid
PO-01178,1,REQ-01178,2025-09-04,2025,2025-09-13,2025-09-13,S008,Cobalt Professional Services,Services,Asia Pacific,Approved,P101,Cloud Data Suite,Software,Cloud,6,6,404.88,2429.28,USD,Net 45,P. Nguyen,Received,Matched,3.8,9,0,True,Research,Europe,False,121.46,415.77,Overdue
PO-01179,1,REQ-01179,2026-05-17,2026,2026-05-27,2026-05-22,S001,Apex Components,Hardware,North America,Strategic,P104,Insight Pro License,Software,Licenses,20,20,98.55,1971.0,USD,Net 45,D. Singh,Received,Matched,4.0,10,0,True,Facilities,North America,False,157.68,169.01,Paid
PO-01180,1,REQ-01180,2024-07-19,2024,2024-08-29,2024-08-24,S001,Apex Components,Hardware,North America,Strategic,P101,Cloud Data Suite,Software,Cloud,60,60,313.94,18836.4,USD,2/10 Net 30,T. Brown,Received,Not Received,3.2,41,0,True,Research,Europe,False,1506.91,4.43,Paid
PO-01181,1,REQ-01181,2025-01-22,2025,2025-01-27,,S002,Nimbus Cloud Supply,Technology,Europe,Preferred,P108,Mobile Scanner,Hardware,Devices,58,0,77.54,4497.32,USD,2/10 Net 30,T. Brown,Open,Matched,3.7,5,0,False,Technology,Asia Pacific,False,359.79,135.57,Paid
PO-01182,1,REQ-01182,2024-09-08,2024,2024-10-11,2024-10-11,S002,Nimbus Cloud Supply,Technology,Europe,Preferred,P103,Secure Access Kit,Hardware,Security,13,13,166.43,2163.59,USD,Net 60,L. Morgan,Closed,Matched,4.2,33,0,True,Operations,Europe,True,173.09,88.28,Paid
PO-01183,1,REQ-01183,2026-01-16,2026,2026-02-07,2026-02-07,S008,Cobalt Professional Services,Services,Asia Pacific,Approved,P107,Support Renewal,Services,Support,11,11,147.76,1625.36,USD,Net 30,L. Morgan,Received,Matched,3.2,22,0,True,Technology,Europe,True,81.27,381.09,Paid
PO-01184,1,REQ-01184,2023-08-08,2023,2023-09-15,2023-09-10,S001,Apex Components,Hardware,North America,Strategic,P108,Mobile Scanner,Hardware,Devices,45,45,135.01,6075.45,USD,Net 60,D. Singh,Received,Not Received,4.8,38,0,True,Sales,Europe,True,607.54,239.16,Paid
PO-01185,1,REQ-01185,2023-02-02,2023,2023-02-26,,S006,Vertex Office Goods,Office Supplies,Latin America,Approved,P107,Support Renewal,Services,Support,60,28,167.06,10023.6,USD,Net 60,D. Singh,In Transit,Matched,4.0,24,0,False,Operations,North America,True,801.89,134.09,Paid
PO-01186,1,REQ-01186,2025-03-13,2025,2025-04-01,2025-04-04,S006,Vertex Office Goods,Office Supplies,Latin America,Approved,P101,Cloud Data Suite,Software,Cloud,68,68,420.4,28587.2,USD,Net 60,K. Wilson,Received,Matched,4.9,19,3,False,Operations,Europe,False,2858.72,146.68,Overdue
PO-01187,1,REQ-01187,2026-02-22,2026,2026-03-15,2026-03-23,S001,Apex Components,Hardware,North America,Strategic,P100,Analytics Platform,Software,Analytics,19,19,410.34,7796.46,USD,Net 60,D. Singh,Closed,Matched,4.5,21,8,False,Research,North America,True,779.65,53.13,Paid
PO-01188,1,REQ-01188,2026-08-31,2026,2026-09-10,,S001,Apex Components,Hardware,North America,Strategic,P105,Storage Array,Hardware,Storage,17,7,616.11,10473.87,USD,2/10 Net 30,D. Singh,In Transit,Matched,4.9,10,0,False,Sales,Asia Pacific,True,837.91,370.58,Paid
PO-01189,1,REQ-01189,2023-06-19,2023,2023-07-13,2023-07-13,S006,Vertex Office Goods,Office Supplies,Latin America,Approved,P106,Integration Services,Services,Consulting,27,27,1017.16,27463.32,USD,Net 30,K. Wilson,Received,Matched,3.1,24,0,True,Sales,Europe,False,1373.17,408.82,Paid
PO-01190,1,REQ-01190,2024-08-20,2024,2024-09-22,2024-09-17,S002,Nimbus Cloud Supply,Technology,Europe,Preferred,P105,Storage Array,Hardware,Storage,46,46,720.02,33120.92,USD,Net 45,P. Nguyen,Received,Pending,2.9,33,0,True,Technology,Europe,True,0.0,375.58,Paid
PO-01191,1,REQ-01191,2026-04-22,2026,2026-05-05,2026-05-05,S003,Pacific Industrial Ltd,Manufacturing,Asia Pacific,Preferred,P108,Mobile Scanner,Hardware,Devices,30,30,83.82,2514.6,USD,Net 30,P. Nguyen,Received,Matched,3.3,13,0,True,Operations,Asia Pacific,False,201.17,364.02,Scheduled
PO-01192,1,REQ-01192,2026-04-30,2026,2026-05-05,2026-05-05,S003,Pacific Industrial Ltd,Manufacturing,Asia Pacific,Preferred,P106,Integration Services,Services,Consulting,41,41,988.43,40525.63,USD,2/10 Net 30,T. Brown,Received,Matched,4.2,5,0,True,Technology,Asia Pacific,True,2026.28,183.93,Paid
PO-01193,1,REQ-01193,2025-09-15,2025,2025-10-23,2025-10-31,S004,Greenline Packaging,Packaging,North America,Approved,P101,Cloud Data Suite,Software,Cloud,38,38,313.59,11916.42,USD,2/10 Net 30,L. Morgan,Received,Pending,2.9,38,8,False,Operations,Europe,False,953.31,231.13,Paid
PO-01194,1,REQ-01194,2026-09-19,2026,2026-10-13,,S004,Greenline Packaging,Packaging,North America,Approved,P109,Forecasting Add-on,Software,Analytics,29,10,193.9,5623.1,USD,Net 45,P. Nguyen,In Transit,Not Received,3.8,24,0,False,Technology,Europe,True,281.16,402.85,Paid
PO-01195,1,REQ-01195,2025-10-27,2025,2025-11-28,2025-12-06,S004,Greenline Packaging,Packaging,North America,Approved,P103,Secure Access Kit,Hardware,Security,8,8,202.77,1622.16,USD,Net 60,K. Wilson,Received,Matched,3.8,32,8,False,Sales,North America,False,0.0,269.08,Scheduled
PO-01196,1,REQ-01196,2026-04-04,2026,2026-04-29,2026-04-29,S004,Greenline Packaging,Packaging,North America,Approved,P108,Mobile Scanner,Hardware,Devices,30,30,77.26,2317.8,USD,Net 60,T. Brown,Received,Matched,4.9,25,0,True,Facilities,Asia Pacific,True,115.89,28.81,Paid
PO-01197,1,REQ-01197,2026-01-16,2026,2026-01-29,,S004,Greenline Packaging,Packaging,North America,Approved,P108,Mobile Scanner,Hardware,Devices,35,0,81.45,2850.75,USD,Net 45,L. Morgan,Open,Pending,3.9,13,0,False,Sales,Asia Pacific,True,142.54,228.01,Scheduled
PO-01198,1,REQ-01198,2023-05-08,2023,2023-06-08,2023-06-16,S004,Greenline Packaging,Packaging,North America,Approved,P109,Forecasting Add-on,Software,Analytics,32,32,127.17,4069.44,USD,Net 60,K. Wilson,Received,Not Received,4.6,31,8,False,Technology,Europe,True,203.47,367.55,Paid
PO-01199,1,REQ-01199,2024-10-11,2024,2024-10-29,2024-10-29,S001,Apex Components,Hardware,North America,Strategic,P104,Insight Pro License,Software,Licenses,37,37,126.51,4680.87,USD,Net 45,D. Singh,Received,Matched,4.4,18,0,True,Operations,North America,True,374.47,326.63,Paid
PO-01200,1,REQ-01200,2025-10-29,2025,2025-11-03,2025-11-03,S006,Vertex Office Goods,Office Supplies,Latin America,Approved,P109,Forecasting Add-on,Software,Analytics,26,26,234.59,6099.34,USD,2/10 Net 30,P. Nguyen,Received,Matched,3.0,5,0,True,Research,North America,False,0.0,179.23,Scheduled
PO-01201,1,REQ-01201,2025-02-15,2025,2025-03-23,2025-03-26,S005,Meridian Logistics,Logistics,Europe,Strategic,P107,Support Renewal,Services,Support,63,63,224.42,14138.46,USD,Net 30,L. Morgan,Received,Pending,2.9,36,3,False,Technology,Europe,False,1131.08,244.07,Paid
PO-01202,1,REQ-01202,2025-12-03,2025,2025-12-24,2025-12-19,S008,Cobalt Professional Services,Services,Asia Pacific,Approved,P103,Secure Access Kit,Hardware,Security,45,45,177.79,8000.55,USD,Net 60,D. Singh,Received,Matched,3.8,21,0,True,Sales,Asia Pacific,True,800.06,21.61,Paid
PO-01203,1,REQ-01203,2024-06-14,2024,2024-07-19,2024-07-19,S004,Greenline Packaging,Packaging,North America,Approved,P105,Storage Array,Hardware,Storage,67,67,655.34,43907.78,USD,Net 45,P. Nguyen,Received,Pending,4.1,35,0,True,Facilities,Asia Pacific,True,4390.78,158.76,Paid
PO-01204,1,REQ-01204,2023-10-16,2023,2023-11-08,2023-11-08,S004,Greenline Packaging,Packaging,North America,Approved,P100,Analytics Platform,Software,Analytics,12,12,449.74,5396.88,USD,Net 60,P. Nguyen,Received,Matched,4.7,23,0,True,Sales,North America,True,431.75,114.81,Scheduled
PO-01205,1,REQ-01205,2023-09-15,2023,2023-10-21,,S006,Vertex Office Goods,Office Supplies,Latin America,Approved,P101,Cloud Data Suite,Software,Cloud,5,0,372.51,1862.55,USD,Net 45,D. Singh,Open,Matched,4.9,36,0,False,Facilities,Asia Pacific,True,93.13,439.15,Paid
PO-01206,1,REQ-01206,2023-02-06,2023,2023-03-05,2023-03-08,S003,Pacific Industrial Ltd,Manufacturing,Asia Pacific,Preferred,P106,Integration Services,Services,Consulting,46,46,1014.26,46655.96,USD,Net 30,K. Wilson,Received,Disputed,3.2,27,3,False,Research,Asia Pacific,True,0.0,421.05,Scheduled
PO-01207,1,REQ-01207,2024-04-03,2024,2024-04-28,2024-04-28,S007,Sterling Security Group,Security,North America,Preferred,P106,Integration Services,Services,Consulting,36,36,834.63,30046.68,USD,Net 30,L. Morgan,Received,Pending,4.0,25,0,True,Research,North America,True,3004.67,72.47,Overdue
PO-01208,1,REQ-01208,2024-12-13,2024,2024-12-22,,S005,Meridian Logistics,Logistics,Europe,Strategic,P108,Mobile Scanner,Hardware,Devices,15,0,113.63,1704.45,USD,2/10 Net 30,K. Wilson,Open,Matched,3.0,9,0,False,Sales,North America,True,0.0,158.32,Paid
PO-01209,1,REQ-01209,2023-10-01,2023,2023-10-29,,S005,Meridian Logistics,Logistics,Europe,Strategic,P105,Storage Array,Hardware,Storage,7,0,898.12,6286.84,USD,Net 30,K. Wilson,Open,Matched,4.7,28,0,False,Research,North America,True,502.95,241.39,Paid
PO-01210,1,REQ-01210,2026-01-20,2026,2026-02-16,2026-02-16,S003,Pacific Industrial Ltd,Manufacturing,Asia Pacific,Preferred,P101,Cloud Data Suite,Software,Cloud,57,57,359.46,20489.22,USD,Net 60,D. Singh,Received,Matched,3.1,27,0,True,Technology,Asia Pacific,False,1639.14,249.63,Scheduled
PO-01211,1,REQ-01211,2024-04-06,2024,2024-04-22,,S003,Pacific Industrial Ltd,Manufacturing,Asia Pacific,Preferred,P105,Storage Array,Hardware,Storage,52,0,560.33,29137.16,USD,Net 60,L. Morgan,Cancelled,Pending,3.4,16,0,False,Research,North America,True,2913.72,417.0,Overdue
PO-01212,1,REQ-01212,2025-03-09,2025,2025-04-01,2025-04-01,S005,Meridian Logistics,Logistics,Europe,Strategic,P106,Integration Services,Services,Consulting,19,19,1074.71,20419.49,USD,2/10 Net 30,D. Singh,Received,Pending,4.5,23,0,True,Sales,North America,False,1633.56,110.5,Paid
PO-01213,1,REQ-01213,2026-02-06,2026,2026-02-23,,S003,Pacific Industrial Ltd,Manufacturing,Asia Pacific,Preferred,P104,Insight Pro License,Software,Licenses,68,0,92.42,6284.56,USD,2/10 Net 30,T. Brown,Open,Matched,3.4,17,0,False,Research,North America,False,0.0,395.47,Paid
PO-01214,1,REQ-01214,2024-03-13,2024,2024-03-31,2024-03-26,S008,Cobalt Professional Services,Services,Asia Pacific,Approved,P103,Secure Access Kit,Hardware,Security,13,13,192.21,2498.73,USD,Net 60,D. Singh,Received,Pending,3.9,18,0,True,Research,North America,True,0.0,136.71,Scheduled
PO-01215,1,REQ-01215,2026-03-17,2026,2026-04-13,2026-04-28,S005,Meridian Logistics,Logistics,Europe,Strategic,P103,Secure Access Kit,Hardware,Security,12,12,188.32,2259.84,USD,Net 60,P. Nguyen,Received,Disputed,3.7,27,15,False,Operations,North America,True,0.0,360.45,Paid
PO-01216,1,REQ-01216,2026-05-13,2026,2026-06-03,2026-06-03,S006,Vertex Office Goods,Office Supplies,Latin America,Approved,P101,Cloud Data Suite,Software,Cloud,55,55,433.11,23821.05,USD,Net 30,D. Singh,Closed,Matched,3.8,21,0,True,Operations,North America,True,1905.68,266.94,Scheduled
PO-01217,1,REQ-01217,2025-03-31,2025,2025-04-20,2025-04-15,S006,Vertex Office Goods,Office Supplies,Latin America,Approved,P102,Edge Gateway,Hardware,Networking,30,30,158.93,4767.9,USD,Net 60,L. Morgan,Received,Matched,4.8,20,0,True,Sales,North America,True,238.39,17.5,Scheduled
PO-01218,1,REQ-01218,2026-09-04,2026,2026-09-23,2026-09-23,S002,Nimbus Cloud Supply,Technology,Europe,Preferred,P106,Integration Services,Services,Consulting,10,10,842.04,8420.4,USD,Net 30,P. Nguyen,Received,Matched,3.9,19,0,True,Operations,Asia Pacific,True,673.63,378.59,Scheduled
PO-01219,1,REQ-01219,2026-05-02,2026,2026-06-06,2026-06-01,S008,Cobalt Professional Services,Services,Asia Pacific,Approved,P102,Edge Gateway,Hardware,Networking,47,47,202.7,9526.9,USD,Net 45,T. Brown,Received,Pending,4.2,35,0,True,Technology,North America,True,762.15,444.53,Paid
PO-01220,1,REQ-01220,2026-09-02,2026,2026-09-09,2026-09-09,S006,Vertex Office Goods,Office Supplies,Latin America,Approved,P106,Integration Services,Services,Consulting,16,16,632.01,10112.16,USD,2/10 Net 30,L. Morgan,Closed,Pending,4.3,7,0,True,Research,Europe,True,505.61,2.06,Paid
PO-01221,1,REQ-01221,2025-06-28,2025,2025-07-19,2025-07-27,S004,Greenline Packaging,Packaging,North America,Approved,P109,Forecasting Add-on,Software,Analytics,27,27,229.68,6201.36,USD,Net 45,T. Brown,Received,Not Received,4.9,21,8,False,Sales,North America,True,310.07,3.6,Paid
PO-01222,1,REQ-01222,2026-01-09,2026,2026-02-03,2026-02-03,S006,Vertex Office Goods,Office Supplies,Latin America,Approved,P104,Insight Pro License,Software,Licenses,19,19,118.65,2254.35,USD,Net 30,K. Wilson,Closed,Matched,3.3,25,0,True,Technology,Europe,True,180.35,268.25,Paid
PO-01223,1,REQ-01223,2025-12-10,2025,2025-12-19,,S004,Greenline Packaging,Packaging,North America,Approved,P104,Insight Pro License,Software,Licenses,66,48,85.24,5625.84,USD,Net 45,P. Nguyen,In Transit,Matched,4.0,9,0,False,Research,Asia Pacific,True,0.0,136.09,Overdue
PO-01224,1,REQ-01224,2025-04-16,2025,2025-04-20,2025-04-23,S001,Apex Components,Hardware,North America,Strategic,P103,Secure Access Kit,Hardware,Security,47,47,192.0,9024.0,USD,Net 45,D. Singh,Received,Matched,5.0,4,3,False,Sales,North America,True,0.0,220.8,Paid
PO-01225,1,REQ-01225,2026-06-17,2026,2026-07-01,2026-07-01,S008,Cobalt Professional Services,Services,Asia Pacific,Approved,P109,Forecasting Add-on,Software,Analytics,62,62,210.58,13055.96,USD,2/10 Net 30,T. Brown,Received,Matched,4.7,14,0,True,Operations,North America,False,0.0,281.52,Paid
PO-01226,1,REQ-01226,2025-09-24,2025,2025-11-02,2025-10-28,S001,Apex Components,Hardware,North America,Strategic,P107,Support Renewal,Services,Support,60,60,257.22,15433.2,USD,Net 45,T. Brown,Closed,Matched,3.3,39,0,True,Sales,Asia Pacific,True,1234.66,181.69,Paid
PO-01227,1,REQ-01227,2024-07-30,2024,2024-08-25,2024-08-25,S001,Apex Components,Hardware,North America,Strategic,P104,Insight Pro License,Software,Licenses,6,6,102.95,617.7,USD,Net 60,P. Nguyen,Received,Matched,3.7,26,0,True,Research,Asia Pacific,True,30.89,58.59,Paid
PO-01228,1,REQ-01228,2025-09-08,2025,2025-10-05,,S008,Cobalt Professional Services,Services,Asia Pacific,Approved,P101,Cloud Data Suite,Software,Cloud,61,25,422.2,25754.2,USD,2/10 Net 30,T. Brown,In Transit,Not Received,4.3,27,0,False,Sales,Asia Pacific,True,2575.42,64.78,Overdue
PO-01229,1,REQ-01229,2024-11-01,2024,2024-12-05,2024-12-05,S007,Sterling Security Group,Security,North America,Preferred,P101,Cloud Data Suite,Software,Cloud,57,57,502.51,28643.07,USD,Net 45,D. Singh,Received,Pending,4.4,34,0,True,Operations,Europe,False,1432.15,217.4,Scheduled
PO-01230,1,REQ-01230,2025-01-06,2025,2025-02-11,,S001,Apex Components,Hardware,North America,Strategic,P107,Support Renewal,Services,Support,59,0,175.75,10369.25,USD,Net 45,T. Brown,Open,Matched,3.8,36,0,False,Operations,North America,False,518.46,206.18,Scheduled
PO-01231,1,REQ-01231,2023-01-18,2023,2023-02-14,2023-02-09,S007,Sterling Security Group,Security,North America,Preferred,P105,Storage Array,Hardware,Storage,33,33,783.22,25846.26,USD,2/10 Net 30,T. Brown,Received,Matched,4.5,27,0,True,Research,Europe,False,1292.31,127.36,Paid
PO-01232,1,REQ-01232,2026-05-04,2026,2026-06-08,2026-06-08,S005,Meridian Logistics,Logistics,Europe,Strategic,P109,Forecasting Add-on,Software,Analytics,14,14,186.05,2604.7,USD,2/10 Net 30,L. Morgan,Received,Not Received,4.1,35,0,True,Sales,Europe,True,208.38,150.07,Paid
PO-01233,1,REQ-01233,2024-05-11,2024,2024-06-18,2024-06-13,S003,Pacific Industrial Ltd,Manufacturing,Asia Pacific,Preferred,P100,Analytics Platform,Software,Analytics,47,47,413.28,19424.16,USD,Net 60,L. Morgan,Received,Matched,4.4,38,0,True,Operations,North America,True,0.0,333.63,Scheduled
PO-01234,1,REQ-01234,2024-07-16,2024,2024-08-19,,S001,Apex Components,Hardware,North America,Strategic,P107,Support Renewal,Services,Support,44,0,157.38,6924.72,USD,Net 45,D. Singh,Open,Not Received,3.1,34,0,False,Sales,Asia Pacific,True,553.98,328.47,Paid
PO-01235,1,REQ-01235,2026-08-20,2026,2026-08-29,2026-08-24,S007,Sterling Security Group,Security,North America,Preferred,P104,Insight Pro License,Software,Licenses,35,35,69.53,2433.55,USD,Net 30,K. Wilson,Closed,Not Received,3.2,9,0,True,Research,North America,True,243.36,319.89,Scheduled
PO-01236,1,REQ-01236,2024-08-15,2024,2024-09-16,,S007,Sterling Security Group,Security,North America,Preferred,P102,Edge Gateway,Hardware,Networking,19,5,232.18,4411.42,USD,2/10 Net 30,L. Morgan,In Transit,Not Received,3.7,32,0,False,Operations,North America,True,352.91,448.02,Paid
PO-01237,1,REQ-01237,2023-02-07,2023,2023-03-02,,S004,Greenline Packaging,Packaging,North America,Approved,P103,Secure Access Kit,Hardware,Security,43,14,201.87,8680.41,USD,2/10 Net 30,D. Singh,In Transit,Matched,2.8,23,0,False,Sales,Asia Pacific,False,434.02,156.52,Paid
PO-01238,1,REQ-01238,2024-01-23,2024,2024-02-16,2024-02-24,S008,Cobalt Professional Services,Services,Asia Pacific,Approved,P105,Storage Array,Hardware,Storage,56,56,880.02,49281.12,USD,2/10 Net 30,K. Wilson,Received,Pending,3.0,24,8,False,Sales,Europe,False,3942.49,59.27,Scheduled
PO-01239,1,REQ-01239,2023-10-04,2023,2023-10-21,,S008,Cobalt Professional Services,Services,Asia Pacific,Approved,P102,Edge Gateway,Hardware,Networking,64,38,238.48,15262.72,USD,Net 30,P. Nguyen,In Transit,Matched,3.4,17,0,False,Operations,Asia Pacific,True,0.0,138.27,Paid
PO-01240,1,REQ-01240,2025-05-11,2025,2025-06-01,,S007,Sterling Security Group,Security,North America,Preferred,P100,Analytics Platform,Software,Analytics,31,23,539.37,16720.47,USD,Net 60,K. Wilson,In Transit,Pending,4.5,21,0,False,Research,Europe,False,1672.05,281.73,Overdue
PO-01241,1,REQ-01241,2026-09-06,2026,2026-10-07,2026-10-10,S001,Apex Components,Hardware,North America,Strategic,P106,Integration Services,Services,Consulting,39,39,935.69,36491.91,USD,Net 30,D. Singh,Received,Pending,4.3,31,3,False,Research,Europe,False,2919.35,77.05,Paid
PO-01242,1,REQ-01242,2026-01-15,2026,2026-02-04,2026-02-04,S008,Cobalt Professional Services,Services,Asia Pacific,Approved,P108,Mobile Scanner,Hardware,Devices,21,21,98.97,2078.37,USD,2/10 Net 30,K. Wilson,Received,Matched,2.9,20,0,True,Research,Europe,True,103.92,49.98,Paid
PO-01243,1,REQ-01243,2026-03-20,2026,2026-04-13,2026-04-16,S004,Greenline Packaging,Packaging,North America,Approved,P108,Mobile Scanner,Hardware,Devices,8,8,96.28,770.24,USD,Net 60,K. Wilson,Received,Disputed,3.3,24,3,False,Research,Asia Pacific,False,0.0,35.44,Paid
PO-01244,1,REQ-01244,2026-08-11,2026,2026-08-28,,S007,Sterling Security Group,Security,North America,Preferred,P106,Integration Services,Services,Consulting,21,0,591.47,12420.87,USD,Net 60,T. Brown,Open,Matched,3.2,17,0,False,Research,Europe,False,0.0,90.91,Paid
PO-01245,1,REQ-01245,2023-08-13,2023,2023-09-13,2023-09-08,S005,Meridian Logistics,Logistics,Europe,Strategic,P106,Integration Services,Services,Consulting,51,51,575.94,29372.94,USD,Net 60,T. Brown,Received,Matched,4.5,31,0,True,Operations,Europe,True,0.0,334.73,Scheduled
PO-01246,1,REQ-01246,2023-06-16,2023,2023-07-24,2023-07-19,S004,Greenline Packaging,Packaging,North America,Approved,P105,Storage Array,Hardware,Storage,29,29,772.52,22403.08,USD,Net 45,P. Nguyen,Received,Matched,3.9,38,0,True,Sales,Europe,False,1792.25,358.39,Paid
PO-01247,1,REQ-01247,2026-03-06,2026,2026-03-20,2026-03-20,S006,Vertex Office Goods,Office Supplies,Latin America,Approved,P101,Cloud Data Suite,Software,Cloud,62,62,392.47,24333.14,USD,Net 30,D. Singh,Received,Matched,4.5,14,0,True,Sales,North America,True,1216.66,430.3,Paid
PO-01248,1,REQ-01248,2025-11-21,2025,2025-12-18,2025-12-18,S001,Apex Components,Hardware,North America,Strategic,P108,Mobile Scanner,Hardware,Devices,26,26,84.3,2191.8,USD,Net 30,K. Wilson,Received,Matched,4.5,27,0,True,Technology,North America,True,219.18,437.76,Paid
PO-01249,1,REQ-01249,2025-10-23,2025,2025-10-30,,S004,Greenline Packaging,Packaging,North America,Approved,P109,Forecasting Add-on,Software,Analytics,13,0,231.79,3013.27,USD,Net 45,P. Nguyen,Open,Matched,4.2,7,0,False,Research,North America,True,0.0,359.44,Scheduled
PO-01250,1,REQ-01250,2025-03-23,2025,2025-04-11,,S008,Cobalt Professional Services,Services,Asia Pacific,Approved,P103,Secure Access Kit,Hardware,Security,39,0,203.63,7941.57,USD,Net 60,P. Nguyen,Open,Pending,3.4,19,0,False,Research,Asia Pacific,True,0.0,299.69,Scheduled
PO-01251,1,REQ-01251,2023-04-06,2023,2023-05-11,2023-05-11,S006,Vertex Office Goods,Office Supplies,Latin America,Approved,P104,Insight Pro License,Software,Licenses,32,32,128.68,4117.76,USD,2/10 Net 30,D. Singh,Received,Pending,3.1,35,0,True,Technology,Europe,True,0.0,297.18,Paid
PO-01252,1,REQ-01252,2023-05-29,2023,2023-06-19,,S007,Sterling Security Group,Security,North America,Preferred,P104,Insight Pro License,Software,Licenses,10,9,113.41,1134.1,USD,Net 30,L. Morgan,In Transit,Matched,3.1,21,0,False,Research,Europe,True,56.7,388.93,Paid
PO-01253,1,REQ-01253,2025-03-25,2025,2025-04-09,2025-04-12,S004,Greenline Packaging,Packaging,North America,Approved,P103,Secure Access Kit,Hardware,Security,39,39,139.43,5437.77,USD,Net 30,D. Singh,Received,Matched,4.4,15,3,False,Research,North America,False,271.89,195.82,Paid
PO-01254,1,REQ-01254,2026-08-10,2026,2026-09-22,2026-09-25,S008,Cobalt Professional Services,Services,Asia Pacific,Approved,P101,Cloud Data Suite,Software,Cloud,10,10,504.39,5043.9,USD,Net 30,D. Singh,Received,Matched,3.8,43,3,False,Technology,North America,True,252.19,159.39,Paid
PO-01255,1,REQ-01255,2024-11-12,2024,2024-12-22,,S003,Pacific Industrial Ltd,Manufacturing,Asia Pacific,Preferred,P100,Analytics Platform,Software,Analytics,38,0,471.2,17905.6,USD,Net 30,K. Wilson,Cancelled,Matched,3.2,40,0,False,Operations,Asia Pacific,True,1790.56,381.17,Paid
PO-01256,1,REQ-01256,2023-05-29,2023,2023-06-15,2023-06-18,S001,Apex Components,Hardware,North America,Strategic,P103,Secure Access Kit,Hardware,Security,16,16,175.38,2806.08,USD,2/10 Net 30,T. Brown,Received,Disputed,3.2,17,3,False,Facilities,Asia Pacific,True,280.61,338.54,Paid
PO-01257,1,REQ-01257,2024-01-11,2024,2024-01-31,,S007,Sterling Security Group,Security,North America,Preferred,P107,Support Renewal,Services,Support,43,9,207.12,8906.16,USD,Net 45,T. Brown,In Transit,Pending,4.2,20,0,False,Technology,North America,True,712.49,210.4,Paid
PO-01258,1,REQ-01258,2025-07-29,2025,2025-08-11,2025-08-26,S002,Nimbus Cloud Supply,Technology,Europe,Preferred,P102,Edge Gateway,Hardware,Networking,67,67,275.52,18459.84,USD,Net 60,P. Nguyen,Received,Pending,4.8,13,15,False,Research,Europe,True,922.99,226.94,Scheduled
PO-01259,1,REQ-01259,2025-07-16,2025,2025-08-11,2025-08-11,S002,Nimbus Cloud Supply,Technology,Europe,Preferred,P102,Edge Gateway,Hardware,Networking,20,20,196.47,3929.4,USD,2/10 Net 30,L. Morgan,Received,Matched,3.6,26,0,True,Technology,North America,True,314.35,185.65,Paid
PO-01260,1,REQ-01260,2023-11-17,2023,2023-12-22,2023-12-22,S008,Cobalt Professional Services,Services,Asia Pacific,Approved,P109,Forecasting Add-on,Software,Analytics,70,70,224.48,15713.6,USD,2/10 Net 30,P. Nguyen,Received,Pending,4.8,35,0,True,Research,Asia Pacific,True,1257.09,116.09,Overdue
PO-01261,1,REQ-01261,2026-09-06,2026,2026-10-07,2026-10-15,S004,Greenline Packaging,Packaging,North America,Approved,P107,Support Renewal,Services,Support,57,57,167.33,9537.81,USD,Net 60,D. Singh,Received,Matched,3.6,31,8,False,Research,Asia Pacific,True,0.0,207.14,Scheduled
PO-01262,1,REQ-01262,2026-05-22,2026,2026-06-14,2026-06-09,S008,Cobalt Professional Services,Services,Asia Pacific,Approved,P100,Analytics Platform,Software,Analytics,53,53,563.34,29857.02,USD,Net 45,D. Singh,Received,Matched,4.5,23,0,True,Operations,Europe,False,2985.7,45.28,Paid
PO-01263,1,REQ-01263,2026-06-03,2026,2026-07-04,2026-07-07,S001,Apex Components,Hardware,North America,Strategic,P106,Integration Services,Services,Consulting,60,60,630.75,37845.0,USD,Net 60,K. Wilson,Received,Pending,4.7,31,3,False,Facilities,Asia Pacific,True,0.0,263.29,Paid
PO-01264,1,REQ-01264,2025-11-20,2025,2025-12-16,,S002,Nimbus Cloud Supply,Technology,Europe,Preferred,P105,Storage Array,Hardware,Storage,35,16,768.8,26908.0,USD,Net 60,L. Morgan,In Transit,Matched,4.7,26,0,False,Sales,Europe,True,2690.8,219.25,Scheduled
PO-01265,1,REQ-01265,2024-08-25,2024,2024-09-21,2024-09-16,S007,Sterling Security Group,Security,North America,Preferred,P101,Cloud Data Suite,Software,Cloud,50,50,371.9,18595.0,USD,Net 45,K. Wilson,Received,Not Received,3.0,27,0,True,Research,Europe,False,929.75,367.65,Overdue
PO-01266,1,REQ-01266,2026-04-06,2026,2026-04-25,2026-04-28,S001,Apex Components,Hardware,North America,Strategic,P107,Support Renewal,Services,Support,55,55,224.35,12339.25,USD,Net 45,T. Brown,Received,Matched,3.4,19,3,False,Research,Europe,False,987.14,119.31,Paid
PO-01267,1,REQ-01267,2026-04-01,2026,2026-04-19,,S004,Greenline Packaging,Packaging,North America,Approved,P103,Secure Access Kit,Hardware,Security,38,28,135.4,5145.2,USD,2/10 Net 30,T. Brown,In Transit,Matched,3.1,18,0,False,Sales,Asia Pacific,True,514.52,313.55,Paid
PO-01268,1,REQ-01268,2024-06-02,2024,2024-07-12,2024-07-07,S007,Sterling Security Group,Security,North America,Preferred,P102,Edge Gateway,Hardware,Networking,70,70,281.53,19707.1,USD,Net 60,P. Nguyen,Received,Matched,4.8,40,0,True,Operations,Europe,True,0.0,289.05,Scheduled
PO-01269,1,REQ-01269,2024-07-29,2024,2024-08-20,,S008,Cobalt Professional Services,Services,Asia Pacific,Approved,P108,Mobile Scanner,Hardware,Devices,42,0,79.13,3323.46,USD,Net 60,L. Morgan,Cancelled,Matched,3.0,22,0,False,Technology,Europe,True,332.35,152.89,Paid
PO-01270,1,REQ-01270,2026-05-14,2026,2026-06-04,,S002,Nimbus Cloud Supply,Technology,Europe,Preferred,P100,Analytics Platform,Software,Analytics,26,0,551.91,14349.66,USD,2/10 Net 30,P. Nguyen,Open,Matched,3.4,21,0,False,Technology,Europe,True,0.0,415.7,Paid
PO-01271,1,REQ-01271,2025-11-16,2025,2025-12-07,2025-12-15,S008,Cobalt Professional Services,Services,Asia Pacific,Approved,P104,Insight Pro License,Software,Licenses,22,22,108.88,2395.36,USD,Net 45,L. Morgan,Received,Disputed,5.0,21,8,False,Research,North America,False,0.0,378.02,Paid
PO-01272,1,REQ-01272,2026-04-25,2026,2026-05-24,2026-05-27,S007,Sterling Security Group,Security,North America,Preferred,P104,Insight Pro License,Software,Licenses,8,8,102.65,821.2,USD,Net 60,P. Nguyen,Closed,Pending,3.1,29,3,False,Facilities,North America,False,0.0,426.82,Paid
PO-01273,1,REQ-01273,2023-08-21,2023,2023-09-16,2023-09-16,S008,Cobalt Professional Services,Services,Asia Pacific,Approved,P103,Secure Access Kit,Hardware,Security,58,58,191.14,11086.12,USD,Net 60,T. Brown,Received,Not Received,4.4,26,0,True,Facilities,Europe,True,0.0,100.26,Overdue
PO-01274,1,REQ-01274,2025-01-26,2025,2025-02-17,,S005,Meridian Logistics,Logistics,Europe,Strategic,P102,Edge Gateway,Hardware,Networking,68,40,161.78,11001.04,USD,Net 45,P. Nguyen,In Transit,Matched,4.3,22,0,False,Sales,Asia Pacific,True,550.05,66.24,Scheduled
PO-01275,1,REQ-01275,2026-06-14,2026,2026-07-20,,S004,Greenline Packaging,Packaging,North America,Approved,P109,Forecasting Add-on,Software,Analytics,23,15,137.96,3173.08,USD,Net 60,P. Nguyen,In Transit,Pending,3.3,36,0,False,Facilities,North America,False,0.0,197.19,Paid
PO-01276,1,REQ-01276,2024-09-08,2024,2024-09-29,2024-10-07,S004,Greenline Packaging,Packaging,North America,Approved,P109,Forecasting Add-on,Software,Analytics,48,48,163.07,7827.36,USD,Net 60,P. Nguyen,Received,Matched,4.1,21,8,False,Operations,North America,True,782.74,56.4,Paid
PO-01277,1,REQ-01277,2026-05-08,2026,2026-05-24,,S005,Meridian Logistics,Logistics,Europe,Strategic,P109,Forecasting Add-on,Software,Analytics,7,0,228.97,1602.79,USD,Net 45,D. Singh,Cancelled,Matched,3.2,16,0,False,Facilities,North America,False,160.28,199.74,Paid
PO-01278,1,REQ-01278,2026-07-20,2026,2026-07-22,,S006,Vertex Office Goods,Office Supplies,Latin America,Approved,P103,Secure Access Kit,Hardware,Security,38,0,186.52,7087.76,USD,2/10 Net 30,L. Morgan,Open,Disputed,3.2,2,0,False,Technology,Asia Pacific,True,354.39,11.8,Paid
PO-01279,1,REQ-01279,2026-03-07,2026,2026-03-15,,S006,Vertex Office Goods,Office Supplies,Latin America,Approved,P103,Secure Access Kit,Hardware,Security,10,0,180.85,1808.5,USD,Net 45,P. Nguyen,Open,Matched,3.8,8,0,False,Technology,Europe,True,144.68,236.44,Scheduled
PO-01280,1,REQ-01280,2023-10-27,2023,2023-12-12,2023-12-07,S004,Greenline Packaging,Packaging,North America,Approved,P100,Analytics Platform,Software,Analytics,59,59,681.67,40218.53,USD,2/10 Net 30,L. Morgan,Received,Matched,4.3,46,0,True,Sales,Europe,False,4021.85,301.06,Scheduled
PO-01281,1,REQ-01281,2023-04-01,2023,2023-04-23,2023-05-01,S007,Sterling Security Group,Security,North America,Preferred,P105,Storage Array,Hardware,Storage,41,41,521.77,21392.57,USD,Net 45,K. Wilson,Received,Matched,3.9,22,8,False,Operations,North America,True,0.0,12.28,Paid
PO-01282,1,REQ-01282,2023-11-22,2023,2023-12-24,2023-12-27,S005,Meridian Logistics,Logistics,Europe,Strategic,P102,Edge Gateway,Hardware,Networking,44,44,250.07,11003.08,USD,Net 45,D. Singh,Received,Pending,4.6,32,3,False,Operations,Asia Pacific,False,1100.31,408.41,Paid
PO-01283,1,REQ-01283,2026-04-13,2026,2026-05-04,,S008,Cobalt Professional Services,Services,Asia Pacific,Approved,P103,Secure Access Kit,Hardware,Security,23,23,150.41,3459.43,USD,Net 30,T. Brown,In Transit,Not Received,3.4,21,0,False,Operations,Asia Pacific,True,0.0,145.31,Paid
PO-01284,1,REQ-01284,2023-09-25,2023,2023-10-25,2023-10-25,S005,Meridian Logistics,Logistics,Europe,Strategic,P102,Edge Gateway,Hardware,Networking,52,52,200.1,10405.2,USD,Net 30,L. Morgan,Received,Not Received,4.9,30,0,True,Sales,North America,True,520.26,184.52,Scheduled
PO-01285,1,REQ-01285,2024-04-05,2024,2024-05-09,2024-05-04,S004,Greenline Packaging,Packaging,North America,Approved,P103,Secure Access Kit,Hardware,Security,40,40,203.07,8122.8,USD,Net 45,T. Brown,Received,Matched,3.2,34,0,True,Sales,Asia Pacific,False,649.82,438.23,Paid
PO-01286,1,REQ-01286,2025-07-25,2025,2025-08-15,,S006,Vertex Office Goods,Office Supplies,Latin America,Approved,P101,Cloud Data Suite,Software,Cloud,12,0,336.33,4035.96,USD,2/10 Net 30,L. Morgan,Cancelled,Matched,3.4,21,0,False,Sales,Europe,False,403.6,393.24,Scheduled
PO-01287,1,REQ-01287,2025-02-27,2025,2025-03-15,,S003,Pacific Industrial Ltd,Manufacturing,Asia Pacific,Preferred,P105,Storage Array,Hardware,Storage,30,0,627.52,18825.6,USD,Net 30,K. Wilson,Open,Pending,4.9,16,0,False,Research,Europe,True,1506.05,202.24,Paid
PO-01288,1,REQ-01288,2026-05-07,2026,2026-06-03,,S002,Nimbus Cloud Supply,Technology,Europe,Preferred,P102,Edge Gateway,Hardware,Networking,41,0,269.68,11056.88,USD,Net 45,P. Nguyen,Open,Pending,3.6,27,0,False,Research,Europe,False,552.84,238.75,Scheduled
PO-01289,1,REQ-01289,2026-07-11,2026,2026-08-03,,S004,Greenline Packaging,Packaging,North America,Approved,P100,Analytics Platform,Software,Analytics,65,49,538.66,35012.9,USD,Net 45,P. Nguyen,In Transit,Matched,3.4,23,0,False,Operations,North America,True,0.0,107.5,Paid
PO-01290,1,REQ-01290,2025-02-07,2025,2025-03-01,2025-03-04,S005,Meridian Logistics,Logistics,Europe,Strategic,P101,Cloud Data Suite,Software,Cloud,26,26,329.32,8562.32,USD,2/10 Net 30,T. Brown,Received,Not Received,3.3,22,3,False,Operations,Europe,False,428.12,306.65,Scheduled
PO-01291,1,REQ-01291,2023-07-22,2023,2023-08-11,,S001,Apex Components,Hardware,North America,Strategic,P104,Insight Pro License,Software,Licenses,63,0,128.62,8103.06,USD,Net 45,P. Nguyen,Open,Not Received,3.1,20,0,False,Facilities,North America,True,810.31,163.91,Scheduled
PO-01292,1,REQ-01292,2023-11-17,2023,2023-12-05,2023-12-05,S008,Cobalt Professional Services,Services,Asia Pacific,Approved,P109,Forecasting Add-on,Software,Analytics,6,6,226.34,1358.04,USD,Net 60,T. Brown,Received,Matched,3.3,18,0,True,Operations,North America,True,108.64,200.28,Scheduled
PO-01293,1,REQ-01293,2023-03-30,2023,2023-05-15,2023-05-10,S003,Pacific Industrial Ltd,Manufacturing,Asia Pacific,Preferred,P105,Storage Array,Hardware,Storage,25,25,583.72,14593.0,USD,Net 45,P. Nguyen,Received,Disputed,3.5,46,0,True,Facilities,North America,False,729.65,346.68,Paid
PO-01294,1,REQ-01294,2025-10-30,2025,2025-11-20,2025-11-23,S001,Apex Components,Hardware,North America,Strategic,P100,Analytics Platform,Software,Analytics,64,64,465.92,29818.88,USD,2/10 Net 30,D. Singh,Received,Matched,3.1,21,3,False,Technology,Asia Pacific,True,1490.94,23.2,Paid
PO-01295,1,REQ-01295,2023-06-15,2023,2023-07-15,2023-07-15,S006,Vertex Office Goods,Office Supplies,Latin America,Approved,P108,Mobile Scanner,Hardware,Devices,58,58,105.45,6116.1,USD,Net 30,P. Nguyen,Received,Matched,4.5,30,0,True,Research,North America,False,0.0,364.77,Scheduled
PO-01296,1,REQ-01296,2023-02-01,2023,2023-03-03,2023-03-03,S003,Pacific Industrial Ltd,Manufacturing,Asia Pacific,Preferred,P108,Mobile Scanner,Hardware,Devices,27,27,92.15,2488.05,USD,2/10 Net 30,D. Singh,Received,Not Received,4.2,30,0,True,Research,Europe,True,0.0,126.45,Paid
PO-01297,1,REQ-01297,2023-05-05,2023,2023-06-06,2023-06-06,S002,Nimbus Cloud Supply,Technology,Europe,Preferred,P103,Secure Access Kit,Hardware,Security,37,37,118.46,4383.02,USD,Net 30,T. Brown,Received,Matched,4.0,32,0,True,Facilities,Europe,False,438.3,416.61,Paid
PO-01298,1,REQ-01298,2025-10-19,2025,2025-11-06,2025-11-06,S006,Vertex Office Goods,Office Supplies,Latin America,Approved,P109,Forecasting Add-on,Software,Analytics,11,11,196.08,2156.88,USD,Net 30,P. Nguyen,Received,Matched,5.0,18,0,True,Research,Asia Pacific,True,0.0,413.74,Paid
PO-01299,1,REQ-01299,2026-08-04,2026,2026-09-01,2026-08-27,S001,Apex Components,Hardware,North America,Strategic,P102,Edge Gateway,Hardware,Networking,52,52,173.56,9025.12,USD,2/10 Net 30,D. Singh,Closed,Not Received,4.6,28,0,True,Technology,Europe,True,722.01,372.92,Overdue
PO-01300,1,REQ-01300,2024-08-07,2024,2024-09-14,,S003,Pacific Industrial Ltd,Manufacturing,Asia Pacific,Preferred,P102,Edge Gateway,Hardware,Networking,26,0,165.35,4299.1,USD,Net 30,D. Singh,Open,Pending,2.8,38,0,False,Facilities,Asia Pacific,True,0.0,207.42,Scheduled
PO-01301,1,REQ-01301,2025-06-07,2025,2025-06-20,2025-06-23,S002,Nimbus Cloud Supply,Technology,Europe,Preferred,P107,Support Renewal,Services,Support,21,21,156.79,3292.59,USD,Net 45,P. Nguyen,Received,Pending,4.1,13,3,False,Sales,North America,True,263.41,124.67,Scheduled
PO-01302,1,REQ-01302,2024-12-26,2024,2025-01-29,2025-02-13,S006,Vertex Office Goods,Office Supplies,Latin America,Approved,P101,Cloud Data Suite,Software,Cloud,54,54,422.58,22819.32,USD,Net 60,T. Brown,Received,Pending,3.1,34,15,False,Technology,North America,True,0.0,276.64,Scheduled
PO-01303,1,REQ-01303,2026-04-29,2026,2026-05-17,2026-05-20,S004,Greenline Packaging,Packaging,North America,Approved,P103,Secure Access Kit,Hardware,Security,26,26,135.44,3521.44,USD,Net 30,P. Nguyen,Received,Matched,4.0,18,3,False,Sales,Europe,True,0.0,154.48,Paid
PO-01304,1,REQ-01304,2026-02-25,2026,2026-04-07,2026-04-02,S001,Apex Components,Hardware,North America,Strategic,P106,Integration Services,Services,Consulting,47,47,670.24,31501.28,USD,Net 60,K. Wilson,Received,Not Received,4.0,41,0,True,Research,Asia Pacific,True,0.0,265.05,Scheduled
PO-01305,1,REQ-01305,2026-01-29,2026,2026-02-24,2026-02-19,S003,Pacific Industrial Ltd,Manufacturing,Asia Pacific,Preferred,P108,Mobile Scanner,Hardware,Devices,11,11,133.78,1471.58,USD,2/10 Net 30,T. Brown,Received,Matched,3.1,26,0,True,Research,Europe,True,73.58,303.8,Paid
PO-01306,1,REQ-01306,2026-02-12,2026,2026-03-14,2026-03-14,S005,Meridian Logistics,Logistics,Europe,Strategic,P109,Forecasting Add-on,Software,Analytics,51,51,237.19,12096.69,USD,Net 60,D. Singh,Received,Matched,3.5,30,0,True,Facilities,Europe,True,0.0,183.13,Paid
PO-01307,1,REQ-01307,2026-04-08,2026,2026-04-23,,S004,Greenline Packaging,Packaging,North America,Approved,P101,Cloud Data Suite,Software,Cloud,9,0,311.5,2803.5,USD,2/10 Net 30,D. Singh,Open,Pending,3.9,15,0,False,Operations,Asia Pacific,True,140.18,342.22,Scheduled
PO-01308,1,REQ-01308,2024-07-24,2024,2024-08-20,2024-08-20,S008,Cobalt Professional Services,Services,Asia Pacific,Approved,P107,Support Renewal,Services,Support,35,35,254.6,8911.0,USD,2/10 Net 30,K. Wilson,Closed,Matched,3.8,27,0,True,Research,North America,True,0.0,423.14,Paid
PO-01309,1,REQ-01309,2026-08-29,2026,2026-09-24,2026-09-19,S005,Meridian Logistics,Logistics,Europe,Strategic,P102,Edge Gateway,Hardware,Networking,62,62,250.72,15544.64,USD,2/10 Net 30,T. Brown,Received,Matched,4.8,26,0,True,Operations,Europe,True,0.0,341.52,Scheduled
PO-01310,1,REQ-01310,2024-09-13,2024,2024-10-05,2024-09-30,S006,Vertex Office Goods,Office Supplies,Latin America,Approved,P107,Support Renewal,Services,Support,5,5,148.27,741.35,USD,2/10 Net 30,P. Nguyen,Received,Matched,3.6,22,0,True,Research,Asia Pacific,False,37.07,168.33,Paid
PO-01311,1,REQ-01311,2023-05-22,2023,2023-06-03,2023-06-11,S004,Greenline Packaging,Packaging,North America,Approved,P101,Cloud Data Suite,Software,Cloud,24,24,341.33,8191.92,USD,2/10 Net 30,L. Morgan,Received,Disputed,3.3,12,8,False,Operations,North America,True,409.6,231.69,Scheduled
PO-01312,1,REQ-01312,2026-08-15,2026,2026-09-01,,S001,Apex Components,Hardware,North America,Strategic,P103,Secure Access Kit,Hardware,Security,15,0,192.74,2891.1,USD,Net 60,L. Morgan,Cancelled,Pending,4.9,17,0,False,Facilities,Asia Pacific,True,144.56,107.25,Scheduled
PO-01313,1,REQ-01313,2023-03-30,2023,2023-04-25,2023-04-25,S001,Apex Components,Hardware,North America,Strategic,P100,Analytics Platform,Software,Analytics,69,69,485.78,33518.82,USD,Net 60,L. Morgan,Closed,Matched,3.9,26,0,True,Technology,Asia Pacific,True,1675.94,253.98,Paid
PO-01314,1,REQ-01314,2026-05-08,2026,2026-06-03,2026-06-06,S006,Vertex Office Goods,Office Supplies,Latin America,Approved,P101,Cloud Data Suite,Software,Cloud,18,18,490.39,8827.02,USD,Net 45,L. Morgan,Received,Pending,4.2,26,3,False,Operations,Europe,True,706.16,285.59,Paid
PO-01315,1,REQ-01315,2025-09-09,2025,2025-10-12,,S007,Sterling Security Group,Security,North America,Preferred,P109,Forecasting Add-on,Software,Analytics,22,0,171.53,3773.66,USD,2/10 Net 30,D. Singh,Cancelled,Matched,3.6,33,0,False,Operations,Asia Pacific,False,188.68,118.43,Scheduled
PO-01316,1,REQ-01316,2025-08-13,2025,2025-09-06,2025-09-09,S001,Apex Components,Hardware,North America,Strategic,P108,Mobile Scanner,Hardware,Devices,30,30,80.41,2412.3,USD,2/10 Net 30,L. Morgan,Received,Matched,2.9,24,3,False,Research,North America,True,241.23,85.77,Paid
PO-01317,1,REQ-01317,2025-12-11,2025,2026-01-10,,S001,Apex Components,Hardware,North America,Strategic,P109,Forecasting Add-on,Software,Analytics,28,20,225.59,6316.52,USD,Net 45,L. Morgan,In Transit,Matched,2.9,30,0,False,Operations,North America,True,631.65,288.54,Paid
PO-01318,1,REQ-01318,2026-04-08,2026,2026-04-18,2026-04-18,S008,Cobalt Professional Services,Services,Asia Pacific,Approved,P108,Mobile Scanner,Hardware,Devices,7,7,84.84,593.88,USD,Net 45,L. Morgan,Received,Matched,4.7,10,0,True,Research,Asia Pacific,True,0.0,203.07,Paid
PO-01319,1,REQ-01319,2024-06-04,2024,2024-06-13,2024-06-16,S002,Nimbus Cloud Supply,Technology,Europe,Preferred,P101,Cloud Data Suite,Software,Cloud,30,30,379.42,11382.6,USD,Net 45,L. Morgan,Received,Disputed,4.7,9,3,False,Operations,Europe,True,569.13,206.27,Overdue
PO-01320,1,REQ-01320,2023-08-15,2023,2023-09-12,2023-09-20,S008,Cobalt Professional Services,Services,Asia Pacific,Approved,P103,Secure Access Kit,Hardware,Security,32,32,151.18,4837.76,USD,Net 45,L. Morgan,Received,Matched,4.8,28,8,False,Technology,Europe,False,387.02,9.21,Paid
PO-01321,1,REQ-01321,2023-11-16,2023,2023-12-12,2023-12-12,S003,Pacific Industrial Ltd,Manufacturing,Asia Pacific,Preferred,P102,Edge Gateway,Hardware,Networking,26,26,223.85,5820.1,USD,Net 45,T. Brown,Closed,Not Received,4.6,26,0,True,Research,Europe,True,291.01,431.25,Paid
PO-01322,1,REQ-01322,2023-04-04,2023,2023-05-01,2023-04-26,S008,Cobalt Professional Services,Services,Asia Pacific,Approved,P108,Mobile Scanner,Hardware,Devices,70,70,103.67,7256.9,USD,Net 30,D. Singh,Received,Matched,2.8,27,0,True,Research,Europe,True,0.0,404.48,Scheduled
PO-01323,1,REQ-01323,2023-12-22,2023,2024-01-13,,S002,Nimbus Cloud Supply,Technology,Europe,Preferred,P106,Integration Services,Services,Consulting,58,0,686.96,39843.68,USD,Net 45,P. Nguyen,Cancelled,Matched,3.8,22,0,False,Facilities,Europe,False,3187.49,194.75,Paid
PO-01324,1,REQ-01324,2023-12-11,2023,2023-12-26,2024-01-03,S001,Apex Components,Hardware,North America,Strategic,P103,Secure Access Kit,Hardware,Security,19,19,198.5,3771.5,USD,2/10 Net 30,L. Morgan,Received,Matched,2.9,15,8,False,Sales,North America,True,377.15,61.69,Paid
PO-01325,1,REQ-01325,2023-05-07,2023,2023-05-29,,S002,Nimbus Cloud Supply,Technology,Europe,Preferred,P103,Secure Access Kit,Hardware,Security,58,35,164.98,9568.84,USD,Net 60,L. Morgan,In Transit,Not Received,3.4,22,0,False,Sales,Europe,True,0.0,91.16,Scheduled
PO-01326,1,REQ-01326,2024-02-11,2024,2024-03-05,2024-03-05,S003,Pacific Industrial Ltd,Manufacturing,Asia Pacific,Preferred,P107,Support Renewal,Services,Support,10,10,251.4,2514.0,USD,2/10 Net 30,P. Nguyen,Received,Pending,2.9,23,0,True,Research,North America,True,251.4,381.04,Paid
PO-01327,1,REQ-01327,2023-01-21,2023,2023-02-20,,S006,Vertex Office Goods,Office Supplies,Latin America,Approved,P105,Storage Array,Hardware,Storage,53,0,495.23,26247.19,USD,Net 30,T. Brown,Open,Not Received,3.9,30,0,False,Technology,North America,False,1312.36,18.87,Paid
PO-01328,1,REQ-01328,2025-10-19,2025,2025-11-26,2025-11-26,S006,Vertex Office Goods,Office Supplies,Latin America,Approved,P106,Integration Services,Services,Consulting,18,18,924.97,16649.46,USD,Net 30,L. Morgan,Received,Pending,3.8,38,0,True,Sales,Asia Pacific,True,1331.96,242.71,Scheduled
PO-01329,1,REQ-01329,2025-01-26,2025,2025-02-22,2025-03-09,S002,Nimbus Cloud Supply,Technology,Europe,Preferred,P104,Insight Pro License,Software,Licenses,19,19,88.02,1672.38,USD,2/10 Net 30,T. Brown,Received,Not Received,3.2,27,15,False,Technology,Asia Pacific,True,83.62,358.13,Paid
PO-01330,1,REQ-01330,2026-02-08,2026,2026-03-05,2026-03-05,S007,Sterling Security Group,Security,North America,Preferred,P100,Analytics Platform,Software,Analytics,57,57,645.63,36800.91,USD,2/10 Net 30,T. Brown,Received,Pending,4.1,25,0,True,Sales,North America,False,2944.07,113.28,Paid
PO-01331,1,REQ-01331,2025-07-01,2025,2025-07-22,2025-08-06,S001,Apex Components,Hardware,North America,Strategic,P106,Integration Services,Services,Consulting,68,68,785.42,53408.56,USD,Net 30,K. Wilson,Received,Matched,2.9,21,15,False,Technology,Asia Pacific,False,0.0,226.71,Scheduled
PO-01332,1,REQ-01332,2025-12-16,2025,2026-01-08,2026-01-11,S005,Meridian Logistics,Logistics,Europe,Strategic,P107,Support Renewal,Services,Support,16,16,155.68,2490.88,USD,Net 60,T. Brown,Closed,Matched,3.5,23,3,False,Research,Europe,True,124.54,59.35,Paid
PO-01333,1,REQ-01333,2026-04-26,2026,2026-05-22,2026-05-22,S008,Cobalt Professional Services,Services,Asia Pacific,Approved,P107,Support Renewal,Services,Support,6,6,191.08,1146.48,USD,Net 45,D. Singh,Received,Not Received,4.3,26,0,True,Technology,North America,True,91.72,163.27,Paid
PO-01334,1,REQ-01334,2024-12-21,2024,2025-01-24,2025-01-27,S006,Vertex Office Goods,Office Supplies,Latin America,Approved,P105,Storage Array,Hardware,Storage,43,43,698.19,30022.17,USD,2/10 Net 30,D. Singh,Received,Pending,4.1,34,3,False,Research,Asia Pacific,True,2401.77,298.49,Paid
PO-01335,1,REQ-01335,2024-05-19,2024,2024-06-02,,S003,Pacific Industrial Ltd,Manufacturing,Asia Pacific,Preferred,P103,Secure Access Kit,Hardware,Security,25,10,189.16,4729.0,USD,Net 45,K. Wilson,In Transit,Pending,3.7,14,0,False,Operations,North America,True,0.0,305.9,Scheduled
PO-01336,1,REQ-01336,2024-10-05,2024,2024-11-01,2024-11-01,S003,Pacific Industrial Ltd,Manufacturing,Asia Pacific,Preferred,P100,Analytics Platform,Software,Analytics,46,46,379.31,17448.26,USD,Net 30,T. Brown,Received,Matched,3.7,27,0,True,Technology,Europe,False,0.0,355.65,Paid
PO-01337,1,REQ-01337,2024-05-07,2024,2024-06-01,2024-06-04,S003,Pacific Industrial Ltd,Manufacturing,Asia Pacific,Preferred,P100,Analytics Platform,Software,Analytics,15,15,643.9,9658.5,USD,Net 60,K. Wilson,Received,Pending,3.8,25,3,False,Technology,Asia Pacific,False,0.0,206.28,Paid
PO-01338,1,REQ-01338,2025-08-18,2025,2025-09-23,2025-09-23,S001,Apex Components,Hardware,North America,Strategic,P102,Edge Gateway,Hardware,Networking,60,60,292.2,17532.0,USD,2/10 Net 30,K. Wilson,Received,Disputed,3.7,36,0,True,Sales,North America,False,0.0,396.89,Scheduled
PO-01339,1,REQ-01339,2023-12-09,2023,2024-01-10,,S001,Apex Components,Hardware,North America,Strategic,P105,Storage Array,Hardware,Storage,36,0,554.19,19950.84,USD,Net 45,P. Nguyen,Open,Matched,4.9,32,0,False,Research,North America,True,1596.07,5.77,Paid
PO-01340,1,REQ-01340,2026-01-22,2026,2026-02-13,,S001,Apex Components,Hardware,North America,Strategic,P106,Integration Services,Services,Consulting,34,0,685.36,23302.24,USD,Net 60,D. Singh,Open,Pending,4.9,22,0,False,Research,North America,True,1165.11,436.15,Paid
PO-01341,1,REQ-01341,2023-02-23,2023,2023-03-23,,S005,Meridian Logistics,Logistics,Europe,Strategic,P102,Edge Gateway,Hardware,Networking,12,0,224.73,2696.76,USD,Net 60,P. Nguyen,Open,Pending,4.2,28,0,False,Sales,North America,True,269.68,158.85,Scheduled
PO-01342,1,REQ-01342,2024-06-01,2024,2024-07-10,2024-07-10,S005,Meridian Logistics,Logistics,Europe,Strategic,P109,Forecasting Add-on,Software,Analytics,37,37,184.01,6808.37,USD,Net 45,D. Singh,Received,Pending,3.4,39,0,True,Operations,Asia Pacific,True,680.84,366.22,Paid
PO-01343,1,REQ-01343,2023-08-05,2023,2023-08-28,2023-08-28,S003,Pacific Industrial Ltd,Manufacturing,Asia Pacific,Preferred,P100,Analytics Platform,Software,Analytics,67,67,364.87,24446.29,USD,Net 60,L. Morgan,Closed,Matched,3.6,23,0,True,Sales,North America,True,1222.31,312.63,Paid
PO-01344,1,REQ-01344,2026-05-05,2026,2026-06-06,2026-06-09,S008,Cobalt Professional Services,Services,Asia Pacific,Approved,P109,Forecasting Add-on,Software,Analytics,46,46,199.12,9159.52,USD,Net 45,T. Brown,Received,Matched,4.3,32,3,False,Operations,Asia Pacific,False,915.95,371.98,Paid
PO-01345,1,REQ-01345,2024-12-02,2024,2024-12-28,2024-12-28,S007,Sterling Security Group,Security,North America,Preferred,P103,Secure Access Kit,Hardware,Security,52,52,119.5,6214.0,USD,2/10 Net 30,P. Nguyen,Received,Matched,3.1,26,0,True,Sales,Asia Pacific,True,310.7,396.54,Overdue
PO-01346,1,REQ-01346,2026-09-29,2026,2026-10-18,2026-10-18,S006,Vertex Office Goods,Office Supplies,Latin America,Approved,P109,Forecasting Add-on,Software,Analytics,65,65,197.34,12827.1,USD,Net 45,D. Singh,Received,Matched,4.3,19,0,True,Technology,Europe,True,641.36,32.62,Scheduled
PO-01347,1,REQ-01347,2024-02-28,2024,2024-02-29,2024-02-24,S008,Cobalt Professional Services,Services,Asia Pacific,Approved,P105,Storage Array,Hardware,Storage,49,49,824.75,40412.75,USD,Net 60,L. Morgan,Closed,Pending,4.5,1,0,True,Technology,Asia Pacific,False,4041.28,95.91,Paid
PO-01348,1,REQ-01348,2024-12-25,2024,2025-01-17,2025-01-17,S001,Apex Components,Hardware,North America,Strategic,P104,Insight Pro License,Software,Licenses,14,14,101.31,1418.34,USD,Net 45,L. Morgan,Received,Matched,4.6,23,0,True,Research,North America,False,0.0,198.9,Scheduled
PO-01349,1,REQ-01349,2023-07-30,2023,2023-08-25,2023-08-20,S002,Nimbus Cloud Supply,Technology,Europe,Preferred,P106,Integration Services,Services,Consulting,61,61,640.8,39088.8,USD,2/10 Net 30,P. Nguyen,Received,Matched,3.7,26,0,True,Technology,Asia Pacific,False,0.0,300.7,Paid
PO-01350,1,REQ-01350,2025-05-28,2025,2025-06-16,,S004,Greenline Packaging,Packaging,North America,Approved,P108,Mobile Scanner,Hardware,Devices,22,0,83.03,1826.66,USD,2/10 Net 30,P. Nguyen,Open,Matched,4.7,19,0,False,Sales,Asia Pacific,True,91.33,110.84,Overdue
PO-01351,1,REQ-01351,2023-06-06,2023,2023-06-23,2023-06-23,S001,Apex Components,Hardware,North America,Strategic,P108,Mobile Scanner,Hardware,Devices,17,17,83.64,1421.88,USD,Net 30,P. Nguyen,Received,Pending,2.9,17,0,True,Research,Asia Pacific,False,0.0,268.46,Paid
PO-01352,1,REQ-01352,2023-06-19,2023,2023-07-25,2023-07-20,S002,Nimbus Cloud Supply,Technology,Europe,Preferred,P108,Mobile Scanner,Hardware,Devices,24,24,102.06,2449.44,USD,2/10 Net 30,K. Wilson,Received,Matched,3.5,36,0,True,Operations,North America,True,0.0,333.18,Scheduled
PO-01353,1,REQ-01353,2026-08-22,2026,2026-09-26,,S001,Apex Components,Hardware,North America,Strategic,P108,Mobile Scanner,Hardware,Devices,18,0,133.45,2402.1,USD,Net 45,L. Morgan,Open,Pending,2.9,35,0,False,Research,Europe,True,120.11,192.37,Paid
PO-01354,1,REQ-01354,2023-01-23,2023,2023-02-10,,S002,Nimbus Cloud Supply,Technology,Europe,Preferred,P104,Insight Pro License,Software,Licenses,62,0,100.64,6239.68,USD,Net 30,T. Brown,Open,Not Received,3.0,18,0,False,Technology,Asia Pacific,True,0.0,441.89,Scheduled
PO-01355,1,REQ-01355,2023-09-30,2023,2023-10-30,2023-11-02,S007,Sterling Security Group,Security,North America,Preferred,P109,Forecasting Add-on,Software,Analytics,12,12,148.75,1785.0,USD,Net 60,D. Singh,Received,Pending,4.7,30,3,False,Facilities,Asia Pacific,True,178.5,318.52,Overdue
PO-01356,1,REQ-01356,2023-02-12,2023,2023-03-15,2023-03-15,S003,Pacific Industrial Ltd,Manufacturing,Asia Pacific,Preferred,P107,Support Renewal,Services,Support,46,46,245.01,11270.46,USD,2/10 Net 30,K. Wilson,Received,Matched,4.3,31,0,True,Facilities,Europe,False,901.64,126.27,Scheduled
PO-01357,1,REQ-01357,2026-07-04,2026,2026-08-13,2026-08-13,S001,Apex Components,Hardware,North America,Strategic,P103,Secure Access Kit,Hardware,Security,37,37,115.76,4283.12,USD,Net 45,K. Wilson,Received,Matched,3.5,40,0,True,Technology,Europe,True,342.65,295.33,Paid
PO-01358,1,REQ-01358,2026-06-16,2026,2026-06-30,,S001,Apex Components,Hardware,North America,Strategic,P101,Cloud Data Suite,Software,Cloud,30,0,287.48,8624.4,USD,2/10 Net 30,P. Nguyen,Open,Matched,3.2,14,0,False,Operations,Asia Pacific,True,862.44,37.24,Paid
PO-01359,1,REQ-01359,2023-02-05,2023,2023-02-20,2023-02-23,S006,Vertex Office Goods,Office Supplies,Latin America,Approved,P109,Forecasting Add-on,Software,Analytics,6,6,168.74,1012.44,USD,2/10 Net 30,T. Brown,Received,Not Received,3.8,15,3,False,Sales,Asia Pacific,True,0.0,120.39,Paid
PO-01360,1,REQ-01360,2023-03-05,2023,2023-03-29,2023-03-29,S005,Meridian Logistics,Logistics,Europe,Strategic,P102,Edge Gateway,Hardware,Networking,37,37,181.83,6727.71,USD,Net 30,P. Nguyen,Received,Matched,4.3,24,0,True,Facilities,Europe,True,0.0,368.05,Paid
PO-01361,1,REQ-01361,2026-01-02,2026,2026-01-29,,S003,Pacific Industrial Ltd,Manufacturing,Asia Pacific,Preferred,P104,Insight Pro License,Software,Licenses,40,0,69.23,2769.2,USD,Net 60,T. Brown,Open,Matched,3.1,27,0,False,Technology,Asia Pacific,False,221.54,446.02,Scheduled
PO-01362,1,REQ-01362,2024-11-30,2024,2024-12-30,2024-12-25,S001,Apex Components,Hardware,North America,Strategic,P102,Edge Gateway,Hardware,Networking,69,69,274.01,18906.69,USD,Net 45,T. Brown,Received,Matched,2.9,30,0,True,Technology,Europe,True,1890.67,153.85,Paid
PO-01363,1,REQ-01363,2023-03-16,2023,2023-04-23,2023-04-23,S004,Greenline Packaging,Packaging,North America,Approved,P107,Support Renewal,Services,Support,64,64,239.86,15351.04,USD,Net 30,T. Brown,Received,Pending,2.9,38,0,True,Facilities,North America,True,1228.08,175.94,Paid
PO-01364,1,REQ-01364,2023-11-01,2023,2023-11-22,2023-11-22,S006,Vertex Office Goods,Office Supplies,Latin America,Approved,P103,Secure Access Kit,Hardware,Security,48,48,182.8,8774.4,USD,Net 30,K. Wilson,Received,Matched,3.3,21,0,True,Operations,Europe,True,438.72,363.51,Paid
PO-01365,1,REQ-01365,2025-11-01,2025,2025-11-22,,S004,Greenline Packaging,Packaging,North America,Approved,P107,Support Renewal,Services,Support,14,0,154.05,2156.7,USD,Net 45,L. Morgan,Cancelled,Disputed,4.4,21,0,False,Operations,North America,True,172.54,320.77,Paid
PO-01366,1,REQ-01366,2023-03-25,2023,2023-04-19,2023-05-04,S003,Pacific Industrial Ltd,Manufacturing,Asia Pacific,Preferred,P109,Forecasting Add-on,Software,Analytics,43,43,159.45,6856.35,USD,Net 45,K. Wilson,Received,Pending,4.7,25,15,False,Operations,North America,True,0.0,20.6,Paid
PO-01367,1,REQ-01367,2023-06-18,2023,2023-07-26,,S004,Greenline Packaging,Packaging,North America,Approved,P102,Edge Gateway,Hardware,Networking,11,0,186.55,2052.05,USD,Net 45,P. Nguyen,Open,Matched,3.9,38,0,False,Sales,North America,True,164.16,214.72,Paid
PO-01368,1,REQ-01368,2026-03-29,2026,2026-05-08,,S008,Cobalt Professional Services,Services,Asia Pacific,Approved,P102,Edge Gateway,Hardware,Networking,66,66,171.51,11319.66,USD,Net 45,T. Brown,In Transit,Matched,4.6,40,0,False,Facilities,Asia Pacific,True,565.98,36.89,Scheduled
PO-01369,1,REQ-01369,2023-03-27,2023,2023-04-11,,S008,Cobalt Professional Services,Services,Asia Pacific,Approved,P100,Analytics Platform,Software,Analytics,10,0,551.31,5513.1,USD,2/10 Net 30,D. Singh,Open,Matched,2.8,15,0,False,Technology,Asia Pacific,True,441.05,360.06,Scheduled
PO-01370,1,REQ-01370,2024-08-22,2024,2024-09-27,2024-09-22,S008,Cobalt Professional Services,Services,Asia Pacific,Approved,P105,Storage Array,Hardware,Storage,41,41,768.44,31506.04,USD,2/10 Net 30,L. Morgan,Received,Matched,2.9,36,0,True,Sales,Europe,True,0.0,69.42,Paid
PO-01371,1,REQ-01371,2026-06-19,2026,2026-07-08,2026-07-08,S001,Apex Components,Hardware,North America,Strategic,P103,Secure Access Kit,Hardware,Security,47,47,124.09,5832.23,USD,2/10 Net 30,L. Morgan,Received,Not Received,4.7,19,0,True,Research,North America,False,466.58,406.53,Scheduled
PO-01372,1,REQ-01372,2023-06-15,2023,2023-07-11,2023-07-11,S007,Sterling Security Group,Security,North America,Preferred,P103,Secure Access Kit,Hardware,Security,30,30,181.95,5458.5,USD,Net 30,T. Brown,Received,Pending,3.8,26,0,True,Sales,North America,False,545.85,449.64,Paid
PO-01373,1,REQ-01373,2026-06-18,2026,2026-07-31,2026-08-03,S005,Meridian Logistics,Logistics,Europe,Strategic,P109,Forecasting Add-on,Software,Analytics,44,44,173.52,7634.88,USD,Net 45,D. Singh,Received,Pending,3.8,43,3,False,Technology,Europe,False,0.0,84.46,Paid
PO-01374,1,REQ-01374,2024-05-04,2024,2024-05-27,,S003,Pacific Industrial Ltd,Manufacturing,Asia Pacific,Preferred,P108,Mobile Scanner,Hardware,Devices,8,0,126.65,1013.2,USD,Net 30,P. Nguyen,Open,Matched,4.7,23,0,False,Sales,Asia Pacific,True,0.0,181.84,Scheduled
PO-01375,1,REQ-01375,2023-01-18,2023,2023-02-15,,S003,Pacific Industrial Ltd,Manufacturing,Asia Pacific,Preferred,P106,Integration Services,Services,Consulting,25,0,1039.35,25983.75,USD,Net 30,K. Wilson,Open,Matched,4.7,28,0,False,Facilities,Asia Pacific,False,2598.38,251.05,Paid
PO-01376,1,REQ-01376,2025-01-30,2025,2025-02-19,2025-02-22,S002,Nimbus Cloud Supply,Technology,Europe,Preferred,P101,Cloud Data Suite,Software,Cloud,65,65,495.29,32193.85,USD,Net 45,D. Singh,Received,Pending,3.4,20,3,False,Facilities,North America,True,3219.39,380.04,Paid
PO-01377,1,REQ-01377,2023-09-23,2023,2023-10-29,2023-10-29,S003,Pacific Industrial Ltd,Manufacturing,Asia Pacific,Preferred,P104,Insight Pro License,Software,Licenses,55,55,117.46,6460.3,USD,Net 30,L. Morgan,Received,Disputed,4.3,36,0,True,Technology,Asia Pacific,False,323.02,192.45,Scheduled
PO-01378,1,REQ-01378,2023-11-11,2023,2023-12-07,,S005,Meridian Logistics,Logistics,Europe,Strategic,P100,Analytics Platform,Software,Analytics,55,55,389.52,21423.6,USD,2/10 Net 30,P. Nguyen,In Transit,Pending,4.6,26,0,False,Research,Europe,False,1713.89,230.46,Paid
PO-01379,1,REQ-01379,2024-01-05,2024,2024-01-12,2024-01-20,S007,Sterling Security Group,Security,North America,Preferred,P104,Insight Pro License,Software,Licenses,62,62,118.21,7329.02,USD,2/10 Net 30,L. Morgan,Received,Matched,3.5,7,8,False,Operations,Asia Pacific,True,732.9,213.87,Paid
PO-01380,1,REQ-01380,2023-12-12,2023,2024-01-01,2024-01-09,S007,Sterling Security Group,Security,North America,Preferred,P108,Mobile Scanner,Hardware,Devices,41,41,108.65,4454.65,USD,Net 45,L. Morgan,Received,Pending,3.3,20,8,False,Sales,Europe,True,356.37,93.84,Scheduled
PO-01381,1,REQ-01381,2026-08-08,2026,2026-08-25,,S001,Apex Components,Hardware,North America,Strategic,P103,Secure Access Kit,Hardware,Security,32,18,163.36,5227.52,USD,Net 60,K. Wilson,In Transit,Pending,3.5,17,0,False,Operations,Asia Pacific,False,418.2,393.5,Paid
PO-01382,1,REQ-01382,2026-03-21,2026,2026-04-16,2026-04-16,S003,Pacific Industrial Ltd,Manufacturing,Asia Pacific,Preferred,P102,Edge Gateway,Hardware,Networking,54,54,292.57,15798.78,USD,Net 60,T. Brown,Received,Matched,3.3,26,0,True,Technology,North America,False,1263.9,173.54,Paid
PO-01383,1,REQ-01383,2023-09-09,2023,2023-09-22,2023-09-22,S004,Greenline Packaging,Packaging,North America,Approved,P104,Insight Pro License,Software,Licenses,14,14,101.79,1425.06,USD,2/10 Net 30,T. Brown,Received,Matched,4.8,13,0,True,Facilities,North America,True,114.0,63.99,Scheduled
PO-01384,1,REQ-01384,2024-01-25,2024,2024-02-19,,S006,Vertex Office Goods,Office Supplies,Latin America,Approved,P104,Insight Pro License,Software,Licenses,13,12,127.5,1657.5,USD,Net 45,L. Morgan,In Transit,Not Received,3.3,25,0,False,Operations,Asia Pacific,False,82.88,302.52,Scheduled
PO-01385,1,REQ-01385,2025-05-28,2025,2025-06-26,2025-06-29,S007,Sterling Security Group,Security,North America,Preferred,P100,Analytics Platform,Software,Analytics,7,7,447.42,3131.94,USD,Net 45,T. Brown,Received,Matched,2.9,29,3,False,Technology,Europe,True,250.56,301.59,Overdue
PO-01386,1,REQ-01386,2025-06-09,2025,2025-06-28,,S002,Nimbus Cloud Supply,Technology,Europe,Preferred,P100,Analytics Platform,Software,Analytics,36,20,464.16,16709.76,USD,Net 30,L. Morgan,In Transit,Matched,4.3,19,0,False,Research,North America,False,835.49,106.24,Paid
PO-01387,1,REQ-01387,2025-04-01,2025,2025-05-09,2025-05-12,S002,Nimbus Cloud Supply,Technology,Europe,Preferred,P103,Secure Access Kit,Hardware,Security,40,40,124.56,4982.4,USD,2/10 Net 30,P. Nguyen,Received,Pending,3.8,38,3,False,Facilities,Asia Pacific,True,249.12,439.2,Scheduled
PO-01388,1,REQ-01388,2026-06-21,2026,2026-07-17,2026-07-12,S004,Greenline Packaging,Packaging,North America,Approved,P107,Support Renewal,Services,Support,40,40,165.45,6618.0,USD,Net 45,L. Morgan,Closed,Not Received,3.0,26,0,True,Sales,Europe,True,0.0,140.65,Paid
PO-01389,1,REQ-01389,2025-03-06,2025,2025-03-23,2025-03-31,S002,Nimbus Cloud Supply,Technology,Europe,Preferred,P102,Edge Gateway,Hardware,Networking,51,51,215.76,11003.76,USD,2/10 Net 30,K. Wilson,Received,Matched,3.6,17,8,False,Sales,North America,True,1100.38,435.94,Scheduled
PO-01390,1,REQ-01390,2026-08-07,2026,2026-09-11,2026-09-06,S007,Sterling Security Group,Security,North America,Preferred,P107,Support Renewal,Services,Support,16,16,168.03,2688.48,USD,Net 45,L. Morgan,Received,Matched,4.0,35,0,True,Research,Asia Pacific,True,268.85,218.52,Scheduled
PO-01391,1,REQ-01391,2026-01-17,2026,2026-02-05,,S006,Vertex Office Goods,Office Supplies,Latin America,Approved,P105,Storage Array,Hardware,Storage,68,0,543.31,36945.08,USD,Net 45,P. Nguyen,Open,Pending,4.8,19,0,False,Technology,North America,True,3694.51,31.4,Paid
PO-01392,1,REQ-01392,2024-07-27,2024,2024-08-16,,S004,Greenline Packaging,Packaging,North America,Approved,P108,Mobile Scanner,Hardware,Devices,53,0,107.8,5713.4,USD,Net 45,K. Wilson,Open,Not Received,4.6,20,0,False,Research,Asia Pacific,False,457.07,50.98,Paid
PO-01393,1,REQ-01393,2026-06-04,2026,2026-06-29,2026-06-24,S006,Vertex Office Goods,Office Supplies,Latin America,Approved,P101,Cloud Data Suite,Software,Cloud,31,31,506.62,15705.22,USD,Net 30,L. Morgan,Received,Pending,4.6,25,0,True,Research,Asia Pacific,True,785.26,205.51,Paid
PO-01394,1,REQ-01394,2026-03-09,2026,2026-03-30,2026-03-25,S004,Greenline Packaging,Packaging,North America,Approved,P108,Mobile Scanner,Hardware,Devices,70,70,101.37,7095.9,USD,Net 60,L. Morgan,Received,Matched,3.3,21,0,True,Technology,Europe,True,354.8,422.74,Paid
PO-01395,1,REQ-01395,2026-09-07,2026,2026-10-04,2026-10-04,S005,Meridian Logistics,Logistics,Europe,Strategic,P100,Analytics Platform,Software,Analytics,36,36,602.35,21684.6,USD,Net 60,K. Wilson,Closed,Matched,3.5,27,0,True,Sales,Europe,False,1734.77,315.09,Overdue
PO-01396,1,REQ-01396,2025-08-24,2025,2025-09-14,,S001,Apex Components,Hardware,North America,Strategic,P100,Analytics Platform,Software,Analytics,27,0,538.84,14548.68,USD,Net 60,L. Morgan,Open,Pending,2.9,21,0,False,Facilities,Europe,True,1454.87,156.91,Overdue
PO-01397,1,REQ-01397,2026-01-27,2026,2026-03-09,2026-03-09,S005,Meridian Logistics,Logistics,Europe,Strategic,P104,Insight Pro License,Software,Licenses,42,42,82.18,3451.56,USD,Net 60,P. Nguyen,Received,Disputed,4.2,41,0,True,Sales,North America,True,0.0,204.35,Paid
PO-01398,1,REQ-01398,2024-11-17,2024,2024-12-10,,S006,Vertex Office Goods,Office Supplies,Latin America,Approved,P101,Cloud Data Suite,Software,Cloud,48,2,285.34,13696.32,USD,Net 30,T. Brown,In Transit,Matched,3.0,23,0,False,Technology,North America,False,1095.71,404.74,Paid
PO-01399,1,REQ-01399,2024-07-23,2024,2024-08-29,2024-09-01,S006,Vertex Office Goods,Office Supplies,Latin America,Approved,P104,Insight Pro License,Software,Licenses,46,46,79.5,3657.0,USD,Net 45,D. Singh,Received,Matched,4.5,37,3,False,Facilities,Europe,True,292.56,104.5,Scheduled
PO-01400,1,REQ-01400,2023-08-10,2023,2023-09-02,2023-09-02,S006,Vertex Office Goods,Office Supplies,Latin America,Approved,P105,Storage Array,Hardware,Storage,15,15,876.7,13150.5,USD,2/10 Net 30,T. Brown,Received,Matched,2.8,23,0,True,Research,Asia Pacific,True,657.53,286.3,Paid
PO-01401,1,REQ-01401,2024-10-12,2024,2024-10-29,2024-10-29,S005,Meridian Logistics,Logistics,Europe,Strategic,P107,Support Renewal,Services,Support,7,7,171.14,1197.98,USD,Net 60,L. Morgan,Received,Pending,3.9,17,0,True,Research,Asia Pacific,True,59.9,161.11,Paid
PO-01402,1,REQ-01402,2025-06-06,2025,2025-06-17,2025-06-20,S003,Pacific Industrial Ltd,Manufacturing,Asia Pacific,Preferred,P102,Edge Gateway,Hardware,Networking,22,22,206.61,4545.42,USD,Net 30,K. Wilson,Received,Disputed,4.1,11,3,False,Facilities,North America,True,227.27,164.31,Scheduled
PO-01403,1,REQ-01403,2025-03-27,2025,2025-04-19,2025-04-14,S002,Nimbus Cloud Supply,Technology,Europe,Preferred,P108,Mobile Scanner,Hardware,Devices,18,18,135.31,2435.58,USD,2/10 Net 30,K. Wilson,Received,Matched,4.0,23,0,True,Facilities,Europe,False,243.56,67.98,Paid
PO-01404,1,REQ-01404,2024-03-21,2024,2024-03-29,2024-04-06,S002,Nimbus Cloud Supply,Technology,Europe,Preferred,P100,Analytics Platform,Software,Analytics,5,5,438.24,2191.2,USD,2/10 Net 30,D. Singh,Closed,Matched,4.9,8,8,False,Research,Asia Pacific,False,0.0,331.83,Overdue
PO-01405,1,REQ-01405,2025-05-10,2025,2025-06-05,2025-06-05,S005,Meridian Logistics,Logistics,Europe,Strategic,P109,Forecasting Add-on,Software,Analytics,56,56,149.64,8379.84,USD,Net 45,D. Singh,Received,Matched,4.7,26,0,True,Technology,North America,True,418.99,16.03,Paid
PO-01406,1,REQ-01406,2024-11-16,2024,2024-12-11,,S008,Cobalt Professional Services,Services,Asia Pacific,Approved,P106,Integration Services,Services,Consulting,25,0,993.6,24840.0,USD,2/10 Net 30,L. Morgan,Open,Not Received,3.1,25,0,False,Technology,Asia Pacific,True,1987.2,322.2,Paid
PO-01407,1,REQ-01407,2023-05-20,2023,2023-06-18,2023-06-21,S006,Vertex Office Goods,Office Supplies,Latin America,Approved,P103,Secure Access Kit,Hardware,Security,35,35,180.94,6332.9,USD,Net 30,D. Singh,Received,Pending,4.9,29,3,False,Operations,North America,False,316.64,47.92,Paid
PO-01408,1,REQ-01408,2023-09-22,2023,2023-10-14,,S005,Meridian Logistics,Logistics,Europe,Strategic,P106,Integration Services,Services,Consulting,61,25,898.14,54786.54,USD,Net 60,T. Brown,In Transit,Matched,3.6,22,0,False,Facilities,North America,True,4382.92,197.81,Paid
PO-01409,1,REQ-01409,2025-01-25,2025,2025-02-15,2025-02-10,S008,Cobalt Professional Services,Services,Asia Pacific,Approved,P103,Secure Access Kit,Hardware,Security,56,56,183.21,10259.76,USD,Net 60,P. Nguyen,Received,Matched,3.8,21,0,True,Research,Europe,False,0.0,87.75,Overdue
PO-01410,1,REQ-01410,2024-12-13,2024,2025-01-06,2025-01-06,S005,Meridian Logistics,Logistics,Europe,Strategic,P102,Edge Gateway,Hardware,Networking,50,50,207.9,10395.0,USD,Net 60,L. Morgan,Closed,Pending,4.1,24,0,True,Sales,Europe,True,519.75,53.16,Scheduled
PO-01411,1,REQ-01411,2023-10-17,2023,2023-11-06,,S003,Pacific Industrial Ltd,Manufacturing,Asia Pacific,Preferred,P104,Insight Pro License,Software,Licenses,66,0,69.53,4588.98,USD,Net 45,T. Brown,Open,Matched,3.6,20,0,False,Operations,North America,False,229.45,154.46,Paid
PO-01412,1,REQ-01412,2024-02-17,2024,2024-03-22,,S007,Sterling Security Group,Security,North America,Preferred,P105,Storage Array,Hardware,Storage,22,0,544.49,11978.78,USD,2/10 Net 30,K. Wilson,Open,Disputed,4.0,34,0,False,Facilities,North America,True,598.94,23.34,Paid
PO-01413,1,REQ-01413,2023-03-24,2023,2023-04-20,2023-04-20,S007,Sterling Security Group,Security,North America,Preferred,P102,Edge Gateway,Hardware,Networking,42,42,185.47,7789.74,USD,2/10 Net 30,D. Singh,Received,Matched,4.8,27,0,True,Technology,North America,True,778.97,434.1,Scheduled
PO-01414,1,REQ-01414,2023-10-15,2023,2023-11-01,,S006,Vertex Office Goods,Office Supplies,Latin America,Approved,P103,Secure Access Kit,Hardware,Security,28,0,114.31,3200.68,USD,2/10 Net 30,K. Wilson,Open,Matched,4.6,17,0,False,Operations,Europe,True,160.03,161.47,Paid
PO-01415,1,REQ-01415,2024-04-04,2024,2024-04-26,2024-05-04,S006,Vertex Office Goods,Office Supplies,Latin America,Approved,P106,Integration Services,Services,Consulting,56,56,897.11,50238.16,USD,Net 30,P. Nguyen,Received,Matched,4.0,22,8,False,Operations,Europe,True,5023.82,359.39,Paid
PO-01416,1,REQ-01416,2026-02-16,2026,2026-02-26,2026-03-06,S007,Sterling Security Group,Security,North America,Preferred,P104,Insight Pro License,Software,Licenses,41,41,126.7,5194.7,USD,2/10 Net 30,K. Wilson,Received,Not Received,3.8,10,8,False,Technology,Asia Pacific,False,519.47,164.46,Paid
PO-01417,1,REQ-01417,2025-04-01,2025,2025-04-28,2025-04-28,S001,Apex Components,Hardware,North America,Strategic,P103,Secure Access Kit,Hardware,Security,70,70,197.52,13826.4,USD,2/10 Net 30,D. Singh,Received,Not Received,3.2,27,0,True,Sales,Asia Pacific,False,0.0,376.41,Paid
PO-01418,1,REQ-01418,2023-07-12,2023,2023-08-04,2023-08-19,S006,Vertex Office Goods,Office Supplies,Latin America,Approved,P101,Cloud Data Suite,Software,Cloud,31,31,435.9,13512.9,USD,2/10 Net 30,L. Morgan,Closed,Matched,4.6,23,15,False,Operations,North America,True,675.64,260.48,Paid
PO-01419,1,REQ-01419,2026-02-11,2026,2026-03-22,,S007,Sterling Security Group,Security,North America,Preferred,P100,Analytics Platform,Software,Analytics,6,0,366.17,2197.02,USD,Net 45,T. Brown,Open,Matched,4.4,39,0,False,Technology,Europe,True,109.85,101.23,Paid
PO-01420,1,REQ-01420,2023-12-02,2023,2024-01-07,2024-01-02,S005,Meridian Logistics,Logistics,Europe,Strategic,P102,Edge Gateway,Hardware,Networking,27,27,204.58,5523.66,USD,Net 30,P. Nguyen,Received,Pending,4.1,36,0,True,Sales,North America,True,552.37,195.99,Paid
PO-01421,1,REQ-01421,2025-11-22,2025,2025-11-24,,S006,Vertex Office Goods,Office Supplies,Latin America,Approved,P104,Insight Pro License,Software,Licenses,14,0,98.47,1378.58,USD,Net 60,T. Brown,Cancelled,Matched,3.7,2,0,False,Technology,Asia Pacific,True,137.86,26.8,Scheduled
PO-01422,1,REQ-01422,2023-08-08,2023,2023-09-15,2023-09-15,S005,Meridian Logistics,Logistics,Europe,Strategic,P102,Edge Gateway,Hardware,Networking,15,15,180.53,2707.95,USD,2/10 Net 30,K. Wilson,Received,Pending,3.7,38,0,True,Technology,Asia Pacific,True,216.64,303.55,Paid
PO-01423,1,REQ-01423,2024-04-19,2024,2024-05-11,,S006,Vertex Office Goods,Office Supplies,Latin America,Approved,P101,Cloud Data Suite,Software,Cloud,7,4,396.09,2772.63,USD,Net 30,T. Brown,In Transit,Not Received,4.6,22,0,False,Research,Europe,True,221.81,59.88,Paid
PO-01424,1,REQ-01424,2025-03-13,2025,2025-04-02,2025-04-02,S007,Sterling Security Group,Security,North America,Preferred,P100,Analytics Platform,Software,Analytics,69,69,507.06,34987.14,USD,Net 60,L. Morgan,Received,Pending,4.0,20,0,True,Sales,Europe,True,3498.71,360.02,Paid
PO-01425,1,REQ-01425,2024-12-22,2024,2025-01-29,,S008,Cobalt Professional Services,Services,Asia Pacific,Approved,P107,Support Renewal,Services,Support,61,44,167.69,10229.09,USD,Net 45,D. Singh,In Transit,Matched,4.8,38,0,False,Sales,Europe,True,1022.91,219.87,Scheduled
PO-01426,1,REQ-01426,2023-08-02,2023,2023-08-25,,S005,Meridian Logistics,Logistics,Europe,Strategic,P102,Edge Gateway,Hardware,Networking,69,0,169.58,11701.02,USD,Net 30,D. Singh,Open,Not Received,3.1,23,0,False,Facilities,North America,False,936.08,439.2,Paid
PO-01427,1,REQ-01427,2026-08-08,2026,2026-09-09,,S003,Pacific Industrial Ltd,Manufacturing,Asia Pacific,Preferred,P105,Storage Array,Hardware,Storage,42,0,602.12,25289.04,USD,2/10 Net 30,T. Brown,Open,Matched,3.3,32,0,False,Facilities,North America,False,1264.45,3.84,Paid
PO-01428,1,REQ-01428,2024-09-01,2024,2024-09-15,2024-09-15,S004,Greenline Packaging,Packaging,North America,Approved,P103,Secure Access Kit,Hardware,Security,15,15,189.7,2845.5,USD,Net 30,T. Brown,Received,Not Received,3.3,14,0,True,Operations,Europe,True,142.28,201.93,Paid
PO-01429,1,REQ-01429,2025-10-27,2025,2025-11-25,2025-11-25,S002,Nimbus Cloud Supply,Technology,Europe,Preferred,P105,Storage Array,Hardware,Storage,63,63,556.12,35035.56,USD,2/10 Net 30,K. Wilson,Received,Matched,3.1,29,0,True,Operations,Asia Pacific,False,1751.78,242.25,Paid
PO-01430,1,REQ-01430,2023-12-13,2023,2023-12-28,2023-12-23,S005,Meridian Logistics,Logistics,Europe,Strategic,P103,Secure Access Kit,Hardware,Security,66,66,121.43,8014.38,USD,Net 45,P. Nguyen,Received,Pending,2.9,15,0,True,Research,Asia Pacific,False,801.44,96.38,Scheduled
PO-01431,1,REQ-01431,2024-09-17,2024,2024-10-19,2024-10-19,S002,Nimbus Cloud Supply,Technology,Europe,Preferred,P105,Storage Array,Hardware,Storage,64,64,604.02,38657.28,USD,Net 45,T. Brown,Received,Matched,3.7,32,0,True,Research,Asia Pacific,False,0.0,247.39,Paid
PO-01432,1,REQ-01432,2023-10-29,2023,2023-11-22,,S002,Nimbus Cloud Supply,Technology,Europe,Preferred,P105,Storage Array,Hardware,Storage,15,0,577.52,8662.8,USD,Net 45,D. Singh,Cancelled,Matched,4.4,24,0,False,Operations,Europe,True,0.0,264.97,Overdue
PO-01433,1,REQ-01433,2025-04-15,2025,2025-05-08,2025-05-16,S002,Nimbus Cloud Supply,Technology,Europe,Preferred,P101,Cloud Data Suite,Software,Cloud,52,52,482.84,25107.68,USD,Net 45,K. Wilson,Received,Matched,4.3,23,8,False,Research,Asia Pacific,False,0.0,13.57,Paid
PO-01434,1,REQ-01434,2024-10-17,2024,2024-11-04,2024-11-04,S007,Sterling Security Group,Security,North America,Preferred,P106,Integration Services,Services,Consulting,36,36,783.58,28208.88,USD,Net 60,T. Brown,Received,Disputed,2.8,18,0,True,Research,Europe,False,0.0,235.7,Paid
PO-01435,1,REQ-01435,2026-08-24,2026,2026-09-21,2026-09-16,S001,Apex Components,Hardware,North America,Strategic,P106,Integration Services,Services,Consulting,13,13,1049.9,13648.7,USD,Net 30,K. Wilson,Received,Not Received,3.9,28,0,True,Sales,North America,False,1091.9,413.44,Paid
PO-01436,1,REQ-01436,2024-07-02,2024,2024-07-31,2024-07-26,S007,Sterling Security Group,Security,North America,Preferred,P109,Forecasting Add-on,Software,Analytics,50,50,165.97,8298.5,USD,2/10 Net 30,L. Morgan,Received,Matched,3.8,29,0,True,Technology,North America,True,829.85,76.29,Paid
PO-01437,1,REQ-01437,2026-04-12,2026,2026-04-28,2026-04-28,S005,Meridian Logistics,Logistics,Europe,Strategic,P105,Storage Array,Hardware,Storage,42,42,487.89,20491.38,USD,Net 30,K. Wilson,Received,Matched,2.9,16,0,True,Facilities,Europe,True,0.0,397.53,Scheduled
PO-01438,1,REQ-01438,2023-06-18,2023,2023-07-15,2023-07-15,S003,Pacific Industrial Ltd,Manufacturing,Asia Pacific,Preferred,P109,Forecasting Add-on,Software,Analytics,37,37,204.81,7577.97,USD,2/10 Net 30,L. Morgan,Received,Not Received,4.5,27,0,True,Facilities,Europe,False,378.9,436.41,Paid
PO-01439,1,REQ-01439,2026-04-14,2026,2026-05-21,2026-05-21,S004,Greenline Packaging,Packaging,North America,Approved,P106,Integration Services,Services,Consulting,52,52,855.38,44479.76,USD,Net 60,P. Nguyen,Received,Matched,4.1,37,0,True,Technology,North America,True,3558.38,166.22,Paid
PO-01440,1,REQ-01440,2023-01-18,2023,2023-02-12,2023-02-07,S002,Nimbus Cloud Supply,Technology,Europe,Preferred,P107,Support Renewal,Services,Support,61,61,244.56,14918.16,USD,Net 30,T. Brown,Received,Matched,3.8,25,0,True,Research,North America,True,0.0,228.87,Paid
PO-01441,1,REQ-01441,2023-07-31,2023,2023-09-10,,S005,Meridian Logistics,Logistics,Europe,Strategic,P104,Insight Pro License,Software,Licenses,20,19,90.56,1811.2,USD,Net 30,D. Singh,In Transit,Matched,4.1,41,0,False,Sales,North America,True,0.0,427.58,Paid
PO-01442,1,REQ-01442,2023-01-18,2023,2023-02-05,2023-02-05,S007,Sterling Security Group,Security,North America,Preferred,P106,Integration Services,Services,Consulting,55,55,716.57,39411.35,USD,Net 30,L. Morgan,Received,Pending,3.3,18,0,True,Research,Europe,True,0.0,218.43,Scheduled
PO-01443,1,REQ-01443,2023-02-02,2023,2023-02-28,2023-03-03,S005,Meridian Logistics,Logistics,Europe,Strategic,P108,Mobile Scanner,Hardware,Devices,24,24,100.89,2421.36,USD,Net 30,D. Singh,Received,Matched,3.1,26,3,False,Facilities,North America,True,193.71,130.99,Paid
PO-01444,1,REQ-01444,2023-07-05,2023,2023-07-23,,S003,Pacific Industrial Ltd,Manufacturing,Asia Pacific,Preferred,P108,Mobile Scanner,Hardware,Devices,57,0,126.7,7221.9,USD,Net 30,P. Nguyen,Open,Not Received,4.7,18,0,False,Operations,North America,True,0.0,431.0,Paid
PO-01445,1,REQ-01445,2024-07-19,2024,2024-08-03,,S001,Apex Components,Hardware,North America,Strategic,P108,Mobile Scanner,Hardware,Devices,66,0,120.65,7962.9,USD,Net 60,T. Brown,Open,Pending,3.4,15,0,False,Sales,Europe,False,398.14,380.74,Scheduled
PO-01446,1,REQ-01446,2026-01-06,2026,2026-01-27,,S007,Sterling Security Group,Security,North America,Preferred,P105,Storage Array,Hardware,Storage,64,0,731.83,46837.12,USD,2/10 Net 30,L. Morgan,Open,Matched,3.5,21,0,False,Operations,North America,True,3746.97,270.96,Paid
PO-01447,1,REQ-01447,2025-11-20,2025,2025-11-28,,S006,Vertex Office Goods,Office Supplies,Latin America,Approved,P105,Storage Array,Hardware,Storage,60,0,533.19,31991.4,USD,2/10 Net 30,T. Brown,Open,Matched,4.7,8,0,False,Facilities,Europe,True,2559.31,332.27,Overdue
PO-01448,1,REQ-01448,2025-09-27,2025,2025-10-25,,S006,Vertex Office Goods,Office Supplies,Latin America,Approved,P109,Forecasting Add-on,Software,Analytics,32,0,163.6,5235.2,USD,2/10 Net 30,K. Wilson,Open,Not Received,3.5,28,0,False,Technology,Europe,True,418.82,431.22,Scheduled
PO-01449,1,REQ-01449,2024-02-27,2024,2024-03-25,2024-03-25,S003,Pacific Industrial Ltd,Manufacturing,Asia Pacific,Preferred,P105,Storage Array,Hardware,Storage,39,39,516.92,20159.88,USD,Net 60,K. Wilson,Received,Pending,4.2,27,0,True,Facilities,Asia Pacific,False,1612.79,405.66,Scheduled
PO-01450,1,REQ-01450,2023-03-14,2023,2023-04-20,,S003,Pacific Industrial Ltd,Manufacturing,Asia Pacific,Preferred,P104,Insight Pro License,Software,Licenses,25,16,116.89,2922.25,USD,Net 45,L. Morgan,In Transit,Matched,3.0,37,0,False,Facilities,Europe,False,0.0,287.98,Paid
PO-01451,1,REQ-01451,2026-01-18,2026,2026-02-09,,S002,Nimbus Cloud Supply,Technology,Europe,Preferred,P108,Mobile Scanner,Hardware,Devices,43,0,102.69,4415.67,USD,Net 30,D. Singh,Open,Not Received,4.8,22,0,False,Operations,North America,False,353.25,135.49,Scheduled
PO-01452,1,REQ-01452,2026-07-28,2026,2026-08-28,2026-08-23,S001,Apex Components,Hardware,North America,Strategic,P108,Mobile Scanner,Hardware,Devices,17,17,81.07,1378.19,USD,2/10 Net 30,D. Singh,Received,Pending,4.4,31,0,True,Research,Asia Pacific,False,110.26,323.43,Overdue
PO-01453,1,REQ-01453,2026-02-07,2026,2026-03-03,2026-03-11,S001,Apex Components,Hardware,North America,Strategic,P100,Analytics Platform,Software,Analytics,21,21,429.37,9016.77,USD,Net 30,P. Nguyen,Received,Pending,3.8,24,8,False,Research,Europe,True,721.34,227.47,Overdue
PO-01454,1,REQ-01454,2024-10-06,2024,2024-10-28,2024-10-31,S005,Meridian Logistics,Logistics,Europe,Strategic,P109,Forecasting Add-on,Software,Analytics,59,59,221.86,13089.74,USD,Net 30,D. Singh,Received,Matched,4.1,22,3,False,Operations,North America,True,1047.18,47.38,Scheduled
PO-01455,1,REQ-01455,2025-09-07,2025,2025-10-08,2025-10-23,S003,Pacific Industrial Ltd,Manufacturing,Asia Pacific,Preferred,P109,Forecasting Add-on,Software,Analytics,67,67,162.75,10904.25,USD,Net 45,T. Brown,Received,Pending,3.5,31,15,False,Sales,Europe,False,872.34,13.03,Paid
PO-01456,1,REQ-01456,2025-03-01,2025,2025-03-20,,S003,Pacific Industrial Ltd,Manufacturing,Asia Pacific,Preferred,P109,Forecasting Add-on,Software,Analytics,18,11,176.67,3180.06,USD,2/10 Net 30,P. Nguyen,In Transit,Pending,3.0,19,0,False,Research,Europe,True,254.4,159.63,Paid
PO-01457,1,REQ-01457,2026-05-13,2026,2026-06-11,,S007,Sterling Security Group,Security,North America,Preferred,P104,Insight Pro License,Software,Licenses,52,0,129.28,6722.56,USD,2/10 Net 30,D. Singh,Open,Matched,4.3,29,0,False,Research,Asia Pacific,True,537.8,182.65,Scheduled
PO-01458,1,REQ-01458,2024-12-26,2024,2025-01-29,,S008,Cobalt Professional Services,Services,Asia Pacific,Approved,P109,Forecasting Add-on,Software,Analytics,34,0,168.92,5743.28,USD,Net 45,K. Wilson,Cancelled,Matched,3.8,34,0,False,Facilities,Asia Pacific,False,287.16,310.93,Overdue
PO-01459,1,REQ-01459,2023-11-16,2023,2023-12-25,,S002,Nimbus Cloud Supply,Technology,Europe,Preferred,P109,Forecasting Add-on,Software,Analytics,62,0,188.43,11682.66,USD,Net 45,T. Brown,Open,Matched,4.7,39,0,False,Technology,Europe,True,584.13,127.92,Paid
PO-01460,1,REQ-01460,2026-04-01,2026,2026-04-19,2026-04-22,S006,Vertex Office Goods,Office Supplies,Latin America,Approved,P101,Cloud Data Suite,Software,Cloud,32,32,378.99,12127.68,USD,Net 60,T. Brown,Received,Matched,4.4,18,3,False,Operations,Asia Pacific,False,970.21,124.86,Paid
PO-01461,1,REQ-01461,2023-05-17,2023,2023-06-10,2023-06-10,S006,Vertex Office Goods,Office Supplies,Latin America,Approved,P107,Support Renewal,Services,Support,17,17,233.32,3966.44,USD,Net 60,L. Morgan,Received,Not Received,3.1,24,0,True,Facilities,Europe,True,0.0,270.96,Scheduled
PO-01462,1,REQ-01462,2026-01-05,2026,2026-01-24,,S007,Sterling Security Group,Security,North America,Preferred,P105,Storage Array,Hardware,Storage,30,0,607.4,18222.0,USD,Net 45,D. Singh,Open,Matched,3.7,19,0,False,Operations,North America,False,0.0,132.11,Scheduled
PO-01463,1,REQ-01463,2023-09-09,2023,2023-10-13,2023-10-08,S007,Sterling Security Group,Security,North America,Preferred,P101,Cloud Data Suite,Software,Cloud,51,51,434.34,22151.34,USD,Net 45,D. Singh,Received,Matched,4.0,34,0,True,Technology,North America,True,1772.11,305.73,Paid
PO-01464,1,REQ-01464,2024-01-24,2024,2024-01-25,,S004,Greenline Packaging,Packaging,North America,Approved,P109,Forecasting Add-on,Software,Analytics,35,0,186.53,6528.55,USD,2/10 Net 30,P. Nguyen,Open,Pending,4.7,1,0,False,Facilities,North America,True,522.28,262.26,Paid
PO-01465,1,REQ-01465,2025-05-22,2025,2025-05-29,2025-05-29,S001,Apex Components,Hardware,North America,Strategic,P104,Insight Pro License,Software,Licenses,20,20,74.35,1487.0,USD,Net 30,P. Nguyen,Received,Not Received,4.9,7,0,True,Technology,Asia Pacific,True,148.7,266.18,Paid
PO-01466,1,REQ-01466,2023-10-18,2023,2023-11-15,2023-11-23,S007,Sterling Security Group,Security,North America,Preferred,P103,Secure Access Kit,Hardware,Security,21,21,169.23,3553.83,USD,2/10 Net 30,T. Brown,Received,Matched,4.4,28,8,False,Facilities,Europe,False,355.38,411.21,Paid
PO-01467,1,REQ-01467,2025-03-30,2025,2025-04-24,2025-04-24,S004,Greenline Packaging,Packaging,North America,Approved,P108,Mobile Scanner,Hardware,Devices,66,66,136.51,9009.66,USD,2/10 Net 30,L. Morgan,Received,Pending,2.9,25,0,True,Technology,North America,True,0.0,206.17,Paid
PO-01468,1,REQ-01468,2025-07-20,2025,2025-08-31,2025-08-31,S004,Greenline Packaging,Packaging,North America,Approved,P100,Analytics Platform,Software,Analytics,56,56,383.43,21472.08,USD,Net 30,L. Morgan,Received,Not Received,2.9,42,0,True,Technology,North America,True,1073.6,188.99,Paid
PO-01469,1,REQ-01469,2025-05-27,2025,2025-06-08,2025-06-11,S007,Sterling Security Group,Security,North America,Preferred,P108,Mobile Scanner,Hardware,Devices,14,14,126.22,1767.08,USD,2/10 Net 30,T. Brown,Received,Matched,4.7,12,3,False,Research,Asia Pacific,True,141.37,406.44,Paid
PO-01470,1,REQ-01470,2023-12-11,2023,2023-12-26,2024-01-03,S005,Meridian Logistics,Logistics,Europe,Strategic,P105,Storage Array,Hardware,Storage,66,66,883.46,58308.36,USD,Net 45,K. Wilson,Received,Not Received,2.9,15,8,False,Research,Asia Pacific,True,0.0,423.2,Paid
PO-01471,1,REQ-01471,2025-10-09,2025,2025-10-24,2025-10-27,S002,Nimbus Cloud Supply,Technology,Europe,Preferred,P109,Forecasting Add-on,Software,Analytics,41,41,184.62,7569.42,USD,2/10 Net 30,L. Morgan,Received,Matched,3.8,15,3,False,Sales,Europe,False,756.94,373.65,Paid
PO-01472,1,REQ-01472,2025-12-06,2025,2025-12-26,2025-12-26,S007,Sterling Security Group,Security,North America,Preferred,P104,Insight Pro License,Software,Licenses,34,34,113.24,3850.16,USD,Net 60,K. Wilson,Received,Matched,3.4,20,0,True,Research,North America,True,308.01,23.66,Paid
PO-01473,1,REQ-01473,2026-04-29,2026,2026-05-13,2026-05-08,S007,Sterling Security Group,Security,North America,Preferred,P103,Secure Access Kit,Hardware,Security,25,25,145.28,3632.0,USD,Net 45,L. Morgan,Closed,Pending,4.9,14,0,True,Operations,Europe,False,363.2,353.49,Paid
PO-01474,1,REQ-01474,2026-09-13,2026,2026-10-04,2026-10-07,S006,Vertex Office Goods,Office Supplies,Latin America,Approved,P105,Storage Array,Hardware,Storage,47,47,628.17,29523.99,USD,Net 45,L. Morgan,Received,Matched,3.4,21,3,False,Sales,Asia Pacific,True,0.0,26.65,Scheduled
PO-01475,1,REQ-01475,2024-10-30,2024,2024-11-22,2024-11-17,S008,Cobalt Professional Services,Services,Asia Pacific,Approved,P106,Integration Services,Services,Consulting,32,32,988.54,31633.28,USD,Net 60,T. Brown,Received,Pending,4.9,23,0,True,Technology,North America,True,3163.33,253.93,Scheduled
PO-01476,1,REQ-01476,2023-11-05,2023,2023-11-24,,S007,Sterling Security Group,Security,North America,Preferred,P105,Storage Array,Hardware,Storage,58,0,735.79,42675.82,USD,2/10 Net 30,P. Nguyen,Open,Pending,3.8,19,0,False,Facilities,Asia Pacific,True,4267.58,197.26,Scheduled
PO-01477,1,REQ-01477,2025-12-15,2025,2026-01-11,,S008,Cobalt Professional Services,Services,Asia Pacific,Approved,P103,Secure Access Kit,Hardware,Security,57,0,140.4,8002.8,USD,Net 60,T. Brown,Open,Matched,4.4,27,0,False,Facilities,Asia Pacific,False,400.14,17.9,Scheduled
PO-01478,1,REQ-01478,2024-01-20,2024,2024-03-06,2024-03-14,S008,Cobalt Professional Services,Services,Asia Pacific,Approved,P104,Insight Pro License,Software,Licenses,31,31,90.66,2810.46,USD,2/10 Net 30,P. Nguyen,Received,Matched,3.5,46,8,False,Operations,Asia Pacific,True,140.52,26.98,Paid
PO-01479,1,REQ-01479,2026-03-02,2026,2026-03-23,,S002,Nimbus Cloud Supply,Technology,Europe,Preferred,P106,Integration Services,Services,Consulting,31,0,1038.35,32188.85,USD,2/10 Net 30,L. Morgan,Open,Not Received,4.7,21,0,False,Facilities,North America,True,0.0,70.79,Overdue
PO-01480,1,REQ-01480,2025-06-17,2025,2025-07-21,,S005,Meridian Logistics,Logistics,Europe,Strategic,P108,Mobile Scanner,Hardware,Devices,48,8,123.4,5923.2,USD,Net 45,L. Morgan,In Transit,Matched,3.0,34,0,False,Technology,Europe,False,296.16,20.3,Paid
PO-01481,1,REQ-01481,2023-12-02,2023,2023-12-11,,S002,Nimbus Cloud Supply,Technology,Europe,Preferred,P107,Support Renewal,Services,Support,60,34,169.47,10168.2,USD,Net 30,T. Brown,In Transit,Matched,3.6,9,0,False,Sales,North America,False,508.41,442.72,Paid
PO-01482,1,REQ-01482,2023-10-11,2023,2023-11-24,,S003,Pacific Industrial Ltd,Manufacturing,Asia Pacific,Preferred,P101,Cloud Data Suite,Software,Cloud,56,0,281.84,15783.04,USD,Net 60,D. Singh,Open,Pending,3.0,44,0,False,Sales,Europe,True,0.0,239.14,Paid
PO-01483,1,REQ-01483,2023-03-22,2023,2023-03-23,2023-03-23,S002,Nimbus Cloud Supply,Technology,Europe,Preferred,P101,Cloud Data Suite,Software,Cloud,55,55,399.04,21947.2,USD,Net 60,D. Singh,Received,Disputed,4.3,1,0,True,Operations,Asia Pacific,False,0.0,424.23,Scheduled
PO-01484,1,REQ-01484,2024-03-13,2024,2024-04-18,2024-04-18,S001,Apex Components,Hardware,North America,Strategic,P108,Mobile Scanner,Hardware,Devices,54,54,103.33,5579.82,USD,Net 45,P. Nguyen,Received,Pending,3.0,36,0,True,Research,Europe,True,446.39,33.05,Paid
PO-01485,1,REQ-01485,2024-08-23,2024,2024-09-22,2024-09-25,S007,Sterling Security Group,Security,North America,Preferred,P101,Cloud Data Suite,Software,Cloud,11,11,473.65,5210.15,USD,Net 30,T. Brown,Received,Pending,4.7,30,3,False,Technology,North America,False,260.51,250.24,Paid
PO-01486,1,REQ-01486,2025-05-11,2025,2025-06-10,2025-06-05,S005,Meridian Logistics,Logistics,Europe,Strategic,P107,Support Renewal,Services,Support,50,50,143.35,7167.5,USD,Net 60,D. Singh,Received,Matched,3.1,30,0,True,Facilities,Europe,True,358.38,190.58,Paid
PO-01487,1,REQ-01487,2025-09-23,2025,2025-10-27,,S006,Vertex Office Goods,Office Supplies,Latin America,Approved,P105,Storage Array,Hardware,Storage,39,0,495.76,19334.64,USD,Net 30,L. Morgan,Open,Matched,3.4,34,0,False,Research,North America,False,966.73,14.2,Paid
PO-01488,1,REQ-01488,2023-01-12,2023,2023-02-04,2023-02-07,S008,Cobalt Professional Services,Services,Asia Pacific,Approved,P109,Forecasting Add-on,Software,Analytics,35,35,211.43,7400.05,USD,Net 60,P. Nguyen,Received,Matched,4.7,23,3,False,Facilities,Asia Pacific,True,0.0,237.15,Overdue
PO-01489,1,REQ-01489,2023-12-20,2023,2023-12-30,2023-12-25,S007,Sterling Security Group,Security,North America,Preferred,P107,Support Renewal,Services,Support,14,14,201.59,2822.26,USD,Net 45,P. Nguyen,Closed,Matched,4.1,10,0,True,Facilities,North America,False,0.0,258.55,Scheduled
PO-01490,1,REQ-01490,2024-04-22,2024,2024-05-27,2024-05-27,S004,Greenline Packaging,Packaging,North America,Approved,P105,Storage Array,Hardware,Storage,9,9,601.8,5416.2,USD,2/10 Net 30,L. Morgan,Received,Matched,4.2,35,0,True,Technology,North America,True,0.0,142.68,Scheduled
PO-01491,1,REQ-01491,2024-12-12,2024,2025-01-05,,S002,Nimbus Cloud Supply,Technology,Europe,Preferred,P104,Insight Pro License,Software,Licenses,64,14,99.33,6357.12,USD,Net 60,P. Nguyen,In Transit,Matched,4.1,24,0,False,Technology,Europe,True,317.86,270.48,Paid
PO-01492,1,REQ-01492,2026-08-21,2026,2026-09-24,2026-09-27,S006,Vertex Office Goods,Office Supplies,Latin America,Approved,P107,Support Renewal,Services,Support,62,62,220.68,13682.16,USD,2/10 Net 30,T. Brown,Received,Matched,3.2,34,3,False,Research,Asia Pacific,False,684.11,220.54,Paid
PO-01493,1,REQ-01493,2024-10-15,2024,2024-11-14,2024-11-14,S003,Pacific Industrial Ltd,Manufacturing,Asia Pacific,Preferred,P108,Mobile Scanner,Hardware,Devices,16,16,82.27,1316.32,USD,2/10 Net 30,P. Nguyen,Received,Pending,3.8,30,0,True,Sales,Europe,False,65.82,365.27,Overdue
PO-01494,1,REQ-01494,2023-09-09,2023,2023-10-07,2023-10-15,S006,Vertex Office Goods,Office Supplies,Latin America,Approved,P100,Analytics Platform,Software,Analytics,54,54,594.48,32101.92,USD,Net 60,D. Singh,Received,Matched,4.7,28,8,False,Research,Europe,True,2568.15,221.54,Paid
PO-01495,1,REQ-01495,2026-01-31,2026,2026-02-28,2026-03-03,S005,Meridian Logistics,Logistics,Europe,Strategic,P106,Integration Services,Services,Consulting,14,14,981.8,13745.2,USD,2/10 Net 30,T. Brown,Received,Matched,4.8,28,3,False,Sales,North America,True,0.0,390.88,Paid
PO-01496,1,REQ-01496,2025-04-21,2025,2025-05-26,,S007,Sterling Security Group,Security,North America,Preferred,P103,Secure Access Kit,Hardware,Security,32,22,161.91,5181.12,USD,2/10 Net 30,D. Singh,In Transit,Matched,4.7,35,0,False,Operations,Europe,True,414.49,405.79,Paid
PO-01497,1,REQ-01497,2026-08-02,2026,2026-09-05,,S002,Nimbus Cloud Supply,Technology,Europe,Preferred,P105,Storage Array,Hardware,Storage,69,0,606.77,41867.13,USD,Net 60,L. Morgan,Open,Matched,3.4,34,0,False,Technology,Asia Pacific,True,2093.36,114.81,Paid
PO-01498,1,REQ-01498,2024-02-05,2024,2024-03-05,2024-02-29,S007,Sterling Security Group,Security,North America,Preferred,P101,Cloud Data Suite,Software,Cloud,43,43,335.26,14416.18,USD,2/10 Net 30,T. Brown,Received,Pending,4.6,29,0,True,Facilities,Europe,True,720.81,53.94,Scheduled
PO-01499,1,REQ-01499,2026-06-25,2026,2026-07-19,2026-07-19,S001,Apex Components,Hardware,North America,Strategic,P102,Edge Gateway,Hardware,Networking,42,42,184.41,7745.22,USD,Net 30,L. Morgan,Received,Matched,4.3,24,0,True,Operations,North America,True,0.0,29.71,Paid
PO-01500,1,REQ-01500,2024-04-12,2024,2024-05-13,2024-05-13,S008,Cobalt Professional Services,Services,Asia Pacific,Approved,P106,Integration Services,Services,Consulting,32,32,939.16,30053.12,USD,Net 45,L. Morgan,Closed,Matched,5.0,31,0,True,Research,North America,False,2404.25,81.31,Paid
PO-01501,1,REQ-01501,2023-01-22,2023,2023-02-08,,S005,Meridian Logistics,Logistics,Europe,Strategic,P106,Integration Services,Services,Consulting,8,0,645.12,5160.96,USD,Net 60,P. Nguyen,In Transit,Not Received,4.9,17,0,False,Operations,Europe,False,258.05,293.15,Paid
PO-01502,1,REQ-01502,2026-06-13,2026,2026-06-28,2026-06-28,S008,Cobalt Professional Services,Services,Asia Pacific,Approved,P102,Edge Gateway,Hardware,Networking,58,58,259.49,15050.42,USD,2/10 Net 30,D. Singh,Received,Pending,4.3,15,0,True,Research,North America,True,752.52,222.95,Paid
PO-01503,1,REQ-01503,2023-11-18,2023,2023-12-01,2023-12-04,S005,Meridian Logistics,Logistics,Europe,Strategic,P101,Cloud Data Suite,Software,Cloud,35,35,346.04,12111.4,USD,2/10 Net 30,T. Brown,Received,Matched,4.3,13,3,False,Research,Europe,False,605.57,274.99,Paid
PO-01504,1,REQ-01504,2026-03-10,2026,2026-03-29,,S001,Apex Components,Hardware,North America,Strategic,P109,Forecasting Add-on,Software,Analytics,33,0,131.83,4350.39,USD,Net 45,D. Singh,Open,Matched,4.8,19,0,False,Technology,North America,False,217.52,404.72,Paid
PO-01505,1,REQ-01505,2025-10-12,2025,2025-10-23,2025-10-23,S004,Greenline Packaging,Packaging,North America,Approved,P108,Mobile Scanner,Hardware,Devices,59,59,129.39,7634.01,USD,Net 45,K. Wilson,Received,Pending,3.9,11,0,True,Research,Asia Pacific,False,381.7,237.58,Scheduled
PO-01506,1,REQ-01506,2024-12-27,2024,2025-01-25,2025-01-28,S002,Nimbus Cloud Supply,Technology,Europe,Preferred,P104,Insight Pro License,Software,Licenses,57,57,98.12,5592.84,USD,Net 60,T. Brown,Received,Disputed,4.8,29,3,False,Research,North America,True,447.43,334.71,Paid
PO-01507,1,REQ-01507,2024-12-15,2024,2025-01-11,2025-01-14,S008,Cobalt Professional Services,Services,Asia Pacific,Approved,P108,Mobile Scanner,Hardware,Devices,47,47,77.26,3631.22,USD,Net 45,D. Singh,Received,Not Received,3.2,27,3,False,Operations,North America,True,363.12,78.34,Paid
PO-01508,1,REQ-01508,2023-11-13,2023,2023-12-13,2023-12-16,S006,Vertex Office Goods,Office Supplies,Latin America,Approved,P107,Support Renewal,Services,Support,66,66,211.77,13976.82,USD,Net 60,P. Nguyen,Received,Matched,4.1,30,3,False,Facilities,North America,True,698.84,364.08,Overdue
PO-01509,1,REQ-01509,2026-09-10,2026,2026-10-07,2026-10-07,S006,Vertex Office Goods,Office Supplies,Latin America,Approved,P108,Mobile Scanner,Hardware,Devices,20,20,138.43,2768.6,USD,Net 60,K. Wilson,Received,Matched,2.8,27,0,True,Operations,North America,True,221.49,320.08,Scheduled
PO-01510,1,REQ-01510,2026-03-31,2026,2026-04-22,2026-04-22,S005,Meridian Logistics,Logistics,Europe,Strategic,P102,Edge Gateway,Hardware,Networking,16,16,233.19,3731.04,USD,Net 60,T. Brown,Received,Pending,4.8,22,0,True,Sales,Asia Pacific,True,373.1,133.52,Scheduled
PO-01511,1,REQ-01511,2023-05-30,2023,2023-06-25,2023-07-10,S003,Pacific Industrial Ltd,Manufacturing,Asia Pacific,Preferred,P104,Insight Pro License,Software,Licenses,63,63,118.46,7462.98,USD,Net 60,L. Morgan,Received,Matched,3.1,26,15,False,Sales,Asia Pacific,False,373.15,26.28,Paid
PO-01512,1,REQ-01512,2024-06-30,2024,2024-07-30,2024-07-30,S005,Meridian Logistics,Logistics,Europe,Strategic,P102,Edge Gateway,Hardware,Networking,62,62,195.08,12094.96,USD,Net 30,P. Nguyen,Received,Not Received,4.0,30,0,True,Facilities,Europe,False,1209.5,16.39,Scheduled
PO-01513,1,REQ-01513,2025-11-30,2025,2025-12-29,2025-12-29,S006,Vertex Office Goods,Office Supplies,Latin America,Approved,P103,Secure Access Kit,Hardware,Security,33,33,188.02,6204.66,USD,2/10 Net 30,P. Nguyen,Received,Matched,4.7,29,0,True,Facilities,Europe,False,0.0,226.46,Paid
PO-01514,1,REQ-01514,2024-08-11,2024,2024-08-21,2024-08-29,S002,Nimbus Cloud Supply,Technology,Europe,Preferred,P103,Secure Access Kit,Hardware,Security,51,51,131.93,6728.43,USD,Net 60,L. Morgan,Received,Pending,4.2,10,8,False,Facilities,Europe,True,538.27,449.23,Paid
PO-01515,1,REQ-01515,2026-07-14,2026,2026-08-08,2026-08-11,S005,Meridian Logistics,Logistics,Europe,Strategic,P104,Insight Pro License,Software,Licenses,44,44,87.92,3868.48,USD,Net 60,T. Brown,Received,Pending,3.4,25,3,False,Operations,Asia Pacific,True,386.85,87.5,Scheduled
PO-01516,1,REQ-01516,2025-09-07,2025,2025-10-25,,S005,Meridian Logistics,Logistics,Europe,Strategic,P108,Mobile Scanner,Hardware,Devices,68,0,128.96,8769.28,USD,Net 30,T. Brown,Cancelled,Not Received,4.7,48,0,False,Operations,Asia Pacific,True,438.46,160.82,Paid
PO-01517,1,REQ-01517,2023-06-04,2023,2023-07-04,2023-07-07,S002,Nimbus Cloud Supply,Technology,Europe,Preferred,P101,Cloud Data Suite,Software,Cloud,6,6,464.56,2787.36,USD,Net 45,D. Singh,Received,Matched,3.4,30,3,False,Facilities,Asia Pacific,True,0.0,28.88,Paid
PO-01518,1,REQ-01518,2023-07-10,2023,2023-07-26,,S004,Greenline Packaging,Packaging,North America,Approved,P102,Edge Gateway,Hardware,Networking,60,0,170.28,10216.8,USD,2/10 Net 30,D. Singh,Open,Disputed,4.2,16,0,False,Facilities,North America,False,1021.68,346.86,Paid
PO-01519,1,REQ-01519,2025-05-06,2025,2025-06-19,,S001,Apex Components,Hardware,North America,Strategic,P105,Storage Array,Hardware,Storage,29,0,709.67,20580.43,USD,Net 60,T. Brown,Open,Matched,3.6,44,0,False,Operations,North America,False,1029.02,410.07,Paid
PO-01520,1,REQ-01520,2026-02-19,2026,2026-03-07,2026-03-10,S005,Meridian Logistics,Logistics,Europe,Strategic,P103,Secure Access Kit,Hardware,Security,52,52,120.22,6251.44,USD,2/10 Net 30,L. Morgan,Received,Not Received,4.4,16,3,False,Operations,Europe,True,312.57,94.3,Paid
PO-01521,1,REQ-01521,2025-04-20,2025,2025-05-10,2025-05-10,S006,Vertex Office Goods,Office Supplies,Latin America,Approved,P108,Mobile Scanner,Hardware,Devices,29,29,96.92,2810.68,USD,Net 30,T. Brown,Received,Matched,3.8,20,0,True,Facilities,Europe,True,0.0,6.19,Paid
PO-01522,1,REQ-01522,2025-04-23,2025,2025-05-17,2025-06-01,S001,Apex Components,Hardware,North America,Strategic,P104,Insight Pro License,Software,Licenses,12,12,107.93,1295.16,USD,Net 30,D. Singh,Received,Matched,4.4,24,15,False,Facilities,Europe,True,0.0,117.58,Paid
PO-01523,1,REQ-01523,2024-02-07,2024,2024-03-28,,S007,Sterling Security Group,Security,North America,Preferred,P106,Integration Services,Services,Consulting,46,0,638.35,29364.1,USD,Net 45,P. Nguyen,Open,Matched,3.8,50,0,False,Facilities,Europe,False,1468.2,192.62,Scheduled
PO-01524,1,REQ-01524,2026-08-05,2026,2026-09-01,2026-09-01,S008,Cobalt Professional Services,Services,Asia Pacific,Approved,P101,Cloud Data Suite,Software,Cloud,13,13,389.17,5059.21,USD,Net 60,K. Wilson,Received,Pending,3.6,27,0,True,Facilities,North America,True,0.0,177.12,Scheduled
PO-01525,1,REQ-01525,2026-02-03,2026,2026-03-07,,S006,Vertex Office Goods,Office Supplies,Latin America,Approved,P109,Forecasting Add-on,Software,Analytics,5,0,142.96,714.8,USD,Net 30,D. Singh,Open,Matched,4.3,32,0,False,Operations,Europe,True,0.0,9.81,Scheduled
PO-01526,1,REQ-01526,2026-08-12,2026,2026-08-26,,S004,Greenline Packaging,Packaging,North America,Approved,P106,Integration Services,Services,Consulting,68,57,719.4,48919.2,USD,Net 60,L. Morgan,In Transit,Pending,4.6,14,0,False,Research,North America,True,0.0,313.14,Paid
PO-01527,1,REQ-01527,2025-10-06,2025,2025-11-04,2025-11-07,S006,Vertex Office Goods,Office Supplies,Latin America,Approved,P106,Integration Services,Services,Consulting,53,53,631.18,33452.54,USD,Net 30,D. Singh,Received,Pending,3.3,29,3,False,Sales,Asia Pacific,True,3345.25,360.76,Scheduled
PO-01528,1,REQ-01528,2026-07-29,2026,2026-08-23,,S003,Pacific Industrial Ltd,Manufacturing,Asia Pacific,Preferred,P100,Analytics Platform,Software,Analytics,47,0,542.96,25519.12,USD,Net 60,T. Brown,Open,Disputed,4.4,25,0,False,Research,Europe,False,2551.91,109.9,Paid
PO-01529,1,REQ-01529,2026-02-26,2026,2026-03-25,,S007,Sterling Security Group,Security,North America,Preferred,P108,Mobile Scanner,Hardware,Devices,65,0,120.2,7813.0,USD,Net 30,D. Singh,Open,Matched,2.8,27,0,False,Facilities,North America,False,390.65,228.69,Scheduled
PO-01530,1,REQ-01530,2023-04-07,2023,2023-05-03,2023-05-06,S003,Pacific Industrial Ltd,Manufacturing,Asia Pacific,Preferred,P100,Analytics Platform,Software,Analytics,35,35,378.11,13233.85,USD,Net 60,L. Morgan,Received,Matched,4.4,26,3,False,Facilities,Asia Pacific,False,1058.71,102.84,Paid
PO-01531,1,REQ-01531,2024-08-18,2024,2024-09-06,2024-09-01,S002,Nimbus Cloud Supply,Technology,Europe,Preferred,P109,Forecasting Add-on,Software,Analytics,34,34,149.58,5085.72,USD,Net 30,K. Wilson,Received,Matched,3.7,19,0,True,Facilities,North America,True,508.57,390.89,Paid
PO-01532,1,REQ-01532,2024-08-09,2024,2024-09-18,2024-09-21,S005,Meridian Logistics,Logistics,Europe,Strategic,P104,Insight Pro License,Software,Licenses,55,55,108.22,5952.1,USD,Net 30,T. Brown,Received,Matched,4.3,40,3,False,Research,North America,True,0.0,115.85,Scheduled
PO-01533,1,REQ-01533,2025-11-22,2025,2025-12-07,2025-12-07,S004,Greenline Packaging,Packaging,North America,Approved,P102,Edge Gateway,Hardware,Networking,51,51,273.15,13930.65,USD,Net 45,L. Morgan,Received,Matched,4.7,15,0,True,Sales,North America,False,696.53,260.0,Paid
PO-01534,1,REQ-01534,2024-01-03,2024,2024-01-23,2024-01-31,S003,Pacific Industrial Ltd,Manufacturing,Asia Pacific,Preferred,P103,Secure Access Kit,Hardware,Security,43,43,152.63,6563.09,USD,Net 45,K. Wilson,Received,Matched,3.0,20,8,False,Operations,Europe,True,0.0,68.4,Overdue
PO-01535,1,REQ-01535,2024-06-05,2024,2024-07-06,2024-07-01,S001,Apex Components,Hardware,North America,Strategic,P101,Cloud Data Suite,Software,Cloud,69,69,288.52,19907.88,USD,2/10 Net 30,P. Nguyen,Received,Matched,3.3,31,0,True,Operations,Asia Pacific,True,1592.63,218.88,Paid
PO-01536,1,REQ-01536,2026-02-15,2026,2026-03-17,,S006,Vertex Office Goods,Office Supplies,Latin America,Approved,P106,Integration Services,Services,Consulting,8,4,1004.75,8038.0,USD,Net 30,T. Brown,In Transit,Matched,4.7,30,0,False,Technology,Asia Pacific,False,0.0,114.53,Paid
PO-01537,1,REQ-01537,2024-09-30,2024,2024-11-01,2024-10-27,S006,Vertex Office Goods,Office Supplies,Latin America,Approved,P103,Secure Access Kit,Hardware,Security,51,51,180.33,9196.83,USD,Net 45,T. Brown,Received,Matched,3.1,32,0,True,Sales,North America,True,735.75,429.82,Scheduled
PO-01538,1,REQ-01538,2026-05-17,2026,2026-06-20,2026-06-28,S008,Cobalt Professional Services,Services,Asia Pacific,Approved,P109,Forecasting Add-on,Software,Analytics,28,28,161.49,4521.72,USD,Net 30,D. Singh,Received,Not Received,3.7,34,8,False,Facilities,North America,False,226.09,313.9,Paid
PO-01539,1,REQ-01539,2023-04-16,2023,2023-05-14,2023-05-14,S003,Pacific Industrial Ltd,Manufacturing,Asia Pacific,Preferred,P100,Analytics Platform,Software,Analytics,19,19,562.99,10696.81,USD,Net 60,P. Nguyen,Received,Pending,4.7,28,0,True,Sales,North America,True,534.84,344.48,Paid
PO-01540,1,REQ-01540,2026-09-15,2026,2026-10-06,2026-10-06,S001,Apex Components,Hardware,North America,Strategic,P107,Support Renewal,Services,Support,48,48,171.04,8209.92,USD,2/10 Net 30,P. Nguyen,Closed,Pending,3.1,21,0,True,Operations,Asia Pacific,True,0.0,170.72,Paid
PO-01541,1,REQ-01541,2026-09-08,2026,2026-10-06,,S001,Apex Components,Hardware,North America,Strategic,P102,Edge Gateway,Hardware,Networking,54,0,203.68,10998.72,USD,Net 60,K. Wilson,Open,Matched,3.3,28,0,False,Research,North America,False,1099.87,185.25,Scheduled
PO-01542,1,REQ-01542,2024-07-03,2024,2024-08-01,2024-07-27,S005,Meridian Logistics,Logistics,Europe,Strategic,P108,Mobile Scanner,Hardware,Devices,46,46,94.91,4365.86,USD,Net 45,T. Brown,Received,Matched,4.5,29,0,True,Operations,Asia Pacific,True,0.0,437.29,Paid
PO-01543,1,REQ-01543,2026-06-25,2026,2026-07-11,2026-07-11,S008,Cobalt Professional Services,Services,Asia Pacific,Approved,P105,Storage Array,Hardware,Storage,59,59,851.23,50222.57,USD,Net 45,D. Singh,Received,Not Received,3.0,16,0,True,Research,North America,True,2511.13,330.73,Scheduled
PO-01544,1,REQ-01544,2023-03-29,2023,2023-04-14,,S005,Meridian Logistics,Logistics,Europe,Strategic,P100,Analytics Platform,Software,Analytics,39,26,435.85,16998.15,USD,Net 45,D. Singh,In Transit,Disputed,3.1,16,0,False,Operations,North America,True,1699.82,413.47,Paid
PO-01545,1,REQ-01545,2025-03-22,2025,2025-04-07,2025-04-07,S005,Meridian Logistics,Logistics,Europe,Strategic,P100,Analytics Platform,Software,Analytics,64,64,457.35,29270.4,USD,Net 30,D. Singh,Received,Disputed,3.7,16,0,True,Operations,Europe,True,0.0,150.73,Overdue
PO-01546,1,REQ-01546,2023-01-24,2023,2023-02-24,2023-02-19,S003,Pacific Industrial Ltd,Manufacturing,Asia Pacific,Preferred,P101,Cloud Data Suite,Software,Cloud,65,65,372.83,24233.95,USD,Net 45,P. Nguyen,Received,Pending,2.8,31,0,True,Research,Asia Pacific,True,0.0,434.12,Paid
PO-01547,1,REQ-01547,2026-03-23,2026,2026-04-01,2026-04-09,S006,Vertex Office Goods,Office Supplies,Latin America,Approved,P100,Analytics Platform,Software,Analytics,29,29,547.43,15875.47,USD,Net 45,K. Wilson,Received,Not Received,4.0,9,8,False,Sales,North America,True,0.0,131.33,Paid
PO-01548,1,REQ-01548,2024-09-16,2024,2024-09-27,2024-10-05,S002,Nimbus Cloud Supply,Technology,Europe,Preferred,P107,Support Renewal,Services,Support,44,44,193.12,8497.28,USD,Net 30,P. Nguyen,Received,Matched,3.3,11,8,False,Operations,Europe,False,0.0,32.46,Paid
PO-01549,1,REQ-01549,2024-07-02,2024,2024-07-24,2024-08-01,S005,Meridian Logistics,Logistics,Europe,Strategic,P101,Cloud Data Suite,Software,Cloud,59,59,513.12,30274.08,USD,Net 45,L. Morgan,Received,Matched,3.8,22,8,False,Research,North America,True,1513.7,122.46,Scheduled
PO-01550,1,REQ-01550,2024-06-11,2024,2024-07-02,2024-07-02,S008,Cobalt Professional Services,Services,Asia Pacific,Approved,P106,Integration Services,Services,Consulting,20,20,975.22,19504.4,USD,Net 60,D. Singh,Received,Pending,3.0,21,0,True,Operations,Asia Pacific,False,1560.35,98.96,Paid
PO-01551,1,REQ-01551,2024-12-25,2024,2025-01-27,2025-01-27,S008,Cobalt Professional Services,Services,Asia Pacific,Approved,P101,Cloud Data Suite,Software,Cloud,69,69,457.55,31570.95,USD,Net 60,D. Singh,Closed,Not Received,2.9,33,0,True,Research,North America,False,2525.68,96.31,Paid
PO-01552,1,REQ-01552,2026-03-06,2026,2026-03-28,2026-03-28,S006,Vertex Office Goods,Office Supplies,Latin America,Approved,P106,Integration Services,Services,Consulting,14,14,788.18,11034.52,USD,Net 30,K. Wilson,Received,Matched,3.0,22,0,True,Sales,Asia Pacific,False,0.0,393.92,Paid
PO-01553,1,REQ-01553,2023-08-18,2023,2023-09-12,2023-09-12,S008,Cobalt Professional Services,Services,Asia Pacific,Approved,P100,Analytics Platform,Software,Analytics,32,32,502.78,16088.96,USD,Net 60,K. Wilson,Closed,Pending,4.1,25,0,True,Technology,North America,True,0.0,81.97,Paid
PO-01554,1,REQ-01554,2023-01-29,2023,2023-01-30,,S006,Vertex Office Goods,Office Supplies,Latin America,Approved,P101,Cloud Data Suite,Software,Cloud,50,2,356.34,17817.0,USD,Net 30,L. Morgan,In Transit,Pending,4.9,1,0,False,Facilities,Asia Pacific,False,1781.7,398.71,Scheduled
PO-01555,1,REQ-01555,2024-03-30,2024,2024-04-29,2024-04-29,S008,Cobalt Professional Services,Services,Asia Pacific,Approved,P103,Secure Access Kit,Hardware,Security,31,31,166.37,5157.47,USD,Net 30,D. Singh,Closed,Not Received,3.7,30,0,True,Research,Europe,True,0.0,123.59,Paid
PO-01556,1,REQ-01556,2024-10-28,2024,2024-11-13,2024-11-08,S006,Vertex Office Goods,Office Supplies,Latin America,Approved,P109,Forecasting Add-on,Software,Analytics,57,57,150.93,8603.01,USD,Net 30,K. Wilson,Received,Matched,4.4,16,0,True,Research,North America,False,430.15,209.9,Paid
PO-01557,1,REQ-01557,2026-07-07,2026,2026-08-02,2026-08-02,S001,Apex Components,Hardware,North America,Strategic,P104,Insight Pro License,Software,Licenses,12,12,95.56,1146.72,USD,Net 60,T. Brown,Received,Matched,3.7,26,0,True,Sales,Europe,True,114.67,99.08,Paid
PO-01558,1,REQ-01558,2023-02-15,2023,2023-03-14,2023-03-22,S004,Greenline Packaging,Packaging,North America,Approved,P102,Edge Gateway,Hardware,Networking,20,20,233.38,4667.6,USD,Net 60,L. Morgan,Received,Pending,3.1,27,8,False,Facilities,North America,False,373.41,131.22,Scheduled
PO-01559,1,REQ-01559,2024-06-17,2024,2024-07-20,,S003,Pacific Industrial Ltd,Manufacturing,Asia Pacific,Preferred,P108,Mobile Scanner,Hardware,Devices,58,45,119.91,6954.78,USD,Net 30,D. Singh,In Transit,Pending,4.5,33,0,False,Operations,North America,False,695.48,176.03,Scheduled
PO-01560,1,REQ-01560,2025-07-12,2025,2025-07-22,2025-07-22,S004,Greenline Packaging,Packaging,North America,Approved,P103,Secure Access Kit,Hardware,Security,54,54,132.86,7174.44,USD,Net 30,K. Wilson,Received,Matched,3.6,10,0,True,Research,North America,True,0.0,314.51,Paid
PO-01561,1,REQ-01561,2023-06-01,2023,2023-06-19,2023-06-19,S001,Apex Components,Hardware,North America,Strategic,P103,Secure Access Kit,Hardware,Security,59,59,184.09,10861.31,USD,Net 45,K. Wilson,Received,Matched,4.0,18,0,True,Research,Europe,False,868.9,218.36,Paid
PO-01562,1,REQ-01562,2025-08-13,2025,2025-08-30,2025-08-30,S003,Pacific Industrial Ltd,Manufacturing,Asia Pacific,Preferred,P104,Insight Pro License,Software,Licenses,26,26,88.42,2298.92,USD,Net 45,L. Morgan,Received,Not Received,3.9,17,0,True,Technology,North America,True,183.91,445.11,Paid
PO-01563,1,REQ-01563,2024-03-26,2024,2024-04-19,2024-04-14,S003,Pacific Industrial Ltd,Manufacturing,Asia Pacific,Preferred,P103,Secure Access Kit,Hardware,Security,7,7,193.46,1354.22,USD,Net 30,L. Morgan,Closed,Matched,2.9,24,0,True,Facilities,Asia Pacific,True,135.42,69.42,Paid
PO-01564,1,REQ-01564,2025-07-24,2025,2025-08-24,,S004,Greenline Packaging,Packaging,North America,Approved,P108,Mobile Scanner,Hardware,Devices,25,22,95.25,2381.25,USD,Net 45,K. Wilson,In Transit,Matched,3.6,31,0,False,Sales,North America,True,0.0,181.17,Paid
PO-01565,1,REQ-01565,2026-02-09,2026,2026-03-02,2026-02-25,S002,Nimbus Cloud Supply,Technology,Europe,Preferred,P109,Forecasting Add-on,Software,Analytics,22,22,221.16,4865.52,USD,Net 45,D. Singh,Received,Matched,3.8,21,0,True,Operations,Europe,True,0.0,62.21,Paid
PO-01566,1,REQ-01566,2023-08-04,2023,2023-08-22,2023-08-22,S007,Sterling Security Group,Security,North America,Preferred,P103,Secure Access Kit,Hardware,Security,65,65,120.27,7817.55,USD,2/10 Net 30,K. Wilson,Received,Matched,4.4,18,0,True,Facilities,Asia Pacific,False,781.76,160.27,Paid
PO-01567,1,REQ-01567,2024-01-27,2024,2024-02-04,2024-02-04,S003,Pacific Industrial Ltd,Manufacturing,Asia Pacific,Preferred,P102,Edge Gateway,Hardware,Networking,46,46,160.65,7389.9,USD,2/10 Net 30,T. Brown,Closed,Matched,4.1,8,0,True,Technology,Europe,False,738.99,449.29,Paid
PO-01568,1,REQ-01568,2023-04-20,2023,2023-05-29,2023-06-06,S001,Apex Components,Hardware,North America,Strategic,P108,Mobile Scanner,Hardware,Devices,30,30,121.72,3651.6,USD,Net 30,L. Morgan,Received,Pending,4.4,39,8,False,Facilities,North America,False,292.13,205.0,Overdue
PO-01569,1,REQ-01569,2026-04-24,2026,2026-05-17,2026-05-25,S007,Sterling Security Group,Security,North America,Preferred,P108,Mobile Scanner,Hardware,Devices,18,18,84.47,1520.46,USD,2/10 Net 30,D. Singh,Received,Not Received,3.0,23,8,False,Sales,Asia Pacific,False,152.05,181.21,Paid
PO-01570,1,REQ-01570,2024-11-23,2024,2024-11-26,,S003,Pacific Industrial Ltd,Manufacturing,Asia Pacific,Preferred,P102,Edge Gateway,Hardware,Networking,35,7,162.9,5701.5,USD,Net 60,T. Brown,In Transit,Pending,4.8,3,0,False,Operations,Europe,True,285.07,169.6,Paid
PO-01571,1,REQ-01571,2025-10-23,2025,2025-11-28,2025-11-28,S005,Meridian Logistics,Logistics,Europe,Strategic,P102,Edge Gateway,Hardware,Networking,60,60,164.09,9845.4,USD,Net 60,L. Morgan,Received,Not Received,4.6,36,0,True,Operations,Asia Pacific,True,0.0,26.75,Overdue
PO-01572,1,REQ-01572,2023-05-18,2023,2023-06-17,,S008,Cobalt Professional Services,Services,Asia Pacific,Approved,P100,Analytics Platform,Software,Analytics,52,0,371.4,19312.8,USD,2/10 Net 30,K. Wilson,Open,Matched,4.0,30,0,False,Research,Europe,True,1545.02,24.88,Paid
PO-01573,1,REQ-01573,2025-06-03,2025,2025-06-14,2025-06-14,S003,Pacific Industrial Ltd,Manufacturing,Asia Pacific,Preferred,P109,Forecasting Add-on,Software,Analytics,23,23,194.37,4470.51,USD,Net 60,L. Morgan,Received,Not Received,3.0,11,0,True,Technology,Asia Pacific,False,357.64,8.26,Paid
PO-01574,1,REQ-01574,2023-06-30,2023,2023-07-16,2023-07-16,S007,Sterling Security Group,Security,North America,Preferred,P101,Cloud Data Suite,Software,Cloud,38,38,322.4,12251.2,USD,2/10 Net 30,T. Brown,Closed,Pending,3.3,16,0,True,Technology,North America,True,980.1,97.93,Paid
PO-01575,1,REQ-01575,2026-04-19,2026,2026-05-05,2026-05-08,S004,Greenline Packaging,Packaging,North America,Approved,P103,Secure Access Kit,Hardware,Security,47,47,161.52,7591.44,USD,2/10 Net 30,P. Nguyen,Received,Matched,3.1,16,3,False,Technology,Asia Pacific,True,607.32,39.62,Paid
PO-01576,1,REQ-01576,2026-04-17,2026,2026-05-06,,S008,Cobalt Professional Services,Services,Asia Pacific,Approved,P101,Cloud Data Suite,Software,Cloud,27,0,396.78,10713.06,USD,Net 60,P. Nguyen,Open,Not Received,3.5,19,0,False,Operations,Europe,False,535.65,401.87,Scheduled
PO-01577,1,REQ-01577,2025-07-04,2025,2025-07-30,2025-08-07,S002,Nimbus Cloud Supply,Technology,Europe,Preferred,P108,Mobile Scanner,Hardware,Devices,13,13,135.87,1766.31,USD,Net 60,P. Nguyen,Received,Matched,4.2,26,8,False,Facilities,Asia Pacific,True,0.0,180.88,Scheduled
PO-01578,1,REQ-01578,2023-01-30,2023,2023-03-15,,S002,Nimbus Cloud Supply,Technology,Europe,Preferred,P100,Analytics Platform,Software,Analytics,41,0,573.3,23505.3,USD,2/10 Net 30,D. Singh,Open,Matched,4.4,44,0,False,Research,Asia Pacific,True,1175.27,11.65,Scheduled
PO-01579,1,REQ-01579,2025-09-30,2025,2025-10-29,,S004,Greenline Packaging,Packaging,North America,Approved,P102,Edge Gateway,Hardware,Networking,45,0,214.41,9648.45,USD,2/10 Net 30,L. Morgan,Open,Pending,4.8,29,0,False,Facilities,Asia Pacific,False,0.0,77.59,Paid
PO-01580,1,REQ-01580,2023-04-27,2023,2023-05-17,,S001,Apex Components,Hardware,North America,Strategic,P107,Support Renewal,Services,Support,57,0,171.75,9789.75,USD,2/10 Net 30,L. Morgan,Cancelled,Matched,4.6,20,0,False,Sales,Asia Pacific,True,0.0,372.75,Scheduled
PO-01581,1,REQ-01581,2025-05-17,2025,2025-06-15,,S006,Vertex Office Goods,Office Supplies,Latin America,Approved,P108,Mobile Scanner,Hardware,Devices,24,0,75.18,1804.32,USD,Net 30,L. Morgan,Open,Pending,2.9,29,0,False,Sales,Asia Pacific,True,144.35,60.37,Paid
PO-01582,1,REQ-01582,2023-10-14,2023,2023-11-08,,S002,Nimbus Cloud Supply,Technology,Europe,Preferred,P108,Mobile Scanner,Hardware,Devices,19,17,93.19,1770.61,USD,Net 30,K. Wilson,In Transit,Disputed,3.9,25,0,False,Operations,Europe,True,177.06,219.63,Paid
PO-01583,1,REQ-01583,2026-05-19,2026,2026-06-15,2026-06-15,S001,Apex Components,Hardware,North America,Strategic,P100,Analytics Platform,Software,Analytics,6,6,458.77,2752.62,USD,Net 45,L. Morgan,Received,Not Received,3.9,27,0,True,Operations,North America,True,0.0,185.79,Paid
PO-01584,1,REQ-01584,2026-01-30,2026,2026-02-25,,S006,Vertex Office Goods,Office Supplies,Latin America,Approved,P108,Mobile Scanner,Hardware,Devices,13,0,122.83,1596.79,USD,Net 30,T. Brown,Open,Matched,4.9,26,0,False,Operations,North America,False,79.84,399.79,Scheduled
PO-01585,1,REQ-01585,2023-01-11,2023,2023-01-27,2023-01-27,S008,Cobalt Professional Services,Services,Asia Pacific,Approved,P104,Insight Pro License,Software,Licenses,69,69,77.09,5319.21,USD,2/10 Net 30,D. Singh,Received,Matched,4.8,16,0,True,Sales,North America,False,531.92,270.27,Scheduled
PO-01586,1,REQ-01586,2023-09-09,2023,2023-09-30,,S002,Nimbus Cloud Supply,Technology,Europe,Preferred,P105,Storage Array,Hardware,Storage,69,0,578.86,39941.34,USD,2/10 Net 30,L. Morgan,Open,Not Received,4.7,21,0,False,Operations,North America,False,3994.13,427.65,Paid
PO-01587,1,REQ-01587,2026-09-30,2026,2026-11-05,,S004,Greenline Packaging,Packaging,North America,Approved,P101,Cloud Data Suite,Software,Cloud,58,0,322.96,18731.68,USD,2/10 Net 30,L. Morgan,Open,Matched,3.4,36,0,False,Research,Europe,True,1873.17,192.21,Paid
PO-01588,1,REQ-01588,2025-03-11,2025,2025-03-23,2025-04-07,S002,Nimbus Cloud Supply,Technology,Europe,Preferred,P107,Support Renewal,Services,Support,48,48,233.7,11217.6,USD,Net 60,K. Wilson,Received,Matched,4.5,12,15,False,Technology,Asia Pacific,True,1121.76,52.78,Scheduled
PO-01589,1,REQ-01589,2023-04-18,2023,2023-04-30,,S008,Cobalt Professional Services,Services,Asia Pacific,Approved,P103,Secure Access Kit,Hardware,Security,58,40,135.17,7839.86,USD,2/10 Net 30,K. Wilson,In Transit,Matched,4.3,12,0,False,Facilities,Europe,True,0.0,38.52,Paid
PO-01590,1,REQ-01590,2023-07-14,2023,2023-08-09,,S001,Apex Components,Hardware,North America,Strategic,P108,Mobile Scanner,Hardware,Devices,65,0,84.28,5478.2,USD,Net 45,K. Wilson,Open,Pending,4.5,26,0,False,Sales,Europe,False,0.0,79.16,Paid
PO-01591,1,REQ-01591,2026-06-11,2026,2026-06-29,2026-06-24,S001,Apex Components,Hardware,North America,Strategic,P108,Mobile Scanner,Hardware,Devices,27,27,86.38,2332.26,USD,Net 45,T. Brown,Received,Pending,3.3,18,0,True,Operations,Europe,False,116.61,47.91,Overdue
PO-01592,1,REQ-01592,2023-02-21,2023,2023-03-14,2023-03-14,S005,Meridian Logistics,Logistics,Europe,Strategic,P101,Cloud Data Suite,Software,Cloud,44,44,326.22,14353.68,USD,Net 30,D. Singh,Received,Pending,4.9,21,0,True,Research,Europe,True,1148.29,391.29,Paid
PO-01593,1,REQ-01593,2025-08-07,2025,2025-09-05,2025-09-05,S001,Apex Components,Hardware,North America,Strategic,P104,Insight Pro License,Software,Licenses,66,66,95.35,6293.1,USD,Net 60,L. Morgan,Received,Matched,2.8,29,0,True,Technology,Asia Pacific,True,629.31,64.97,Scheduled
PO-01594,1,REQ-01594,2026-08-07,2026,2026-08-26,2026-08-26,S002,Nimbus Cloud Supply,Technology,Europe,Preferred,P106,Integration Services,Services,Consulting,9,9,721.48,6493.32,USD,2/10 Net 30,T. Brown,Received,Pending,4.2,19,0,True,Sales,North America,True,519.47,362.36,Paid
PO-01595,1,REQ-01595,2026-06-11,2026,2026-07-15,2026-07-15,S005,Meridian Logistics,Logistics,Europe,Strategic,P104,Insight Pro License,Software,Licenses,32,32,120.85,3867.2,USD,Net 60,D. Singh,Received,Matched,4.7,34,0,True,Technology,Europe,True,193.36,191.56,Scheduled
PO-01596,1,REQ-01596,2023-05-09,2023,2023-06-03,,S006,Vertex Office Goods,Office Supplies,Latin America,Approved,P108,Mobile Scanner,Hardware,Devices,54,54,76.05,4106.7,USD,Net 30,K. Wilson,In Transit,Matched,4.9,25,0,False,Operations,North America,True,410.67,36.06,Paid
PO-01597,1,REQ-01597,2025-12-20,2025,2026-01-16,2026-01-16,S004,Greenline Packaging,Packaging,North America,Approved,P109,Forecasting Add-on,Software,Analytics,39,39,232.78,9078.42,USD,Net 60,K. Wilson,Received,Not Received,2.8,27,0,True,Operations,Europe,True,453.92,176.89,Paid
PO-01598,1,REQ-01598,2026-05-05,2026,2026-05-25,2026-05-25,S006,Vertex Office Goods,Office Supplies,Latin America,Approved,P107,Support Renewal,Services,Support,45,45,208.42,9378.9,USD,Net 60,D. Singh,Closed,Not Received,3.6,20,0,True,Operations,Europe,False,937.89,269.07,Paid
PO-01599,1,REQ-01599,2026-05-17,2026,2026-06-07,2026-06-22,S001,Apex Components,Hardware,North America,Strategic,P100,Analytics Platform,Software,Analytics,62,62,565.23,35044.26,USD,Net 30,K. Wilson,Received,Pending,4.2,21,15,False,Sales,Asia Pacific,True,1752.21,29.08,Paid
PO-01600,1,REQ-01600,2023-04-20,2023,2023-05-29,2023-06-01,S002,Nimbus Cloud Supply,Technology,Europe,Preferred,P106,Integration Services,Services,Consulting,55,55,686.72,37769.6,USD,2/10 Net 30,L. Morgan,Received,Matched,3.1,39,3,False,Sales,North America,True,3776.96,299.99,Scheduled
PO-01601,1,REQ-01601,2023-04-10,2023,2023-05-06,2023-05-01,S001,Apex Components,Hardware,North America,Strategic,P100,Analytics Platform,Software,Analytics,7,7,661.62,4631.34,USD,Net 60,L. Morgan,Received,Disputed,4.9,26,0,True,Research,North America,True,0.0,182.91,Overdue
PO-01602,1,REQ-01602,2024-06-04,2024,2024-07-07,,S005,Meridian Logistics,Logistics,Europe,Strategic,P108,Mobile Scanner,Hardware,Devices,30,0,81.94,2458.2,USD,Net 30,L. Morgan,Open,Not Received,3.0,33,0,False,Facilities,Asia Pacific,False,122.91,120.81,Overdue
PO-01603,1,REQ-01603,2026-04-10,2026,2026-05-17,2026-05-25,S007,Sterling Security Group,Security,North America,Preferred,P101,Cloud Data Suite,Software,Cloud,51,51,363.69,18548.19,USD,Net 30,T. Brown,Received,Not Received,4.4,37,8,False,Research,Europe,True,1854.82,118.13,Paid
PO-01604,1,REQ-01604,2023-11-20,2023,2023-12-29,2023-12-29,S007,Sterling Security Group,Security,North America,Preferred,P108,Mobile Scanner,Hardware,Devices,46,46,86.01,3956.46,USD,Net 30,L. Morgan,Received,Not Received,3.1,39,0,True,Operations,North America,True,316.52,54.26,Paid
PO-01605,1,REQ-01605,2024-04-30,2024,2024-05-12,,S007,Sterling Security Group,Security,North America,Preferred,P105,Storage Array,Hardware,Storage,49,0,664.12,32541.88,USD,Net 60,P. Nguyen,Open,Matched,3.4,12,0,False,Research,Europe,True,1627.09,352.33,Paid
PO-01606,1,REQ-01606,2023-06-02,2023,2023-06-05,2023-06-05,S004,Greenline Packaging,Packaging,North America,Approved,P109,Forecasting Add-on,Software,Analytics,49,49,171.07,8382.43,USD,Net 60,L. Morgan,Received,Matched,4.5,3,0,True,Research,North America,False,0.0,204.79,Paid
PO-01607,1,REQ-01607,2025-01-19,2025,2025-01-30,,S008,Cobalt Professional Services,Services,Asia Pacific,Approved,P102,Edge Gateway,Hardware,Networking,56,0,292.5,16380.0,USD,2/10 Net 30,L. Morgan,Open,Matched,3.9,11,0,False,Sales,Europe,True,1638.0,248.28,Paid
PO-01608,1,REQ-01608,2023-09-21,2023,2023-10-02,2023-09-27,S006,Vertex Office Goods,Office Supplies,Latin America,Approved,P102,Edge Gateway,Hardware,Networking,46,46,235.43,10829.78,USD,2/10 Net 30,K. Wilson,Received,Matched,3.1,11,0,True,Facilities,Europe,True,866.38,429.75,Paid
PO-01609,1,REQ-01609,2023-01-02,2023,2023-01-29,2023-01-29,S001,Apex Components,Hardware,North America,Strategic,P102,Edge Gateway,Hardware,Networking,15,15,272.81,4092.15,USD,Net 60,D. Singh,Received,Not Received,3.2,27,0,True,Sales,North America,True,327.37,260.68,Scheduled
PO-01610,1,REQ-01610,2025-06-05,2025,2025-07-01,2025-07-01,S007,Sterling Security Group,Security,North America,Preferred,P107,Support Renewal,Services,Support,49,49,159.11,7796.39,USD,2/10 Net 30,P. Nguyen,Closed,Matched,4.0,26,0,True,Sales,Europe,False,389.82,306.7,Scheduled
PO-01611,1,REQ-01611,2025-08-24,2025,2025-09-14,2025-09-14,S002,Nimbus Cloud Supply,Technology,Europe,Preferred,P104,Insight Pro License,Software,Licenses,51,51,122.12,6228.12,USD,Net 30,K. Wilson,Received,Matched,3.7,21,0,True,Facilities,North America,False,0.0,111.94,Paid
PO-01612,1,REQ-01612,2025-05-16,2025,2025-05-29,2025-05-24,S002,Nimbus Cloud Supply,Technology,Europe,Preferred,P105,Storage Array,Hardware,Storage,29,29,619.14,17955.06,USD,Net 45,P. Nguyen,Received,Matched,4.0,13,0,True,Facilities,North America,True,897.75,201.0,Paid
PO-01613,1,REQ-01613,2026-06-24,2026,2026-07-29,2026-08-13,S005,Meridian Logistics,Logistics,Europe,Strategic,P102,Edge Gateway,Hardware,Networking,60,60,265.06,15903.6,USD,2/10 Net 30,L. Morgan,Received,Matched,3.7,35,15,False,Operations,Europe,True,795.18,330.88,Paid
PO-01614,1,REQ-01614,2026-07-24,2026,2026-08-24,2026-09-01,S001,Apex Components,Hardware,North America,Strategic,P104,Insight Pro License,Software,Licenses,14,14,107.3,1502.2,USD,2/10 Net 30,T. Brown,Received,Pending,4.1,31,8,False,Operations,North America,False,0.0,8.39,Overdue
PO-01615,1,REQ-01615,2024-02-10,2024,2024-03-07,2024-03-15,S007,Sterling Security Group,Security,North America,Preferred,P109,Forecasting Add-on,Software,Analytics,67,67,139.98,9378.66,USD,2/10 Net 30,D. Singh,Received,Pending,4.1,26,8,False,Technology,Asia Pacific,False,750.29,32.23,Paid
PO-01616,1,REQ-01616,2023-11-25,2023,2023-12-22,2023-12-30,S006,Vertex Office Goods,Office Supplies,Latin America,Approved,P106,Integration Services,Services,Consulting,27,27,898.71,24265.17,USD,2/10 Net 30,L. Morgan,Closed,Pending,3.7,27,8,False,Sales,Europe,True,2426.52,376.14,Overdue
PO-01617,1,REQ-01617,2023-06-13,2023,2023-07-16,2023-07-19,S004,Greenline Packaging,Packaging,North America,Approved,P102,Edge Gateway,Hardware,Networking,57,57,271.74,15489.18,USD,2/10 Net 30,K. Wilson,Received,Matched,4.0,33,3,False,Technology,Europe,False,1239.13,243.67,Paid
PO-01618,1,REQ-01618,2025-02-27,2025,2025-03-26,,S002,Nimbus Cloud Supply,Technology,Europe,Preferred,P107,Support Renewal,Services,Support,47,36,174.65,8208.55,USD,Net 30,D. Singh,In Transit,Matched,3.0,27,0,False,Technology,Asia Pacific,True,820.86,75.34,Paid
PO-01619,1,REQ-01619,2024-11-13,2024,2024-12-05,2024-12-05,S005,Meridian Logistics,Logistics,Europe,Strategic,P104,Insight Pro License,Software,Licenses,29,29,102.82,2981.78,USD,Net 60,D. Singh,Closed,Pending,3.2,22,0,True,Facilities,Europe,False,298.18,8.1,Paid
PO-01620,1,REQ-01620,2023-10-06,2023,2023-11-07,2023-11-10,S006,Vertex Office Goods,Office Supplies,Latin America,Approved,P106,Integration Services,Services,Consulting,61,61,933.86,56965.46,USD,Net 30,K. Wilson,Received,Pending,3.4,32,3,False,Operations,Europe,True,2848.27,44.91,Paid
PO-01621,1,REQ-01621,2024-06-30,2024,2024-07-30,2024-07-30,S007,Sterling Security Group,Security,North America,Preferred,P104,Insight Pro License,Software,Licenses,10,10,112.21,1122.1,USD,2/10 Net 30,T. Brown,Closed,Matched,2.8,30,0,True,Facilities,Asia Pacific,False,0.0,382.55,Paid
PO-01622,1,REQ-01622,2023-03-26,2023,2023-04-04,2023-04-07,S001,Apex Components,Hardware,North America,Strategic,P106,Integration Services,Services,Consulting,9,9,953.09,8577.81,USD,Net 30,L. Morgan,Received,Not Received,3.4,9,3,False,Technology,Europe,True,0.0,121.86,Paid
PO-01623,1,REQ-01623,2026-05-06,2026,2026-06-08,2026-06-08,S004,Greenline Packaging,Packaging,North America,Approved,P105,Storage Array,Hardware,Storage,52,52,491.88,25577.76,USD,Net 30,K. Wilson,Received,Matched,5.0,33,0,True,Sales,Asia Pacific,True,2557.78,284.81,Paid
PO-01624,1,REQ-01624,2025-08-13,2025,2025-09-06,2025-09-06,S001,Apex Components,Hardware,North America,Strategic,P103,Secure Access Kit,Hardware,Security,58,58,151.22,8770.76,USD,Net 30,T. Brown,Received,Not Received,4.9,24,0,True,Facilities,Europe,False,877.08,225.69,Scheduled
PO-01625,1,REQ-01625,2025-07-26,2025,2025-08-13,2025-08-21,S001,Apex Components,Hardware,North America,Strategic,P103,Secure Access Kit,Hardware,Security,51,51,110.0,5610.0,USD,Net 45,D. Singh,Received,Not Received,4.7,18,8,False,Sales,Asia Pacific,True,0.0,146.44,Paid
PO-01626,1,REQ-01626,2024-10-18,2024,2024-11-28,2024-12-01,S006,Vertex Office Goods,Office Supplies,Latin America,Approved,P109,Forecasting Add-on,Software,Analytics,49,49,189.81,9300.69,USD,Net 30,T. Brown,Received,Pending,4.6,41,3,False,Technology,North America,True,744.06,410.57,Scheduled
PO-01627,1,REQ-01627,2025-11-11,2025,2025-11-25,,S005,Meridian Logistics,Logistics,Europe,Strategic,P101,Cloud Data Suite,Software,Cloud,59,0,460.84,27189.56,USD,2/10 Net 30,L. Morgan,Cancelled,Matched,3.5,14,0,False,Research,North America,False,2175.16,186.95,Paid
PO-01628,1,REQ-01628,2026-08-04,2026,2026-08-20,2026-08-28,S002,Nimbus Cloud Supply,Technology,Europe,Preferred,P100,Analytics Platform,Software,Analytics,30,30,383.58,11507.4,USD,Net 45,D. Singh,Received,Disputed,3.3,16,8,False,Operations,Europe,True,0.0,194.7,Paid
PO-01629,1,REQ-01629,2023-01-17,2023,2023-02-17,,S006,Vertex Office Goods,Office Supplies,Latin America,Approved,P104,Insight Pro License,Software,Licenses,61,0,80.89,4934.29,USD,Net 30,K. Wilson,Open,Matched,4.0,31,0,False,Sales,Europe,True,394.74,159.37,Paid
PO-01630,1,REQ-01630,2026-05-14,2026,2026-06-12,2026-06-27,S001,Apex Components,Hardware,North America,Strategic,P109,Forecasting Add-on,Software,Analytics,68,68,231.48,15740.64,USD,2/10 Net 30,P. Nguyen,Received,Pending,3.9,29,15,False,Research,Asia Pacific,True,1259.25,379.8,Scheduled
PO-01631,1,REQ-01631,2026-06-24,2026,2026-07-19,2026-07-19,S007,Sterling Security Group,Security,North America,Preferred,P102,Edge Gateway,Hardware,Networking,23,23,201.09,4625.07,USD,Net 45,P. Nguyen,Received,Matched,3.6,25,0,True,Sales,Asia Pacific,False,231.25,321.54,Paid
PO-01632,1,REQ-01632,2026-05-09,2026,2026-06-01,,S001,Apex Components,Hardware,North America,Strategic,P108,Mobile Scanner,Hardware,Devices,59,46,76.66,4522.94,USD,Net 60,P. Nguyen,In Transit,Pending,4.2,23,0,False,Research,North America,True,226.15,106.75,Scheduled
PO-01633,1,REQ-01633,2024-03-16,2024,2024-04-07,2024-04-02,S007,Sterling Security Group,Security,North America,Preferred,P105,Storage Array,Hardware,Storage,39,39,814.49,31765.11,USD,Net 60,P. Nguyen,Received,Matched,4.3,22,0,True,Operations,Asia Pacific,False,0.0,37.49,Paid
PO-01634,1,REQ-01634,2024-05-20,2024,2024-06-17,2024-06-20,S003,Pacific Industrial Ltd,Manufacturing,Asia Pacific,Preferred,P104,Insight Pro License,Software,Licenses,55,55,90.38,4970.9,USD,Net 60,L. Morgan,Received,Pending,4.2,28,3,False,Operations,North America,False,0.0,380.69,Paid
PO-01635,1,REQ-01635,2024-12-17,2024,2025-01-06,2025-01-09,S003,Pacific Industrial Ltd,Manufacturing,Asia Pacific,Preferred,P103,Secure Access Kit,Hardware,Security,67,67,110.15,7380.05,USD,Net 45,T. Brown,Received,Matched,4.4,20,3,False,Research,Asia Pacific,False,369.0,176.58,Paid
PO-01636,1,REQ-01636,2025-02-16,2025,2025-03-21,,S002,Nimbus Cloud Supply,Technology,Europe,Preferred,P103,Secure Access Kit,Hardware,Security,43,25,178.67,7682.81,USD,Net 45,D. Singh,In Transit,Pending,5.0,33,0,False,Research,Europe,False,0.0,378.64,Scheduled
PO-01637,1,REQ-01637,2023-11-15,2023,2023-12-05,2023-11-30,S001,Apex Components,Hardware,North America,Strategic,P105,Storage Array,Hardware,Storage,37,37,519.6,19225.2,USD,Net 30,K. Wilson,Received,Pending,4.4,20,0,True,Facilities,Asia Pacific,True,0.0,206.38,Paid
PO-01638,1,REQ-01638,2024-07-31,2024,2024-08-14,2024-08-17,S007,Sterling Security Group,Security,North America,Preferred,P106,Integration Services,Services,Consulting,63,63,910.45,57358.35,USD,2/10 Net 30,T. Brown,Received,Matched,3.5,14,3,False,Technology,North America,False,2867.92,361.04,Paid
PO-01639,1,REQ-01639,2025-06-25,2025,2025-08-01,,S006,Vertex Office Goods,Office Supplies,Latin America,Approved,P105,Storage Array,Hardware,Storage,19,3,525.81,9990.39,USD,2/10 Net 30,D. Singh,In Transit,Matched,2.9,37,0,False,Sales,Asia Pacific,False,499.52,84.61,Scheduled
PO-01640,1,REQ-01640,2026-03-25,2026,2026-04-22,2026-04-22,S005,Meridian Logistics,Logistics,Europe,Strategic,P105,Storage Array,Hardware,Storage,8,8,519.35,4154.8,USD,Net 30,L. Morgan,Closed,Matched,3.2,28,0,True,Sales,Asia Pacific,True,332.38,276.19,Scheduled
PO-01641,1,REQ-01641,2025-05-18,2025,2025-06-14,,S005,Meridian Logistics,Logistics,Europe,Strategic,P104,Insight Pro License,Software,Licenses,19,0,95.12,1807.28,USD,Net 45,L. Morgan,Cancelled,Pending,4.4,27,0,False,Research,Europe,True,90.36,275.9,Paid
PO-01642,1,REQ-01642,2026-10-01,2026,2026-10-31,,S003,Pacific Industrial Ltd,Manufacturing,Asia Pacific,Preferred,P108,Mobile Scanner,Hardware,Devices,36,35,115.32,4151.52,USD,Net 60,D. Singh,In Transit,Matched,4.3,30,0,False,Sales,Asia Pacific,True,332.12,31.03,Paid
PO-01643,1,REQ-01643,2023-07-10,2023,2023-07-23,2023-07-18,S006,Vertex Office Goods,Office Supplies,Latin America,Approved,P107,Support Renewal,Services,Support,9,9,152.46,1372.14,USD,Net 60,L. Morgan,Received,Matched,2.8,13,0,True,Operations,North America,True,137.21,203.37,Paid
PO-01644,1,REQ-01644,2024-10-04,2024,2024-10-24,,S001,Apex Components,Hardware,North America,Strategic,P108,Mobile Scanner,Hardware,Devices,61,39,121.85,7432.85,USD,Net 60,P. Nguyen,In Transit,Matched,4.4,20,0,False,Operations,Europe,True,743.29,67.81,Paid
PO-01645,1,REQ-01645,2025-03-12,2025,2025-04-10,,S008,Cobalt Professional Services,Services,Asia Pacific,Approved,P107,Support Renewal,Services,Support,41,0,234.0,9594.0,USD,Net 60,L. Morgan,Cancelled,Not Received,4.3,29,0,False,Operations,North America,True,479.7,172.24,Paid
PO-01646,1,REQ-01646,2023-07-29,2023,2023-08-14,2023-08-17,S003,Pacific Industrial Ltd,Manufacturing,Asia Pacific,Preferred,P102,Edge Gateway,Hardware,Networking,32,32,227.95,7294.4,USD,2/10 Net 30,L. Morgan,Received,Matched,4.8,16,3,False,Research,Europe,True,583.55,424.28,Paid
PO-01647,1,REQ-01647,2026-01-24,2026,2026-01-26,,S007,Sterling Security Group,Security,North America,Preferred,P108,Mobile Scanner,Hardware,Devices,37,5,107.35,3971.95,USD,Net 60,D. Singh,In Transit,Matched,4.9,2,0,False,Technology,Europe,True,0.0,30.54,Paid
PO-01648,1,REQ-01648,2026-06-03,2026,2026-06-21,2026-06-21,S007,Sterling Security Group,Security,North America,Preferred,P109,Forecasting Add-on,Software,Analytics,55,55,207.68,11422.4,USD,Net 45,L. Morgan,Received,Pending,4.4,18,0,True,Operations,Europe,False,1142.24,216.61,Paid
PO-01649,1,REQ-01649,2024-05-25,2024,2024-06-23,,S006,Vertex Office Goods,Office Supplies,Latin America,Approved,P107,Support Renewal,Services,Support,10,0,162.64,1626.4,USD,Net 45,P. Nguyen,Open,Matched,4.8,29,0,False,Technology,Asia Pacific,True,0.0,299.48,Scheduled
PO-01650,1,REQ-01650,2023-05-29,2023,2023-06-03,,S008,Cobalt Professional Services,Services,Asia Pacific,Approved,P103,Secure Access Kit,Hardware,Security,35,5,175.63,6147.05,USD,2/10 Net 30,P. Nguyen,In Transit,Not Received,3.4,5,0,False,Technology,Asia Pacific,True,307.35,166.14,Scheduled
PO-01651,1,REQ-01651,2024-08-13,2024,2024-09-12,2024-09-20,S007,Sterling Security Group,Security,North America,Preferred,P104,Insight Pro License,Software,Licenses,20,20,120.37,2407.4,USD,Net 30,T. Brown,Received,Pending,5.0,30,8,False,Technology,Europe,True,192.59,412.17,Paid
PO-01652,1,REQ-01652,2024-07-14,2024,2024-08-21,2024-08-21,S002,Nimbus Cloud Supply,Technology,Europe,Preferred,P106,Integration Services,Services,Consulting,63,63,684.95,43151.85,USD,Net 30,K. Wilson,Received,Pending,3.5,38,0,True,Sales,North America,True,0.0,267.97,Scheduled
PO-01653,1,REQ-01653,2023-05-15,2023,2023-06-03,,S003,Pacific Industrial Ltd,Manufacturing,Asia Pacific,Preferred,P102,Edge Gateway,Hardware,Networking,63,62,282.39,17790.57,USD,Net 45,D. Singh,In Transit,Pending,4.4,19,0,False,Technology,North America,True,0.0,286.72,Paid
PO-01654,1,REQ-01654,2025-02-19,2025,2025-03-17,,S004,Greenline Packaging,Packaging,North America,Approved,P106,Integration Services,Services,Consulting,23,0,647.59,14894.57,USD,Net 60,T. Brown,Open,Matched,4.4,26,0,False,Sales,Europe,True,744.73,158.52,Scheduled
PO-01655,1,REQ-01655,2026-09-04,2026,2026-09-18,2026-09-13,S005,Meridian Logistics,Logistics,Europe,Strategic,P105,Storage Array,Hardware,Storage,51,51,558.78,28497.78,USD,2/10 Net 30,K. Wilson,Received,Matched,4.2,14,0,True,Technology,Europe,False,1424.89,126.26,Scheduled
PO-01656,1,REQ-01656,2025-06-11,2025,2025-06-25,,S002,Nimbus Cloud Supply,Technology,Europe,Preferred,P103,Secure Access Kit,Hardware,Security,56,1,184.83,10350.48,USD,Net 45,K. Wilson,In Transit,Not Received,2.8,14,0,False,Technology,Europe,True,517.52,419.89,Paid
PO-01657,1,REQ-01657,2024-01-30,2024,2024-03-05,2024-03-13,S002,Nimbus Cloud Supply,Technology,Europe,Preferred,P103,Secure Access Kit,Hardware,Security,57,57,136.77,7795.89,USD,Net 30,L. Morgan,Received,Pending,2.9,35,8,False,Technology,Europe,False,779.59,255.51,Paid
PO-01658,1,REQ-01658,2026-06-08,2026,2026-07-06,,S007,Sterling Security Group,Security,North America,Preferred,P106,Integration Services,Services,Consulting,42,9,1043.17,43813.14,USD,2/10 Net 30,K. Wilson,In Transit,Matched,3.5,28,0,False,Research,Asia Pacific,True,3505.05,203.53,Paid
PO-01659,1,REQ-01659,2026-03-09,2026,2026-03-21,2026-03-24,S003,Pacific Industrial Ltd,Manufacturing,Asia Pacific,Preferred,P107,Support Renewal,Services,Support,15,15,198.41,2976.15,USD,Net 30,T. Brown,Received,Matched,3.2,12,3,False,Technology,Europe,True,297.62,85.16,Paid
PO-01660,1,REQ-01660,2024-04-23,2024,2024-05-01,2024-05-01,S004,Greenline Packaging,Packaging,North America,Approved,P105,Storage Array,Hardware,Storage,45,45,656.85,29558.25,USD,2/10 Net 30,T. Brown,Received,Matched,4.2,8,0,True,Facilities,Asia Pacific,True,2364.66,120.26,Scheduled
PO-01661,1,REQ-01661,2023-02-06,2023,2023-02-18,2023-02-18,S001,Apex Components,Hardware,North America,Strategic,P104,Insight Pro License,Software,Licenses,46,46,80.4,3698.4,USD,2/10 Net 30,D. Singh,Received,Matched,3.5,12,0,True,Technology,Asia Pacific,True,0.0,286.7,Scheduled
PO-01662,1,REQ-01662,2026-03-21,2026,2026-04-04,,S004,Greenline Packaging,Packaging,North America,Approved,P103,Secure Access Kit,Hardware,Security,18,0,123.68,2226.24,USD,2/10 Net 30,D. Singh,Open,Matched,4.1,14,0,False,Operations,Asia Pacific,True,222.62,332.5,Paid
PO-01663,1,REQ-01663,2024-01-13,2024,2024-01-31,2024-01-31,S001,Apex Components,Hardware,North America,Strategic,P109,Forecasting Add-on,Software,Analytics,55,55,147.5,8112.5,USD,Net 45,D. Singh,Received,Matched,4.7,18,0,True,Facilities,Europe,False,811.25,380.17,Paid
PO-01664,1,REQ-01664,2025-01-22,2025,2025-02-22,2025-03-02,S008,Cobalt Professional Services,Services,Asia Pacific,Approved,P104,Insight Pro License,Software,Licenses,69,69,108.48,7485.12,USD,2/10 Net 30,D. Singh,Received,Pending,4.9,31,8,False,Research,Asia Pacific,True,598.81,186.88,Paid
PO-01665,1,REQ-01665,2025-06-30,2025,2025-08-03,2025-08-18,S007,Sterling Security Group,Security,North America,Preferred,P105,Storage Array,Hardware,Storage,52,52,605.98,31510.96,USD,Net 30,K. Wilson,Received,Matched,5.0,34,15,False,Research,Asia Pacific,True,0.0,339.09,Paid
PO-01666,1,REQ-01666,2024-08-06,2024,2024-08-11,2024-08-14,S005,Meridian Logistics,Logistics,Europe,Strategic,P109,Forecasting Add-on,Software,Analytics,43,43,187.8,8075.4,USD,Net 30,T. Brown,Received,Matched,5.0,5,3,False,Technology,North America,True,0.0,440.45,Paid
PO-01667,1,REQ-01667,2023-07-22,2023,2023-07-26,2023-08-03,S006,Vertex Office Goods,Office Supplies,Latin America,Approved,P103,Secure Access Kit,Hardware,Security,69,69,185.26,12782.94,USD,Net 30,K. Wilson,Received,Not Received,3.7,4,8,False,Operations,Asia Pacific,True,639.15,430.36,Paid
PO-01668,1,REQ-01668,2023-09-15,2023,2023-10-05,,S008,Cobalt Professional Services,Services,Asia Pacific,Approved,P107,Support Renewal,Services,Support,10,0,205.89,2058.9,USD,Net 45,L. Morgan,Open,Matched,3.3,20,0,False,Research,Europe,True,164.71,316.52,Paid
PO-01669,1,REQ-01669,2026-08-20,2026,2026-09-14,2026-09-14,S006,Vertex Office Goods,Office Supplies,Latin America,Approved,P101,Cloud Data Suite,Software,Cloud,67,67,512.59,34343.53,USD,Net 30,K. Wilson,Received,Disputed,3.3,25,0,True,Research,Europe,True,0.0,342.75,Paid
PO-01670,1,REQ-01670,2025-03-28,2025,2025-04-13,2025-04-08,S008,Cobalt Professional Services,Services,Asia Pacific,Approved,P106,Integration Services,Services,Consulting,36,36,997.92,35925.12,USD,Net 45,K. Wilson,Closed,Disputed,2.8,16,0,True,Facilities,Asia Pacific,False,1796.26,152.22,Paid
PO-01671,1,REQ-01671,2025-07-30,2025,2025-09-06,2025-09-06,S002,Nimbus Cloud Supply,Technology,Europe,Preferred,P104,Insight Pro License,Software,Licenses,57,57,110.34,6289.38,USD,Net 60,K. Wilson,Received,Matched,4.5,38,0,True,Operations,Asia Pacific,False,503.15,160.86,Scheduled
PO-01672,1,REQ-01672,2024-03-26,2024,2024-04-12,,S005,Meridian Logistics,Logistics,Europe,Strategic,P102,Edge Gateway,Hardware,Networking,16,16,281.8,4508.8,USD,Net 30,K. Wilson,In Transit,Pending,2.9,17,0,False,Research,Europe,False,360.7,425.73,Paid
PO-01673,1,REQ-01673,2025-03-08,2025,2025-04-05,2025-04-05,S003,Pacific Industrial Ltd,Manufacturing,Asia Pacific,Preferred,P108,Mobile Scanner,Hardware,Devices,65,65,91.61,5954.65,USD,Net 30,T. Brown,Received,Not Received,4.5,28,0,True,Research,North America,True,595.47,365.63,Scheduled
PO-01674,1,REQ-01674,2025-08-14,2025,2025-09-04,2025-09-04,S008,Cobalt Professional Services,Services,Asia Pacific,Approved,P106,Integration Services,Services,Consulting,47,47,767.02,36049.94,USD,Net 45,K. Wilson,Received,Pending,4.6,21,0,True,Operations,Europe,True,1802.5,162.88,Paid
PO-01675,1,REQ-01675,2025-03-28,2025,2025-04-24,2025-04-24,S004,Greenline Packaging,Packaging,North America,Approved,P109,Forecasting Add-on,Software,Analytics,28,28,202.47,5669.16,USD,Net 45,L. Morgan,Received,Disputed,5.0,27,0,True,Sales,Europe,True,453.53,179.73,Paid
PO-01676,1,REQ-01676,2023-09-05,2023,2023-09-26,,S005,Meridian Logistics,Logistics,Europe,Strategic,P106,Integration Services,Services,Consulting,27,0,881.7,23805.9,USD,Net 45,T. Brown,Open,Not Received,4.6,21,0,False,Research,Europe,True,1904.47,240.35,Paid
PO-01677,1,REQ-01677,2024-05-30,2024,2024-06-25,2024-07-10,S008,Cobalt Professional Services,Services,Asia Pacific,Approved,P109,Forecasting Add-on,Software,Analytics,41,41,153.61,6298.01,USD,Net 30,T. Brown,Received,Matched,4.3,26,15,False,Sales,Europe,True,629.8,425.45,Paid
PO-01678,1,REQ-01678,2025-04-18,2025,2025-04-28,2025-05-13,S008,Cobalt Professional Services,Services,Asia Pacific,Approved,P108,Mobile Scanner,Hardware,Devices,60,60,138.35,8301.0,USD,2/10 Net 30,P. Nguyen,Received,Pending,3.9,10,15,False,Operations,Europe,False,830.1,260.94,Scheduled
PO-01679,1,REQ-01679,2023-04-30,2023,2023-05-20,2023-05-20,S007,Sterling Security Group,Security,North America,Preferred,P100,Analytics Platform,Software,Analytics,45,45,460.27,20712.15,USD,2/10 Net 30,P. Nguyen,Received,Matched,3.6,20,0,True,Sales,Asia Pacific,True,0.0,379.45,Paid
PO-01680,1,REQ-01680,2024-04-06,2024,2024-04-18,2024-04-13,S003,Pacific Industrial Ltd,Manufacturing,Asia Pacific,Preferred,P105,Storage Array,Hardware,Storage,65,65,588.08,38225.2,USD,Net 45,D. Singh,Received,Pending,4.3,12,0,True,Sales,North America,True,0.0,238.22,Scheduled
PO-01681,1,REQ-01681,2023-02-04,2023,2023-02-25,2023-02-25,S003,Pacific Industrial Ltd,Manufacturing,Asia Pacific,Preferred,P107,Support Renewal,Services,Support,5,5,167.26,836.3,USD,2/10 Net 30,L. Morgan,Closed,Pending,3.6,21,0,True,Facilities,Europe,True,0.0,126.19,Paid
PO-01682,1,REQ-01682,2023-03-26,2023,2023-04-25,2023-04-25,S003,Pacific Industrial Ltd,Manufacturing,Asia Pacific,Preferred,P101,Cloud Data Suite,Software,Cloud,59,59,302.44,17843.96,USD,2/10 Net 30,T. Brown,Received,Pending,4.8,30,0,True,Sales,Asia Pacific,False,892.2,404.58,Paid
PO-01683,1,REQ-01683,2025-06-06,2025,2025-07-01,,S007,Sterling Security Group,Security,North America,Preferred,P107,Support Renewal,Services,Support,8,1,256.59,2052.72,USD,2/10 Net 30,T. Brown,In Transit,Matched,3.2,25,0,False,Sales,North America,True,205.27,117.73,Scheduled
PO-01684,1,REQ-01684,2025-10-13,2025,2025-11-19,2025-11-19,S002,Nimbus Cloud Supply,Technology,Europe,Preferred,P109,Forecasting Add-on,Software,Analytics,48,48,202.25,9708.0,USD,Net 30,D. Singh,Received,Not Received,5.0,37,0,True,Technology,Asia Pacific,False,485.4,277.1,Paid
PO-01685,1,REQ-01685,2024-10-03,2024,2024-11-10,2024-11-10,S007,Sterling Security Group,Security,North America,Preferred,P100,Analytics Platform,Software,Analytics,28,28,646.67,18106.76,USD,Net 60,P. Nguyen,Received,Not Received,3.4,38,0,True,Technology,Europe,True,1810.68,35.45,Paid
PO-01686,1,REQ-01686,2025-08-06,2025,2025-08-24,,S007,Sterling Security Group,Security,North America,Preferred,P101,Cloud Data Suite,Software,Cloud,42,2,489.42,20555.64,USD,2/10 Net 30,T. Brown,In Transit,Matched,3.0,18,0,False,Facilities,North America,True,0.0,191.17,Paid
PO-01687,1,REQ-01687,2026-02-18,2026,2026-03-08,2026-03-03,S006,Vertex Office Goods,Office Supplies,Latin America,Approved,P104,Insight Pro License,Software,Licenses,28,28,75.19,2105.32,USD,Net 45,T. Brown,Received,Not Received,3.9,18,0,True,Research,Europe,True,105.27,12.37,Scheduled
PO-01688,1,REQ-01688,2024-07-10,2024,2024-07-23,2024-07-23,S008,Cobalt Professional Services,Services,Asia Pacific,Approved,P100,Analytics Platform,Software,Analytics,17,17,526.54,8951.18,USD,Net 45,T. Brown,Received,Matched,4.5,13,0,True,Operations,North America,True,0.0,79.38,Paid
PO-01689,1,REQ-01689,2023-10-20,2023,2023-11-18,2023-11-13,S004,Greenline Packaging,Packaging,North America,Approved,P100,Analytics Platform,Software,Analytics,13,13,364.09,4733.17,USD,2/10 Net 30,K. Wilson,Received,Not Received,4.5,29,0,True,Research,Asia Pacific,False,378.65,36.64,Paid
PO-01690,1,REQ-01690,2024-06-02,2024,2024-06-03,2024-05-29,S001,Apex Components,Hardware,North America,Strategic,P108,Mobile Scanner,Hardware,Devices,10,10,128.02,1280.2,USD,Net 60,L. Morgan,Received,Pending,2.9,1,0,True,Facilities,North America,True,64.01,236.37,Paid
PO-01691,1,REQ-01691,2023-10-02,2023,2023-10-06,2023-10-21,S005,Meridian Logistics,Logistics,Europe,Strategic,P109,Forecasting Add-on,Software,Analytics,39,39,192.85,7521.15,USD,2/10 Net 30,K. Wilson,Received,Pending,3.9,4,15,False,Research,Europe,True,601.69,33.44,Paid
PO-01692,1,REQ-01692,2023-08-18,2023,2023-09-11,2023-09-11,S003,Pacific Industrial Ltd,Manufacturing,Asia Pacific,Preferred,P109,Forecasting Add-on,Software,Analytics,24,24,234.84,5636.16,USD,Net 60,L. Morgan,Received,Not Received,3.1,24,0,True,Sales,Europe,False,450.89,260.07,Scheduled
PO-01693,1,REQ-01693,2025-06-11,2025,2025-07-02,2025-07-02,S008,Cobalt Professional Services,Services,Asia Pacific,Approved,P100,Analytics Platform,Software,Analytics,10,10,587.12,5871.2,USD,Net 30,K. Wilson,Received,Matched,3.9,21,0,True,Technology,Europe,True,469.7,116.44,Paid
PO-01694,1,REQ-01694,2026-10-01,2026,2026-10-28,2026-10-23,S006,Vertex Office Goods,Office Supplies,Latin America,Approved,P108,Mobile Scanner,Hardware,Devices,17,17,124.66,2119.22,USD,Net 30,K. Wilson,Received,Matched,4.1,27,0,True,Sales,Europe,True,169.54,139.19,Scheduled
PO-01695,1,REQ-01695,2025-08-18,2025,2025-09-02,2025-09-02,S001,Apex Components,Hardware,North America,Strategic,P104,Insight Pro License,Software,Licenses,12,12,100.79,1209.48,USD,Net 60,D. Singh,Received,Pending,3.6,15,0,True,Facilities,Europe,True,0.0,42.91,Paid
PO-01696,1,REQ-01696,2024-11-05,2024,2024-11-08,,S006,Vertex Office Goods,Office Supplies,Latin America,Approved,P109,Forecasting Add-on,Software,Analytics,69,17,218.05,15045.45,USD,2/10 Net 30,D. Singh,In Transit,Pending,3.0,3,0,False,Research,Europe,True,1504.55,204.47,Paid
PO-01697,1,REQ-01697,2026-02-28,2026,2026-03-20,,S007,Sterling Security Group,Security,North America,Preferred,P105,Storage Array,Hardware,Storage,25,0,534.76,13369.0,USD,2/10 Net 30,L. Morgan,Open,Matched,4.5,20,0,False,Sales,North America,True,1069.52,213.45,Paid
PO-01698,1,REQ-01698,2025-04-13,2025,2025-04-26,2025-04-26,S001,Apex Components,Hardware,North America,Strategic,P104,Insight Pro License,Software,Licenses,50,50,101.49,5074.5,USD,Net 60,T. Brown,Received,Matched,3.8,13,0,True,Research,Asia Pacific,True,405.96,439.64,Scheduled
PO-01699,1,REQ-01699,2026-02-04,2026,2026-02-28,,S002,Nimbus Cloud Supply,Technology,Europe,Preferred,P109,Forecasting Add-on,Software,Analytics,19,0,157.28,2988.32,USD,Net 60,L. Morgan,Open,Not Received,4.0,24,0,False,Sales,Europe,True,0.0,364.5,Paid
PO-01700,1,REQ-01700,2026-05-14,2026,2026-06-04,2026-06-19,S008,Cobalt Professional Services,Services,Asia Pacific,Approved,P103,Secure Access Kit,Hardware,Security,69,69,184.97,12762.93,USD,Net 30,P. Nguyen,Received,Matched,4.9,21,15,False,Research,Europe,True,638.15,115.61,Paid
PO-01701,1,REQ-01701,2023-06-28,2023,2023-07-27,2023-07-30,S006,Vertex Office Goods,Office Supplies,Latin America,Approved,P101,Cloud Data Suite,Software,Cloud,21,21,491.49,10321.29,USD,Net 45,P. Nguyen,Received,Pending,4.4,29,3,False,Facilities,Asia Pacific,True,516.06,339.07,Scheduled
PO-01702,1,REQ-01702,2024-04-29,2024,2024-05-24,,S007,Sterling Security Group,Security,North America,Preferred,P109,Forecasting Add-on,Software,Analytics,56,0,159.31,8921.36,USD,Net 60,L. Morgan,Open,Matched,4.7,25,0,False,Sales,North America,False,713.71,150.9,Paid
PO-01703,1,REQ-01703,2024-12-09,2024,2024-12-28,2024-12-23,S008,Cobalt Professional Services,Services,Asia Pacific,Approved,P100,Analytics Platform,Software,Analytics,40,40,494.91,19796.4,USD,Net 30,K. Wilson,Received,Matched,4.4,19,0,True,Facilities,Asia Pacific,True,1979.64,368.61,Paid
PO-01704,1,REQ-01704,2025-04-07,2025,2025-04-30,,S003,Pacific Industrial Ltd,Manufacturing,Asia Pacific,Preferred,P102,Edge Gateway,Hardware,Networking,22,0,204.49,4498.78,USD,Net 60,P. Nguyen,Cancelled,Not Received,4.4,23,0,False,Facilities,Asia Pacific,False,449.88,375.91,Paid
PO-01705,1,REQ-01705,2025-06-15,2025,2025-07-22,2025-08-06,S005,Meridian Logistics,Logistics,Europe,Strategic,P104,Insight Pro License,Software,Licenses,34,34,80.24,2728.16,USD,Net 60,T. Brown,Received,Disputed,3.3,37,15,False,Operations,North America,False,136.41,76.16,Paid
PO-01706,1,REQ-01706,2025-02-02,2025,2025-03-04,2025-02-27,S004,Greenline Packaging,Packaging,North America,Approved,P104,Insight Pro License,Software,Licenses,16,16,116.17,1858.72,USD,Net 30,L. Morgan,Received,Matched,3.6,30,0,True,Facilities,Asia Pacific,True,0.0,255.35,Scheduled
PO-01707,1,REQ-01707,2025-02-17,2025,2025-03-08,2025-03-03,S006,Vertex Office Goods,Office Supplies,Latin America,Approved,P106,Integration Services,Services,Consulting,70,70,579.74,40581.8,USD,Net 30,P. Nguyen,Received,Disputed,3.2,19,0,True,Sales,Asia Pacific,True,4058.18,105.75,Scheduled
PO-01708,1,REQ-01708,2025-05-18,2025,2025-06-21,,S004,Greenline Packaging,Packaging,North America,Approved,P103,Secure Access Kit,Hardware,Security,41,33,173.78,7124.98,USD,Net 60,T. Brown,In Transit,Matched,4.5,34,0,False,Technology,Europe,True,356.25,323.21,Overdue
PO-01709,1,REQ-01709,2023-01-24,2023,2023-03-05,2023-03-05,S006,Vertex Office Goods,Office Supplies,Latin America,Approved,P108,Mobile Scanner,Hardware,Devices,30,30,85.95,2578.5,USD,Net 30,L. Morgan,Received,Matched,4.9,40,0,True,Sales,Asia Pacific,True,257.85,440.46,Paid
PO-01710,1,REQ-01710,2025-10-23,2025,2025-11-05,2025-11-05,S001,Apex Components,Hardware,North America,Strategic,P109,Forecasting Add-on,Software,Analytics,41,41,160.03,6561.23,USD,Net 30,K. Wilson,Received,Matched,3.6,13,0,True,Technology,Europe,True,328.06,365.53,Overdue
PO-01711,1,REQ-01711,2025-07-13,2025,2025-08-17,,S005,Meridian Logistics,Logistics,Europe,Strategic,P104,Insight Pro License,Software,Licenses,55,0,73.54,4044.7,USD,Net 30,L. Morgan,Cancelled,Matched,4.5,35,0,False,Facilities,Asia Pacific,False,0.0,32.99,Paid
PO-01712,1,REQ-01712,2024-01-27,2024,2024-01-30,2024-01-30,S002,Nimbus Cloud Supply,Technology,Europe,Preferred,P103,Secure Access Kit,Hardware,Security,56,56,108.59,6081.04,USD,2/10 Net 30,L. Morgan,Received,Matched,3.2,3,0,True,Research,Europe,True,0.0,292.52,Scheduled
PO-01713,1,REQ-01713,2024-11-09,2024,2024-12-21,2024-12-29,S008,Cobalt Professional Services,Services,Asia Pacific,Approved,P109,Forecasting Add-on,Software,Analytics,59,59,211.66,12487.94,USD,2/10 Net 30,T. Brown,Received,Disputed,4.7,42,8,False,Research,Asia Pacific,True,0.0,98.21,Scheduled
PO-01714,1,REQ-01714,2024-08-03,2024,2024-08-21,,S003,Pacific Industrial Ltd,Manufacturing,Asia Pacific,Preferred,P102,Edge Gateway,Hardware,Networking,25,0,294.39,7359.75,USD,Net 30,P. Nguyen,Open,Matched,2.9,18,0,False,Operations,North America,False,0.0,162.87,Scheduled
PO-01715,1,REQ-01715,2023-06-19,2023,2023-07-16,,S004,Greenline Packaging,Packaging,North America,Approved,P109,Forecasting Add-on,Software,Analytics,65,0,182.14,11839.1,USD,Net 30,K. Wilson,Open,Matched,4.7,27,0,False,Operations,North America,False,0.0,27.79,Paid
PO-01716,1,REQ-01716,2024-09-10,2024,2024-09-26,,S008,Cobalt Professional Services,Services,Asia Pacific,Approved,P101,Cloud Data Suite,Software,Cloud,18,0,320.28,5765.04,USD,Net 45,D. Singh,Open,Matched,4.6,16,0,False,Sales,Europe,False,576.5,99.94,Paid
PO-01717,1,REQ-01717,2025-04-27,2025,2025-05-23,2025-05-31,S005,Meridian Logistics,Logistics,Europe,Strategic,P108,Mobile Scanner,Hardware,Devices,55,55,112.43,6183.65,USD,Net 45,T. Brown,Received,Not Received,3.0,26,8,False,Research,Europe,False,0.0,120.53,Scheduled
PO-01718,1,REQ-01718,2026-07-17,2026,2026-08-11,,S003,Pacific Industrial Ltd,Manufacturing,Asia Pacific,Preferred,P102,Edge Gateway,Hardware,Networking,60,0,281.21,16872.6,USD,Net 45,K. Wilson,Open,Matched,3.1,25,0,False,Facilities,North America,False,1349.81,171.9,Paid
PO-01719,1,REQ-01719,2023-11-02,2023,2023-11-22,2023-11-22,S008,Cobalt Professional Services,Services,Asia Pacific,Approved,P106,Integration Services,Services,Consulting,5,5,900.86,4504.3,USD,Net 30,K. Wilson,Received,Not Received,2.9,20,0,True,Research,Asia Pacific,True,360.34,19.56,Scheduled
PO-01720,1,REQ-01720,2024-12-28,2024,2025-01-25,2025-01-25,S002,Nimbus Cloud Supply,Technology,Europe,Preferred,P109,Forecasting Add-on,Software,Analytics,22,22,144.64,3182.08,USD,Net 30,P. Nguyen,Received,Pending,3.3,28,0,True,Sales,Asia Pacific,True,159.1,350.1,Paid
PO-01721,1,REQ-01721,2023-09-14,2023,2023-10-17,,S003,Pacific Industrial Ltd,Manufacturing,Asia Pacific,Preferred,P105,Storage Array,Hardware,Storage,56,55,530.75,29722.0,USD,Net 45,L. Morgan,In Transit,Matched,2.8,33,0,False,Facilities,North America,False,2972.2,345.42,Overdue
PO-01722,1,REQ-01722,2024-04-12,2024,2024-05-12,2024-05-12,S006,Vertex Office Goods,Office Supplies,Latin America,Approved,P102,Edge Gateway,Hardware,Networking,26,26,182.4,4742.4,USD,Net 60,D. Singh,Closed,Matched,3.9,30,0,True,Operations,North America,False,379.39,291.09,Paid
PO-01723,1,REQ-01723,2024-05-15,2024,2024-06-09,,S007,Sterling Security Group,Security,North America,Preferred,P102,Edge Gateway,Hardware,Networking,51,13,262.98,13411.98,USD,Net 30,K. Wilson,In Transit,Pending,3.6,25,0,False,Sales,North America,True,1341.2,247.22,Scheduled
PO-01724,1,REQ-01724,2026-06-16,2026,2026-07-17,,S004,Greenline Packaging,Packaging,North America,Approved,P108,Mobile Scanner,Hardware,Devices,6,2,121.48,728.88,USD,Net 60,T. Brown,In Transit,Not Received,3.8,31,0,False,Sales,North America,True,36.44,270.22,Paid
PO-01725,1,REQ-01725,2026-04-13,2026,2026-04-29,2026-04-29,S004,Greenline Packaging,Packaging,North America,Approved,P107,Support Renewal,Services,Support,23,23,183.26,4214.98,USD,Net 30,L. Morgan,Received,Matched,5.0,16,0,True,Operations,Asia Pacific,True,337.2,147.14,Scheduled
PO-01726,1,REQ-01726,2024-12-28,2024,2025-01-17,,S003,Pacific Industrial Ltd,Manufacturing,Asia Pacific,Preferred,P107,Support Renewal,Services,Support,64,0,219.96,14077.44,USD,Net 30,D. Singh,Open,Pending,3.2,20,0,False,Sales,North America,True,0.0,52.34,Paid
PO-01727,1,REQ-01727,2026-05-16,2026,2026-05-23,2026-05-23,S004,Greenline Packaging,Packaging,North America,Approved,P102,Edge Gateway,Hardware,Networking,63,63,205.23,12929.49,USD,Net 30,T. Brown,Closed,Matched,4.3,7,0,True,Sales,Asia Pacific,True,1292.95,251.58,Paid
PO-01728,1,REQ-01728,2025-01-10,2025,2025-02-10,2025-02-10,S006,Vertex Office Goods,Office Supplies,Latin America,Approved,P102,Edge Gateway,Hardware,Networking,68,68,288.74,19634.32,USD,Net 45,T. Brown,Closed,Matched,3.8,31,0,True,Sales,North America,True,981.72,30.52,Overdue
PO-01729,1,REQ-01729,2023-04-15,2023,2023-05-21,,S007,Sterling Security Group,Security,North America,Preferred,P104,Insight Pro License,Software,Licenses,24,0,120.33,2887.92,USD,Net 60,P. Nguyen,Open,Matched,3.7,36,0,False,Sales,Europe,True,0.0,237.66,Paid
PO-01730,1,REQ-01730,2025-04-09,2025,2025-04-23,,S004,Greenline Packaging,Packaging,North America,Approved,P102,Edge Gateway,Hardware,Networking,15,0,214.19,3212.85,USD,Net 30,K. Wilson,Open,Matched,3.3,14,0,False,Sales,North America,False,321.29,91.76,Paid
PO-01731,1,REQ-01731,2025-08-12,2025,2025-08-19,2025-08-27,S006,Vertex Office Goods,Office Supplies,Latin America,Approved,P100,Analytics Platform,Software,Analytics,6,6,653.1,3918.6,USD,2/10 Net 30,L. Morgan,Received,Pending,4.6,7,8,False,Research,Asia Pacific,True,195.93,17.75,Paid
PO-01732,1,REQ-01732,2025-07-17,2025,2025-08-09,,S002,Nimbus Cloud Supply,Technology,Europe,Preferred,P106,Integration Services,Services,Consulting,9,0,640.34,5763.06,USD,Net 30,T. Brown,Open,Pending,4.3,23,0,False,Technology,North America,True,461.04,337.45,Scheduled
PO-01733,1,REQ-01733,2026-10-05,2026,2026-11-08,2026-11-16,S004,Greenline Packaging,Packaging,North America,Approved,P107,Support Renewal,Services,Support,10,10,164.17,1641.7,USD,Net 30,K. Wilson,Received,Not Received,3.8,34,8,False,Research,North America,False,0.0,59.14,Scheduled
PO-01734,1,REQ-01734,2024-01-13,2024,2024-02-08,2024-02-08,S008,Cobalt Professional Services,Services,Asia Pacific,Approved,P108,Mobile Scanner,Hardware,Devices,29,29,82.98,2406.42,USD,Net 60,D. Singh,Received,Pending,3.7,26,0,True,Facilities,Europe,True,0.0,386.49,Paid
PO-01735,1,REQ-01735,2026-05-02,2026,2026-05-21,2026-05-21,S005,Meridian Logistics,Logistics,Europe,Strategic,P109,Forecasting Add-on,Software,Analytics,38,38,165.61,6293.18,USD,Net 45,P. Nguyen,Received,Not Received,4.4,19,0,True,Operations,North America,True,0.0,307.98,Scheduled
PO-01736,1,REQ-01736,2026-02-18,2026,2026-03-25,2026-03-25,S007,Sterling Security Group,Security,North America,Preferred,P102,Edge Gateway,Hardware,Networking,29,29,268.35,7782.15,USD,Net 45,D. Singh,Received,Matched,3.3,35,0,True,Research,Europe,True,778.22,248.71,Paid
PO-01737,1,REQ-01737,2025-01-10,2025,2025-02-11,2025-02-11,S002,Nimbus Cloud Supply,Technology,Europe,Preferred,P104,Insight Pro License,Software,Licenses,49,49,122.49,6002.01,USD,Net 30,L. Morgan,Received,Matched,3.7,32,0,True,Facilities,Asia Pacific,False,600.2,432.75,Paid
PO-01738,1,REQ-01738,2026-01-17,2026,2026-02-22,2026-02-17,S005,Meridian Logistics,Logistics,Europe,Strategic,P102,Edge Gateway,Hardware,Networking,66,66,238.67,15752.22,USD,Net 45,P. Nguyen,Received,Matched,3.3,36,0,True,Technology,Europe,False,1575.22,178.68,Paid
PO-01739,1,REQ-01739,2023-01-17,2023,2023-02-17,2023-02-17,S003,Pacific Industrial Ltd,Manufacturing,Asia Pacific,Preferred,P102,Edge Gateway,Hardware,Networking,24,24,259.77,6234.48,USD,Net 30,K. Wilson,Received,Matched,3.6,31,0,True,Operations,Asia Pacific,True,311.72,219.75,Scheduled
PO-01740,1,REQ-01740,2023-05-23,2023,2023-06-11,,S001,Apex Components,Hardware,North America,Strategic,P102,Edge Gateway,Hardware,Networking,29,14,258.67,7501.43,USD,Net 30,L. Morgan,In Transit,Matched,4.9,19,0,False,Technology,North America,True,0.0,94.56,Paid
PO-01741,1,REQ-01741,2025-11-19,2025,2025-12-13,2025-12-08,S003,Pacific Industrial Ltd,Manufacturing,Asia Pacific,Preferred,P102,Edge Gateway,Hardware,Networking,49,49,167.46,8205.54,USD,Net 45,L. Morgan,Received,Matched,5.0,24,0,True,Facilities,Europe,False,820.55,148.31,Paid
PO-01742,1,REQ-01742,2025-05-26,2025,2025-06-09,,S002,Nimbus Cloud Supply,Technology,Europe,Preferred,P106,Integration Services,Services,Consulting,35,35,1003.28,35114.8,USD,Net 60,T. Brown,In Transit,Disputed,4.7,14,0,False,Operations,Asia Pacific,True,0.0,166.66,Paid
PO-01743,1,REQ-01743,2025-09-09,2025,2025-10-07,2025-10-02,S003,Pacific Industrial Ltd,Manufacturing,Asia Pacific,Preferred,P103,Secure Access Kit,Hardware,Security,70,70,158.77,11113.9,USD,Net 30,L. Morgan,Received,Matched,3.4,28,0,True,Sales,Asia Pacific,True,889.11,331.99,Paid
PO-01744,1,REQ-01744,2025-04-13,2025,2025-05-09,,S001,Apex Components,Hardware,North America,Strategic,P107,Support Renewal,Services,Support,34,18,210.54,7158.36,USD,2/10 Net 30,P. Nguyen,In Transit,Matched,3.9,26,0,False,Technology,North America,True,0.0,243.32,Scheduled
PO-01745,1,REQ-01745,2024-08-15,2024,2024-08-28,2024-09-12,S005,Meridian Logistics,Logistics,Europe,Strategic,P106,Integration Services,Services,Consulting,66,66,777.62,51322.92,USD,2/10 Net 30,K. Wilson,Received,Matched,4.8,13,15,False,Technology,North America,True,0.0,400.6,Paid
PO-01746,1,REQ-01746,2025-10-11,2025,2025-11-02,2025-11-02,S004,Greenline Packaging,Packaging,North America,Approved,P106,Integration Services,Services,Consulting,50,50,705.3,35265.0,USD,Net 30,L. Morgan,Received,Matched,3.2,22,0,True,Facilities,Asia Pacific,False,0.0,446.65,Paid
PO-01747,1,REQ-01747,2024-09-17,2024,2024-10-14,2024-10-14,S004,Greenline Packaging,Packaging,North America,Approved,P106,Integration Services,Services,Consulting,11,11,646.23,7108.53,USD,2/10 Net 30,T. Brown,Received,Matched,4.6,27,0,True,Research,Europe,False,0.0,445.13,Paid
PO-01748,1,REQ-01748,2026-02-25,2026,2026-04-06,,S002,Nimbus Cloud Supply,Technology,Europe,Preferred,P105,Storage Array,Hardware,Storage,19,17,567.74,10787.06,USD,Net 60,P. Nguyen,In Transit,Matched,4.8,40,0,False,Sales,Asia Pacific,True,539.35,118.91,Paid
PO-01749,1,REQ-01749,2025-06-06,2025,2025-06-21,2025-06-21,S007,Sterling Security Group,Security,North America,Preferred,P105,Storage Array,Hardware,Storage,23,23,698.08,16055.84,USD,2/10 Net 30,K. Wilson,Received,Matched,3.6,15,0,True,Facilities,Europe,False,1284.47,298.47,Overdue
PO-01750,1,REQ-01750,2026-09-12,2026,2026-09-25,2026-09-20,S006,Vertex Office Goods,Office Supplies,Latin America,Approved,P107,Support Renewal,Services,Support,54,54,237.17,12807.18,USD,2/10 Net 30,T. Brown,Received,Matched,2.8,13,0,True,Operations,Europe,True,1024.57,91.11,Paid
PO-01751,1,REQ-01751,2024-10-29,2024,2024-11-27,2024-11-27,S008,Cobalt Professional Services,Services,Asia Pacific,Approved,P102,Edge Gateway,Hardware,Networking,18,18,239.63,4313.34,USD,Net 45,K. Wilson,Received,Matched,4.7,29,0,True,Operations,Europe,True,345.07,145.28,Paid
PO-01752,1,REQ-01752,2024-05-24,2024,2024-06-17,2024-06-12,S005,Meridian Logistics,Logistics,Europe,Strategic,P106,Integration Services,Services,Consulting,41,41,733.14,30058.74,USD,2/10 Net 30,D. Singh,Received,Pending,4.8,24,0,True,Sales,Europe,True,3005.87,356.72,Paid
PO-01753,1,REQ-01753,2026-01-16,2026,2026-02-11,,S005,Meridian Logistics,Logistics,Europe,Strategic,P100,Analytics Platform,Software,Analytics,65,0,513.87,33401.55,USD,Net 30,D. Singh,Cancelled,Matched,4.5,26,0,False,Sales,Europe,True,3340.16,245.58,Scheduled
PO-01754,1,REQ-01754,2026-07-10,2026,2026-08-01,2026-08-01,S002,Nimbus Cloud Supply,Technology,Europe,Preferred,P104,Insight Pro License,Software,Licenses,39,39,93.59,3650.01,USD,Net 30,L. Morgan,Received,Matched,4.8,22,0,True,Sales,Europe,True,292.0,290.09,Scheduled
PO-01755,1,REQ-01755,2023-04-09,2023,2023-04-29,2023-04-29,S004,Greenline Packaging,Packaging,North America,Approved,P108,Mobile Scanner,Hardware,Devices,14,14,122.01,1708.14,USD,Net 30,T. Brown,Received,Not Received,4.7,20,0,True,Facilities,North America,True,0.0,439.49,Overdue
PO-01756,1,REQ-01756,2023-05-06,2023,2023-06-06,2023-06-06,S005,Meridian Logistics,Logistics,Europe,Strategic,P105,Storage Array,Hardware,Storage,38,38,523.26,19883.88,USD,Net 45,D. Singh,Received,Matched,4.8,31,0,True,Technology,Europe,True,994.19,392.49,Paid
PO-01757,1,REQ-01757,2025-01-19,2025,2025-02-13,2025-02-13,S001,Apex Components,Hardware,North America,Strategic,P104,Insight Pro License,Software,Licenses,31,31,113.35,3513.85,USD,Net 60,K. Wilson,Received,Not Received,3.1,25,0,True,Operations,Europe,True,175.69,394.04,Scheduled
PO-01758,1,REQ-01758,2024-07-28,2024,2024-08-21,2024-08-29,S007,Sterling Security Group,Security,North America,Preferred,P103,Secure Access Kit,Hardware,Security,12,12,202.52,2430.24,USD,Net 60,K. Wilson,Received,Not Received,4.8,24,8,False,Sales,Europe,False,121.51,155.59,Scheduled
PO-01759,1,REQ-01759,2024-01-16,2024,2024-02-08,2024-02-16,S008,Cobalt Professional Services,Services,Asia Pacific,Approved,P109,Forecasting Add-on,Software,Analytics,10,10,129.75,1297.5,USD,Net 45,D. Singh,Received,Pending,3.9,23,8,False,Research,Asia Pacific,True,103.8,368.71,Paid
PO-01760,1,REQ-01760,2025-04-10,2025,2025-05-03,2025-05-03,S004,Greenline Packaging,Packaging,North America,Approved,P102,Edge Gateway,Hardware,Networking,42,42,199.03,8359.26,USD,2/10 Net 30,L. Morgan,Received,Matched,4.7,23,0,True,Sales,Asia Pacific,True,668.74,206.23,Paid
PO-01761,1,REQ-01761,2024-03-16,2024,2024-04-13,2024-04-16,S007,Sterling Security Group,Security,North America,Preferred,P101,Cloud Data Suite,Software,Cloud,19,19,425.52,8084.88,USD,Net 30,L. Morgan,Received,Matched,4.2,28,3,False,Operations,North America,True,0.0,318.94,Scheduled
PO-01762,1,REQ-01762,2023-04-11,2023,2023-05-09,2023-05-12,S005,Meridian Logistics,Logistics,Europe,Strategic,P107,Support Renewal,Services,Support,47,47,161.83,7606.01,USD,Net 45,P. Nguyen,Received,Matched,4.6,28,3,False,Research,Asia Pacific,True,380.3,354.09,Paid
PO-01763,1,REQ-01763,2026-01-15,2026,2026-02-18,2026-02-26,S004,Greenline Packaging,Packaging,North America,Approved,P105,Storage Array,Hardware,Storage,14,14,801.18,11216.52,USD,Net 30,D. Singh,Received,Matched,5.0,34,8,False,Sales,North America,True,1121.65,104.66,Paid
PO-01764,1,REQ-01764,2025-01-21,2025,2025-02-10,,S001,Apex Components,Hardware,North America,Strategic,P105,Storage Array,Hardware,Storage,59,48,549.1,32396.9,USD,Net 30,P. Nguyen,In Transit,Matched,3.4,20,0,False,Sales,North America,True,0.0,179.78,Scheduled
PO-01765,1,REQ-01765,2025-04-24,2025,2025-05-15,,S001,Apex Components,Hardware,North America,Strategic,P100,Analytics Platform,Software,Analytics,61,56,548.86,33480.46,USD,Net 45,L. Morgan,In Transit,Matched,5.0,21,0,False,Technology,North America,False,3348.05,214.32,Paid
PO-01766,1,REQ-01766,2024-03-06,2024,2024-03-30,,S006,Vertex Office Goods,Office Supplies,Latin America,Approved,P108,Mobile Scanner,Hardware,Devices,13,11,121.72,1582.36,USD,Net 30,L. Morgan,In Transit,Pending,4.9,24,0,False,Technology,North America,True,158.24,288.84,Paid
PO-01767,1,REQ-01767,2023-12-07,2023,2023-12-15,,S003,Pacific Industrial Ltd,Manufacturing,Asia Pacific,Preferred,P104,Insight Pro License,Software,Licenses,39,28,89.58,3493.62,USD,2/10 Net 30,K. Wilson,In Transit,Pending,3.8,8,0,False,Research,North America,False,349.36,170.27,Paid
PO-01768,1,REQ-01768,2023-08-07,2023,2023-09-04,2023-09-19,S008,Cobalt Professional Services,Services,Asia Pacific,Approved,P105,Storage Array,Hardware,Storage,58,58,804.58,46665.64,USD,Net 60,T. Brown,Received,Matched,4.4,28,15,False,Technology,Europe,True,2333.28,126.24,Scheduled
PO-01769,1,REQ-01769,2023-05-24,2023,2023-06-13,2023-06-21,S002,Nimbus Cloud Supply,Technology,Europe,Preferred,P106,Integration Services,Services,Consulting,49,49,1062.88,52081.12,USD,2/10 Net 30,T. Brown,Received,Pending,5.0,20,8,False,Research,Europe,True,2604.06,374.11,Paid
PO-01770,1,REQ-01770,2024-01-07,2024,2024-02-13,2024-02-21,S003,Pacific Industrial Ltd,Manufacturing,Asia Pacific,Preferred,P103,Secure Access Kit,Hardware,Security,23,23,201.14,4626.22,USD,Net 45,D. Singh,Closed,Matched,4.4,37,8,False,Operations,North America,False,0.0,173.28,Paid
PO-01771,1,REQ-01771,2025-11-07,2025,2025-12-02,2025-12-02,S005,Meridian Logistics,Logistics,Europe,Strategic,P108,Mobile Scanner,Hardware,Devices,36,36,94.1,3387.6,USD,Net 30,L. Morgan,Received,Not Received,4.0,25,0,True,Research,North America,True,169.38,128.27,Scheduled
PO-01772,1,REQ-01772,2025-09-30,2025,2025-11-03,2025-10-29,S006,Vertex Office Goods,Office Supplies,Latin America,Approved,P103,Secure Access Kit,Hardware,Security,7,7,112.54,787.78,USD,Net 60,T. Brown,Received,Not Received,4.3,34,0,True,Operations,North America,True,0.0,290.64,Paid
PO-01773,1,REQ-01773,2023-06-28,2023,2023-07-17,,S001,Apex Components,Hardware,North America,Strategic,P107,Support Renewal,Services,Support,30,0,159.09,4772.7,USD,Net 45,D. Singh,Open,Not Received,3.9,19,0,False,Technology,Asia Pacific,False,381.82,154.97,Overdue
PO-01774,1,REQ-01774,2024-09-23,2024,2024-10-10,,S004,Greenline Packaging,Packaging,North America,Approved,P102,Edge Gateway,Hardware,Networking,18,0,169.7,3054.6,USD,2/10 Net 30,K. Wilson,Open,Matched,4.2,17,0,False,Technology,Europe,True,305.46,327.0,Paid
PO-01775,1,REQ-01775,2024-10-06,2024,2024-11-03,2024-11-06,S008,Cobalt Professional Services,Services,Asia Pacific,Approved,P108,Mobile Scanner,Hardware,Devices,24,24,114.45,2746.8,USD,2/10 Net 30,P. Nguyen,Closed,Matched,4.3,28,3,False,Technology,North America,True,137.34,406.71,Paid
PO-01776,1,REQ-01776,2023-07-04,2023,2023-07-25,2023-07-20,S008,Cobalt Professional Services,Services,Asia Pacific,Approved,P105,Storage Array,Hardware,Storage,10,10,509.43,5094.3,USD,Net 30,K. Wilson,Received,Matched,3.6,21,0,True,Facilities,Asia Pacific,True,0.0,208.21,Paid
PO-01777,1,REQ-01777,2024-09-07,2024,2024-09-27,2024-09-27,S003,Pacific Industrial Ltd,Manufacturing,Asia Pacific,Preferred,P107,Support Renewal,Services,Support,29,29,207.86,6027.94,USD,2/10 Net 30,P. Nguyen,Received,Not Received,3.7,20,0,True,Operations,North America,True,482.24,100.23,Paid
PO-01778,1,REQ-01778,2026-03-31,2026,2026-04-11,,S007,Sterling Security Group,Security,North America,Preferred,P100,Analytics Platform,Software,Analytics,25,8,670.65,16766.25,USD,2/10 Net 30,T. Brown,In Transit,Matched,4.3,11,0,False,Sales,North America,True,0.0,228.4,Paid
PO-01779,1,REQ-01779,2025-05-13,2025,2025-06-06,2025-06-06,S005,Meridian Logistics,Logistics,Europe,Strategic,P100,Analytics Platform,Software,Analytics,53,53,489.13,25923.89,USD,Net 45,L. Morgan,Received,Matched,2.9,24,0,True,Technology,Asia Pacific,True,0.0,78.89,Paid
PO-01780,1,REQ-01780,2025-02-10,2025,2025-03-14,2025-03-09,S005,Meridian Logistics,Logistics,Europe,Strategic,P104,Insight Pro License,Software,Licenses,31,31,80.82,2505.42,USD,Net 45,P. Nguyen,Received,Pending,3.8,32,0,True,Technology,Europe,True,125.27,447.46,Paid
PO-01781,1,REQ-01781,2024-10-02,2024,2024-10-29,,S005,Meridian Logistics,Logistics,Europe,Strategic,P100,Analytics Platform,Software,Analytics,23,0,618.58,14227.34,USD,Net 45,L. Morgan,Open,Matched,2.9,27,0,False,Operations,Europe,False,1138.19,331.06,Overdue
PO-01782,1,REQ-01782,2023-05-05,2023,2023-06-03,,S008,Cobalt Professional Services,Services,Asia Pacific,Approved,P107,Support Renewal,Services,Support,21,0,256.01,5376.21,USD,Net 30,L. Morgan,Open,Matched,3.6,29,0,False,Research,Europe,False,268.81,84.32,Paid
PO-01783,1,REQ-01783,2026-06-10,2026,2026-06-13,2026-06-13,S001,Apex Components,Hardware,North America,Strategic,P103,Secure Access Kit,Hardware,Security,6,6,166.55,999.3,USD,Net 30,D. Singh,Received,Pending,2.9,3,0,True,Research,North America,False,49.97,364.21,Paid
PO-01784,1,REQ-01784,2023-08-23,2023,2023-09-16,,S003,Pacific Industrial Ltd,Manufacturing,Asia Pacific,Preferred,P101,Cloud Data Suite,Software,Cloud,12,0,490.76,5889.12,USD,Net 45,T. Brown,Cancelled,Matched,4.3,24,0,False,Operations,North America,False,0.0,34.35,Paid
PO-01785,1,REQ-01785,2023-04-15,2023,2023-05-19,,S001,Apex Components,Hardware,North America,Strategic,P105,Storage Array,Hardware,Storage,67,0,596.93,39994.31,USD,Net 45,K. Wilson,Open,Not Received,4.6,34,0,False,Facilities,Europe,True,3999.43,242.56,Paid
PO-01786,1,REQ-01786,2026-06-23,2026,2026-07-28,2026-07-28,S007,Sterling Security Group,Security,North America,Preferred,P101,Cloud Data Suite,Software,Cloud,66,66,405.15,26739.9,USD,2/10 Net 30,L. Morgan,Received,Not Received,3.3,35,0,True,Operations,Europe,True,2139.19,261.57,Scheduled
PO-01787,1,REQ-01787,2024-05-31,2024,2024-06-20,,S008,Cobalt Professional Services,Services,Asia Pacific,Approved,P107,Support Renewal,Services,Support,27,0,186.2,5027.4,USD,2/10 Net 30,P. Nguyen,Cancelled,Matched,2.8,20,0,False,Sales,Europe,True,502.74,409.65,Paid
PO-01788,1,REQ-01788,2026-08-22,2026,2026-09-16,2026-09-19,S004,Greenline Packaging,Packaging,North America,Approved,P109,Forecasting Add-on,Software,Analytics,33,33,209.14,6901.62,USD,2/10 Net 30,T. Brown,Received,Matched,3.0,25,3,False,Operations,Asia Pacific,False,0.0,154.79,Paid
PO-01789,1,REQ-01789,2025-09-10,2025,2025-09-22,2025-09-22,S004,Greenline Packaging,Packaging,North America,Approved,P104,Insight Pro License,Software,Licenses,24,24,96.89,2325.36,USD,Net 60,K. Wilson,Received,Matched,3.7,12,0,True,Operations,Asia Pacific,True,186.03,21.64,Paid
PO-01790,1,REQ-01790,2026-06-04,2026,2026-06-28,,S004,Greenline Packaging,Packaging,North America,Approved,P107,Support Renewal,Services,Support,56,0,151.73,8496.88,USD,Net 45,K. Wilson,Open,Pending,5.0,24,0,False,Technology,North America,True,424.84,185.82,Paid
PO-01791,1,REQ-01791,2024-08-08,2024,2024-08-25,2024-09-09,S002,Nimbus Cloud Supply,Technology,Europe,Preferred,P103,Secure Access Kit,Hardware,Security,44,44,159.78,7030.32,USD,Net 60,T. Brown,Received,Pending,3.6,17,15,False,Technology,North America,True,0.0,175.91,Paid
PO-01792,1,REQ-01792,2026-07-04,2026,2026-07-15,2026-07-18,S001,Apex Components,Hardware,North America,Strategic,P102,Edge Gateway,Hardware,Networking,44,44,239.06,10518.64,USD,Net 45,D. Singh,Received,Not Received,3.6,11,3,False,Research,Asia Pacific,True,1051.86,121.9,Paid
PO-01793,1,REQ-01793,2026-03-20,2026,2026-04-11,2026-04-11,S003,Pacific Industrial Ltd,Manufacturing,Asia Pacific,Preferred,P100,Analytics Platform,Software,Analytics,11,11,462.9,5091.9,USD,2/10 Net 30,D. Singh,Received,Matched,3.2,22,0,True,Sales,Asia Pacific,False,0.0,402.94,Paid
PO-01794,1,REQ-01794,2024-11-23,2024,2024-12-08,2024-12-03,S007,Sterling Security Group,Security,North America,Preferred,P107,Support Renewal,Services,Support,63,63,233.99,14741.37,USD,Net 30,L. Morgan,Received,Matched,4.9,15,0,True,Technology,Asia Pacific,True,0.0,325.11,Scheduled
PO-01795,1,REQ-01795,2025-05-23,2025,2025-06-14,,S006,Vertex Office Goods,Office Supplies,Latin America,Approved,P109,Forecasting Add-on,Software,Analytics,68,0,196.29,13347.72,USD,Net 60,D. Singh,Open,Matched,3.8,22,0,False,Research,Europe,True,1067.82,290.0,Paid
PO-01796,1,REQ-01796,2026-09-22,2026,2026-10-24,,S003,Pacific Industrial Ltd,Manufacturing,Asia Pacific,Preferred,P106,Integration Services,Services,Consulting,54,0,799.31,43162.74,USD,Net 60,T. Brown,Open,Matched,4.7,32,0,False,Sales,Europe,True,4316.27,274.01,Paid
PO-01797,1,REQ-01797,2023-09-30,2023,2023-11-13,2023-11-16,S001,Apex Components,Hardware,North America,Strategic,P103,Secure Access Kit,Hardware,Security,16,16,149.46,2391.36,USD,Net 30,P. Nguyen,Received,Not Received,4.9,44,3,False,Operations,Europe,True,191.31,243.65,Paid
PO-01798,1,REQ-01798,2026-03-27,2026,2026-04-23,2026-04-18,S006,Vertex Office Goods,Office Supplies,Latin America,Approved,P101,Cloud Data Suite,Software,Cloud,19,19,506.53,9624.07,USD,Net 30,P. Nguyen,Received,Pending,3.4,27,0,True,Research,Europe,True,481.2,58.28,Paid
PO-01799,1,REQ-01799,2026-07-09,2026,2026-08-11,,S007,Sterling Security Group,Security,North America,Preferred,P102,Edge Gateway,Hardware,Networking,29,0,194.42,5638.18,USD,Net 30,K. Wilson,Open,Pending,4.7,33,0,False,Technology,Asia Pacific,True,0.0,365.25,Paid
PO-01800,1,REQ-01800,2025-06-07,2025,2025-07-16,2025-07-11,S006,Vertex Office Goods,Office Supplies,Latin America,Approved,P103,Secure Access Kit,Hardware,Security,26,26,188.55,4902.3,USD,Net 30,P. Nguyen,Received,Matched,4.7,39,0,True,Research,Asia Pacific,True,392.18,377.67,Overdue
PO-01801,1,REQ-01801,2023-04-02,2023,2023-04-30,2023-05-03,S007,Sterling Security Group,Security,North America,Preferred,P102,Edge Gateway,Hardware,Networking,52,52,254.57,13237.64,USD,Net 60,L. Morgan,Received,Matched,3.1,28,3,False,Operations,North America,True,661.88,321.23,Paid
PO-01802,1,REQ-01802,2025-07-12,2025,2025-08-20,,S006,Vertex Office Goods,Office Supplies,Latin America,Approved,P102,Edge Gateway,Hardware,Networking,41,0,277.87,11392.67,USD,2/10 Net 30,P. Nguyen,Open,Matched,4.0,39,0,False,Research,Europe,True,1139.27,159.14,Scheduled
PO-01803,1,REQ-01803,2025-11-18,2025,2025-12-27,,S006,Vertex Office Goods,Office Supplies,Latin America,Approved,P106,Integration Services,Services,Consulting,37,28,867.11,32083.07,USD,2/10 Net 30,K. Wilson,In Transit,Matched,3.7,39,0,False,Technology,Asia Pacific,False,2566.65,325.97,Scheduled
PO-01804,1,REQ-01804,2023-12-05,2023,2023-12-24,2023-12-27,S006,Vertex Office Goods,Office Supplies,Latin America,Approved,P105,Storage Array,Hardware,Storage,26,26,556.62,14472.12,USD,Net 60,K. Wilson,Received,Matched,4.8,19,3,False,Facilities,Europe,True,0.0,421.56,Paid
PO-01805,1,REQ-01805,2024-06-16,2024,2024-07-09,2024-07-04,S002,Nimbus Cloud Supply,Technology,Europe,Preferred,P102,Edge Gateway,Hardware,Networking,56,56,242.72,13592.32,USD,Net 60,L. Morgan,Received,Matched,3.9,23,0,True,Technology,Asia Pacific,True,679.62,198.66,Paid
PO-01806,1,REQ-01806,2025-09-13,2025,2025-09-16,2025-09-16,S006,Vertex Office Goods,Office Supplies,Latin America,Approved,P102,Edge Gateway,Hardware,Networking,42,42,259.34,10892.28,USD,2/10 Net 30,D. Singh,Received,Matched,3.6,3,0,True,Research,Europe,True,544.61,90.11,Paid
PO-01807,1,REQ-01807,2023-01-21,2023,2023-02-06,2023-02-06,S008,Cobalt Professional Services,Services,Asia Pacific,Approved,P103,Secure Access Kit,Hardware,Security,44,44,131.73,5796.12,USD,Net 30,T. Brown,Received,Pending,3.5,16,0,True,Technology,North America,False,289.81,2.36,Paid
PO-01808,1,REQ-01808,2024-03-07,2024,2024-03-21,2024-03-16,S007,Sterling Security Group,Security,North America,Preferred,P104,Insight Pro License,Software,Licenses,43,43,118.36,5089.48,USD,Net 45,L. Morgan,Received,Disputed,2.9,14,0,True,Research,North America,True,0.0,30.2,Scheduled
PO-01809,1,REQ-01809,2025-04-02,2025,2025-04-24,2025-04-24,S004,Greenline Packaging,Packaging,North America,Approved,P101,Cloud Data Suite,Software,Cloud,63,63,282.24,17781.12,USD,Net 45,L. Morgan,Received,Matched,4.0,22,0,True,Sales,Europe,True,1422.49,8.17,Scheduled
PO-01810,1,REQ-01810,2025-10-03,2025,2025-10-29,2025-11-01,S004,Greenline Packaging,Packaging,North America,Approved,P103,Secure Access Kit,Hardware,Security,59,59,168.33,9931.47,USD,Net 45,L. Morgan,Received,Matched,4.4,26,3,False,Operations,Asia Pacific,True,993.15,365.06,Scheduled
PO-01811,1,REQ-01811,2024-05-14,2024,2024-06-11,,S004,Greenline Packaging,Packaging,North America,Approved,P100,Analytics Platform,Software,Analytics,25,0,373.66,9341.5,USD,Net 30,D. Singh,Cancelled,Pending,4.7,28,0,False,Research,Asia Pacific,True,0.0,21.06,Scheduled
PO-01812,1,REQ-01812,2026-08-17,2026,2026-09-12,2026-09-12,S004,Greenline Packaging,Packaging,North America,Approved,P107,Support Renewal,Services,Support,12,12,199.79,2397.48,USD,2/10 Net 30,T. Brown,Received,Matched,4.9,26,0,True,Operations,Asia Pacific,False,119.87,391.79,Scheduled
PO-01813,1,REQ-01813,2025-06-04,2025,2025-07-16,,S005,Meridian Logistics,Logistics,Europe,Strategic,P103,Secure Access Kit,Hardware,Security,62,0,163.41,10131.42,USD,Net 30,P. Nguyen,Cancelled,Matched,3.4,42,0,False,Sales,North America,True,506.57,261.44,Paid
PO-01814,1,REQ-01814,2026-03-12,2026,2026-04-08,2026-04-16,S001,Apex Components,Hardware,North America,Strategic,P103,Secure Access Kit,Hardware,Security,7,7,163.95,1147.65,USD,2/10 Net 30,P. Nguyen,Received,Not Received,3.9,27,8,False,Sales,Europe,True,0.0,119.88,Paid
PO-01815,1,REQ-01815,2023-08-20,2023,2023-09-14,2023-09-09,S003,Pacific Industrial Ltd,Manufacturing,Asia Pacific,Preferred,P100,Analytics Platform,Software,Analytics,66,66,667.92,44082.72,USD,Net 30,T. Brown,Received,Matched,4.6,25,0,True,Research,Europe,False,3526.62,4.99,Scheduled
PO-01816,1,REQ-01816,2025-02-15,2025,2025-02-23,,S003,Pacific Industrial Ltd,Manufacturing,Asia Pacific,Preferred,P108,Mobile Scanner,Hardware,Devices,45,0,105.22,4734.9,USD,Net 45,D. Singh,Open,Matched,3.0,8,0,False,Technology,Europe,False,0.0,26.12,Paid
PO-01817,1,REQ-01817,2024-04-25,2024,2024-04-26,,S002,Nimbus Cloud Supply,Technology,Europe,Preferred,P101,Cloud Data Suite,Software,Cloud,24,0,426.16,10227.84,USD,2/10 Net 30,K. Wilson,Open,Not Received,3.0,1,0,False,Research,North America,True,511.39,293.6,Paid
PO-01818,1,REQ-01818,2026-03-14,2026,2026-04-03,,S005,Meridian Logistics,Logistics,Europe,Strategic,P109,Forecasting Add-on,Software,Analytics,68,11,174.35,11855.8,USD,Net 30,D. Singh,In Transit,Matched,3.2,20,0,False,Facilities,Europe,True,948.46,381.7,Overdue
PO-01819,1,REQ-01819,2023-11-15,2023,2023-12-20,2023-12-20,S006,Vertex Office Goods,Office Supplies,Latin America,Approved,P109,Forecasting Add-on,Software,Analytics,16,16,215.42,3446.72,USD,Net 30,T. Brown,Received,Matched,4.1,35,0,True,Research,Asia Pacific,True,0.0,208.36,Paid
PO-01820,1,REQ-01820,2023-07-02,2023,2023-07-27,,S006,Vertex Office Goods,Office Supplies,Latin America,Approved,P104,Insight Pro License,Software,Licenses,61,0,118.6,7234.6,USD,Net 30,D. Singh,Open,Matched,3.0,25,0,False,Research,North America,True,723.46,43.5,Paid
PO-01821,1,REQ-01821,2024-06-28,2024,2024-08-02,,S008,Cobalt Professional Services,Services,Asia Pacific,Approved,P104,Insight Pro License,Software,Licenses,56,0,72.15,4040.4,USD,Net 45,D. Singh,Open,Matched,4.9,35,0,False,Research,Asia Pacific,True,202.02,434.19,Scheduled
PO-01822,1,REQ-01822,2024-11-01,2024,2024-11-28,2024-11-28,S002,Nimbus Cloud Supply,Technology,Europe,Preferred,P108,Mobile Scanner,Hardware,Devices,42,42,86.77,3644.34,USD,2/10 Net 30,P. Nguyen,Received,Matched,2.8,27,0,True,Research,Europe,True,364.43,257.0,Paid
PO-01823,1,REQ-01823,2025-09-18,2025,2025-10-12,2025-10-15,S004,Greenline Packaging,Packaging,North America,Approved,P106,Integration Services,Services,Consulting,35,35,1037.4,36309.0,USD,Net 60,D. Singh,Received,Matched,3.7,24,3,False,Facilities,North America,True,3630.9,224.6,Paid
PO-01824,1,REQ-01824,2026-05-09,2026,2026-05-21,2026-05-24,S006,Vertex Office Goods,Office Supplies,Latin America,Approved,P103,Secure Access Kit,Hardware,Security,45,45,163.23,7345.35,USD,2/10 Net 30,K. Wilson,Received,Pending,2.9,12,3,False,Technology,Europe,False,587.63,78.06,Paid
PO-01825,1,REQ-01825,2025-09-03,2025,2025-10-04,,S007,Sterling Security Group,Security,North America,Preferred,P103,Secure Access Kit,Hardware,Security,25,5,201.88,5047.0,USD,Net 60,L. Morgan,In Transit,Matched,2.9,31,0,False,Sales,Asia Pacific,False,504.7,248.29,Paid
PO-01826,1,REQ-01826,2025-12-13,2025,2026-01-12,2026-01-12,S005,Meridian Logistics,Logistics,Europe,Strategic,P107,Support Renewal,Services,Support,7,7,236.24,1653.68,USD,Net 45,P. Nguyen,Received,Matched,4.1,30,0,True,Sales,Asia Pacific,True,165.37,112.02,Paid
PO-01827,1,REQ-01827,2024-10-15,2024,2024-11-06,,S008,Cobalt Professional Services,Services,Asia Pacific,Approved,P100,Analytics Platform,Software,Analytics,50,50,484.38,24219.0,USD,2/10 Net 30,T. Brown,In Transit,Pending,2.9,22,0,False,Technology,Asia Pacific,True,0.0,284.62,Scheduled
PO-01828,1,REQ-01828,2026-06-26,2026,2026-07-12,,S001,Apex Components,Hardware,North America,Strategic,P108,Mobile Scanner,Hardware,Devices,30,11,86.17,2585.1,USD,Net 60,P. Nguyen,In Transit,Matched,3.9,16,0,False,Operations,North America,False,258.51,190.89,Scheduled
PO-01829,1,REQ-01829,2026-09-24,2026,2026-10-25,,S004,Greenline Packaging,Packaging,North America,Approved,P103,Secure Access Kit,Hardware,Security,19,0,167.6,3184.4,USD,Net 30,T. Brown,Open,Pending,4.0,31,0,False,Technology,Asia Pacific,False,0.0,293.3,Scheduled
PO-01830,1,REQ-01830,2026-05-31,2026,2026-06-24,2026-07-09,S003,Pacific Industrial Ltd,Manufacturing,Asia Pacific,Preferred,P107,Support Renewal,Services,Support,53,53,255.21,13526.13,USD,2/10 Net 30,T. Brown,Received,Matched,3.3,24,15,False,Research,Europe,True,0.0,212.25,Scheduled
PO-01831,1,REQ-01831,2025-09-17,2025,2025-09-27,2025-10-05,S001,Apex Components,Hardware,North America,Strategic,P109,Forecasting Add-on,Software,Analytics,43,43,229.64,9874.52,USD,Net 30,P. Nguyen,Received,Matched,4.0,10,8,False,Research,Asia Pacific,False,493.73,439.68,Scheduled
PO-01832,1,REQ-01832,2024-01-20,2024,2024-02-19,,S001,Apex Components,Hardware,North America,Strategic,P104,Insight Pro License,Software,Licenses,46,33,118.69,5459.74,USD,2/10 Net 30,T. Brown,In Transit,Matched,4.4,30,0,False,Research,Europe,True,545.97,89.91,Scheduled
PO-01833,1,REQ-01833,2026-06-01,2026,2026-06-29,2026-06-29,S008,Cobalt Professional Services,Services,Asia Pacific,Approved,P105,Storage Array,Hardware,Storage,55,55,751.41,41327.55,USD,Net 30,D. Singh,Closed,Not Received,3.8,28,0,True,Technology,Asia Pacific,True,0.0,429.18,Paid
PO-01834,1,REQ-01834,2025-10-15,2025,2025-10-31,,S005,Meridian Logistics,Logistics,Europe,Strategic,P100,Analytics Platform,Software,Analytics,23,19,657.74,15128.02,USD,Net 60,D. Singh,In Transit,Pending,4.0,16,0,False,Facilities,North America,True,756.4,59.31,Paid
PO-01835,1,REQ-01835,2025-02-02,2025,2025-02-15,2025-02-15,S008,Cobalt Professional Services,Services,Asia Pacific,Approved,P105,Storage Array,Hardware,Storage,41,41,670.58,27493.78,USD,2/10 Net 30,D. Singh,Received,Pending,2.8,13,0,True,Research,North America,True,2199.5,238.99,Paid
PO-01836,1,REQ-01836,2023-05-06,2023,2023-06-12,2023-06-07,S002,Nimbus Cloud Supply,Technology,Europe,Preferred,P102,Edge Gateway,Hardware,Networking,35,35,216.6,7581.0,USD,2/10 Net 30,T. Brown,Received,Pending,4.1,37,0,True,Sales,Europe,True,606.48,351.38,Paid
PO-01837,1,REQ-01837,2024-05-31,2024,2024-07-04,,S006,Vertex Office Goods,Office Supplies,Latin America,Approved,P107,Support Renewal,Services,Support,12,0,213.82,2565.84,USD,Net 60,K. Wilson,Open,Pending,4.0,34,0,False,Technology,Europe,True,0.0,60.66,Scheduled
PO-01838,1,REQ-01838,2024-09-19,2024,2024-10-26,2024-10-26,S001,Apex Components,Hardware,North America,Strategic,P108,Mobile Scanner,Hardware,Devices,58,58,112.8,6542.4,USD,2/10 Net 30,T. Brown,Received,Pending,3.4,37,0,True,Technology,Europe,True,327.12,229.55,Paid
PO-01839,1,REQ-01839,2025-02-04,2025,2025-02-17,2025-02-25,S007,Sterling Security Group,Security,North America,Preferred,P102,Edge Gateway,Hardware,Networking,24,24,175.59,4214.16,USD,Net 60,L. Morgan,Received,Matched,3.4,13,8,False,Facilities,Europe,True,421.42,300.79,Overdue
PO-01840,1,REQ-01840,2023-03-02,2023,2023-03-18,,S008,Cobalt Professional Services,Services,Asia Pacific,Approved,P104,Insight Pro License,Software,Licenses,16,0,115.2,1843.2,USD,Net 30,T. Brown,Open,Matched,3.2,16,0,False,Facilities,North America,True,92.16,425.79,Paid
PO-01841,1,REQ-01841,2025-06-23,2025,2025-07-13,,S007,Sterling Security Group,Security,North America,Preferred,P104,Insight Pro License,Software,Licenses,17,0,89.07,1514.19,USD,Net 60,L. Morgan,Open,Not Received,3.7,20,0,False,Facilities,Europe,False,75.71,185.31,Paid
PO-01842,1,REQ-01842,2025-06-10,2025,2025-07-07,2025-07-07,S001,Apex Components,Hardware,North America,Strategic,P100,Analytics Platform,Software,Analytics,9,9,495.2,4456.8,USD,Net 30,D. Singh,Received,Matched,4.9,27,0,True,Technology,Asia Pacific,False,222.84,233.09,Paid
PO-01843,1,REQ-01843,2023-02-25,2023,2023-03-06,2023-03-06,S006,Vertex Office Goods,Office Supplies,Latin America,Approved,P104,Insight Pro License,Software,Licenses,9,9,116.27,1046.43,USD,Net 60,L. Morgan,Received,Matched,4.4,9,0,True,Sales,North America,True,0.0,9.2,Paid
PO-01844,1,REQ-01844,2026-05-14,2026,2026-06-07,2026-06-02,S007,Sterling Security Group,Security,North America,Preferred,P103,Secure Access Kit,Hardware,Security,61,61,122.44,7468.84,USD,Net 30,L. Morgan,Received,Pending,4.9,24,0,True,Research,North America,True,746.88,193.52,Paid
PO-01845,1,REQ-01845,2024-05-22,2024,2024-06-10,2024-06-10,S007,Sterling Security Group,Security,North America,Preferred,P108,Mobile Scanner,Hardware,Devices,19,19,98.34,1868.46,USD,2/10 Net 30,D. Singh,Closed,Matched,4.6,19,0,True,Facilities,North America,True,149.48,149.95,Paid
PO-01846,1,REQ-01846,2026-05-20,2026,2026-06-14,2026-06-09,S002,Nimbus Cloud Supply,Technology,Europe,Preferred,P106,Integration Services,Services,Consulting,27,27,755.48,20397.96,USD,Net 30,K. Wilson,Received,Pending,3.1,25,0,True,Facilities,Asia Pacific,True,1631.84,173.46,Scheduled
PO-01847,1,REQ-01847,2023-04-19,2023,2023-05-12,2023-05-15,S001,Apex Components,Hardware,North America,Strategic,P103,Secure Access Kit,Hardware,Security,38,38,143.87,5467.06,USD,Net 60,P. Nguyen,Received,Matched,4.4,23,3,False,Operations,Asia Pacific,True,0.0,93.52,Paid
PO-01848,1,REQ-01848,2026-01-14,2026,2026-02-06,,S004,Greenline Packaging,Packaging,North America,Approved,P105,Storage Array,Hardware,Storage,5,0,858.92,4294.6,USD,Net 45,T. Brown,Open,Pending,4.1,23,0,False,Technology,Europe,True,343.57,1.23,Scheduled
PO-01849,1,REQ-01849,2023-07-05,2023,2023-07-15,,S001,Apex Components,Hardware,North America,Strategic,P100,Analytics Platform,Software,Analytics,25,23,625.93,15648.25,USD,Net 60,P. Nguyen,In Transit,Matched,4.3,10,0,False,Sales,Asia Pacific,False,0.0,267.19,Paid
PO-01850,1,REQ-01850,2026-02-24,2026,2026-03-18,,S004,Greenline Packaging,Packaging,North America,Approved,P104,Insight Pro License,Software,Licenses,35,0,115.55,4044.25,USD,Net 30,D. Singh,Open,Matched,4.2,22,0,False,Facilities,North America,True,323.54,247.06,Overdue
PO-01851,1,REQ-01851,2025-02-21,2025,2025-03-18,2025-03-21,S006,Vertex Office Goods,Office Supplies,Latin America,Approved,P109,Forecasting Add-on,Software,Analytics,10,10,155.4,1554.0,USD,Net 45,K. Wilson,Received,Pending,4.9,25,3,False,Research,Europe,True,124.32,268.76,Paid
PO-01852,1,REQ-01852,2024-01-28,2024,2024-03-01,2024-03-01,S006,Vertex Office Goods,Office Supplies,Latin America,Approved,P101,Cloud Data Suite,Software,Cloud,12,12,441.21,5294.52,USD,Net 45,D. Singh,Received,Not Received,4.4,33,0,True,Research,Asia Pacific,False,423.56,63.9,Scheduled
PO-01853,1,REQ-01853,2026-09-03,2026,2026-09-22,2026-09-17,S008,Cobalt Professional Services,Services,Asia Pacific,Approved,P108,Mobile Scanner,Hardware,Devices,44,44,135.85,5977.4,USD,Net 60,P. Nguyen,Received,Matched,3.0,19,0,True,Technology,North America,True,597.74,75.9,Paid
PO-01854,1,REQ-01854,2023-12-23,2023,2023-12-31,2024-01-08,S004,Greenline Packaging,Packaging,North America,Approved,P100,Analytics Platform,Software,Analytics,40,40,510.18,20407.2,USD,Net 60,T. Brown,Received,Pending,3.9,8,8,False,Sales,Asia Pacific,False,0.0,1.85,Overdue
PO-01855,1,REQ-01855,2025-06-26,2025,2025-07-21,,S002,Nimbus Cloud Supply,Technology,Europe,Preferred,P101,Cloud Data Suite,Software,Cloud,48,0,503.4,24163.2,USD,Net 45,K. Wilson,Cancelled,Matched,5.0,25,0,False,Research,Asia Pacific,True,1933.06,423.84,Paid
PO-01856,1,REQ-01856,2026-04-25,2026,2026-05-05,2026-04-30,S006,Vertex Office Goods,Office Supplies,Latin America,Approved,P101,Cloud Data Suite,Software,Cloud,27,27,516.14,13935.78,USD,2/10 Net 30,K. Wilson,Received,Matched,4.6,10,0,True,Facilities,Europe,True,1393.58,316.67,Scheduled
PO-01857,1,REQ-01857,2026-09-11,2026,2026-10-08,2026-10-11,S007,Sterling Security Group,Security,North America,Preferred,P101,Cloud Data Suite,Software,Cloud,65,65,395.38,25699.7,USD,Net 60,T. Brown,Received,Pending,3.4,27,3,False,Technology,Europe,True,2055.98,399.7,Paid
PO-01858,1,REQ-01858,2024-10-11,2024,2024-10-28,2024-10-31,S008,Cobalt Professional Services,Services,Asia Pacific,Approved,P108,Mobile Scanner,Hardware,Devices,32,32,98.42,3149.44,USD,Net 45,D. Singh,Received,Matched,4.7,17,3,False,Operations,Europe,True,251.96,420.44,Paid
PO-01859,1,REQ-01859,2024-05-18,2024,2024-06-12,2024-06-12,S004,Greenline Packaging,Packaging,North America,Approved,P102,Edge Gateway,Hardware,Networking,13,13,235.93,3067.09,USD,Net 30,K. Wilson,Received,Not Received,4.3,25,0,True,Facilities,North America,True,0.0,211.96,Paid
PO-01860,1,REQ-01860,2024-09-28,2024,2024-10-27,2024-10-27,S008,Cobalt Professional Services,Services,Asia Pacific,Approved,P104,Insight Pro License,Software,Licenses,42,42,126.52,5313.84,USD,Net 60,P. Nguyen,Received,Matched,4.6,29,0,True,Sales,North America,True,425.11,23.71,Paid
PO-01861,1,REQ-01861,2024-08-04,2024,2024-08-14,2024-08-29,S002,Nimbus Cloud Supply,Technology,Europe,Preferred,P104,Insight Pro License,Software,Licenses,33,33,116.68,3850.44,USD,Net 30,T. Brown,Received,Matched,2.9,10,15,False,Research,Asia Pacific,True,192.52,416.34,Paid
PO-01862,1,REQ-01862,2025-12-03,2025,2026-01-03,2026-01-03,S008,Cobalt Professional Services,Services,Asia Pacific,Approved,P100,Analytics Platform,Software,Analytics,38,38,567.85,21578.3,USD,2/10 Net 30,T. Brown,Received,Matched,4.0,31,0,True,Technology,Asia Pacific,True,1078.91,206.7,Paid
PO-01863,1,REQ-01863,2025-01-03,2025,2025-01-23,2025-01-26,S003,Pacific Industrial Ltd,Manufacturing,Asia Pacific,Preferred,P106,Integration Services,Services,Consulting,33,33,745.43,24599.19,USD,Net 30,T. Brown,Received,Pending,4.9,20,3,False,Operations,Europe,True,1229.96,135.29,Scheduled
PO-01864,1,REQ-01864,2023-03-20,2023,2023-04-15,2023-04-15,S008,Cobalt Professional Services,Services,Asia Pacific,Approved,P105,Storage Array,Hardware,Storage,45,45,836.78,37655.1,USD,2/10 Net 30,K. Wilson,Received,Disputed,4.3,26,0,True,Technology,Europe,True,0.0,158.3,Paid
PO-01865,1,REQ-01865,2023-01-27,2023,2023-02-10,2023-02-05,S007,Sterling Security Group,Security,North America,Preferred,P103,Secure Access Kit,Hardware,Security,62,62,138.12,8563.44,USD,2/10 Net 30,D. Singh,Received,Not Received,5.0,14,0,True,Technology,Asia Pacific,True,0.0,285.53,Paid
PO-01866,1,REQ-01866,2023-05-18,2023,2023-06-09,,S008,Cobalt Professional Services,Services,Asia Pacific,Approved,P104,Insight Pro License,Software,Licenses,16,0,82.84,1325.44,USD,2/10 Net 30,D. Singh,Open,Matched,4.3,22,0,False,Operations,North America,True,0.0,169.57,Scheduled
PO-01867,1,REQ-01867,2024-09-09,2024,2024-10-10,2024-10-13,S006,Vertex Office Goods,Office Supplies,Latin America,Approved,P105,Storage Array,Hardware,Storage,33,33,600.7,19823.1,USD,Net 60,P. Nguyen,Received,Matched,3.3,31,3,False,Operations,Asia Pacific,False,1585.85,415.41,Scheduled
PO-01868,1,REQ-01868,2024-03-26,2024,2024-04-09,,S007,Sterling Security Group,Security,North America,Preferred,P101,Cloud Data Suite,Software,Cloud,29,10,280.93,8146.97,USD,Net 60,L. Morgan,In Transit,Matched,4.7,14,0,False,Sales,North America,True,651.76,337.93,Paid
PO-01869,1,REQ-01869,2026-04-02,2026,2026-04-30,,S004,Greenline Packaging,Packaging,North America,Approved,P104,Insight Pro License,Software,Licenses,45,11,72.85,3278.25,USD,Net 60,L. Morgan,In Transit,Disputed,3.5,28,0,False,Technology,North America,True,0.0,274.88,Paid
PO-01870,1,REQ-01870,2026-02-24,2026,2026-03-30,2026-04-02,S002,Nimbus Cloud Supply,Technology,Europe,Preferred,P107,Support Renewal,Services,Support,19,19,182.27,3463.13,USD,Net 60,P. Nguyen,Received,Matched,3.8,34,3,False,Sales,Europe,True,173.16,372.7,Scheduled
PO-01871,1,REQ-01871,2025-07-20,2025,2025-08-24,,S004,Greenline Packaging,Packaging,North America,Approved,P104,Insight Pro License,Software,Licenses,47,0,129.57,6089.79,USD,Net 60,P. Nguyen,Open,Not Received,2.9,35,0,False,Operations,Europe,True,487.18,383.24,Paid
PO-01872,1,REQ-01872,2026-02-01,2026,2026-02-28,,S004,Greenline Packaging,Packaging,North America,Approved,P105,Storage Array,Hardware,Storage,43,0,480.2,20648.6,USD,Net 60,T. Brown,Open,Matched,4.2,27,0,False,Sales,Asia Pacific,True,0.0,292.97,Paid
PO-01873,1,REQ-01873,2025-01-11,2025,2025-02-02,2025-02-05,S007,Sterling Security Group,Security,North America,Preferred,P103,Secure Access Kit,Hardware,Security,15,15,121.4,1821.0,USD,Net 30,K. Wilson,Received,Matched,3.4,22,3,False,Technology,Asia Pacific,True,145.68,182.77,Paid
PO-01874,1,REQ-01874,2024-04-26,2024,2024-05-29,,S007,Sterling Security Group,Security,North America,Preferred,P102,Edge Gateway,Hardware,Networking,45,27,276.46,12440.7,USD,Net 45,K. Wilson,In Transit,Not Received,4.2,33,0,False,Sales,North America,True,995.26,411.12,Scheduled
PO-01875,1,REQ-01875,2023-03-08,2023,2023-03-14,2023-03-14,S008,Cobalt Professional Services,Services,Asia Pacific,Approved,P104,Insight Pro License,Software,Licenses,33,33,111.45,3677.85,USD,Net 45,L. Morgan,Received,Matched,3.8,6,0,True,Operations,Europe,False,294.23,76.18,Paid
PO-01876,1,REQ-01876,2023-08-03,2023,2023-08-19,,S004,Greenline Packaging,Packaging,North America,Approved,P101,Cloud Data Suite,Software,Cloud,32,2,420.22,13447.04,USD,2/10 Net 30,K. Wilson,In Transit,Matched,2.9,16,0,False,Sales,Asia Pacific,False,1075.76,190.72,Paid
PO-01877,1,REQ-01877,2025-12-13,2025,2025-12-30,2026-01-07,S007,Sterling Security Group,Security,North America,Preferred,P109,Forecasting Add-on,Software,Analytics,70,70,183.39,12837.3,USD,Net 45,D. Singh,Received,Not Received,4.1,17,8,False,Operations,North America,False,0.0,89.08,Scheduled
PO-01878,1,REQ-01878,2024-06-16,2024,2024-07-01,2024-06-26,S001,Apex Components,Hardware,North America,Strategic,P109,Forecasting Add-on,Software,Analytics,57,57,216.81,12358.17,USD,Net 60,P. Nguyen,Received,Pending,4.0,15,0,True,Facilities,Asia Pacific,True,0.0,38.39,Overdue
PO-01879,1,REQ-01879,2023-11-27,2023,2023-12-17,2023-12-17,S006,Vertex Office Goods,Office Supplies,Latin America,Approved,P105,Storage Array,Hardware,Storage,39,39,611.64,23853.96,USD,Net 45,T. Brown,Received,Pending,3.3,20,0,True,Sales,Asia Pacific,True,1192.7,378.68,Paid
PO-01880,1,REQ-01880,2026-07-31,2026,2026-08-19,,S001,Apex Components,Hardware,North America,Strategic,P106,Integration Services,Services,Consulting,12,8,925.65,11107.8,USD,Net 30,K. Wilson,In Transit,Matched,4.4,19,0,False,Operations,Europe,False,1110.78,382.59,Paid
PO-01881,1,REQ-01881,2023-09-27,2023,2023-10-11,2023-10-14,S004,Greenline Packaging,Packaging,North America,Approved,P108,Mobile Scanner,Hardware,Devices,66,66,112.11,7399.26,USD,Net 60,T. Brown,Received,Disputed,3.2,14,3,False,Research,Europe,True,739.93,413.56,Paid
PO-01882,1,REQ-01882,2024-05-09,2024,2024-05-27,2024-05-27,S007,Sterling Security Group,Security,North America,Preferred,P105,Storage Array,Hardware,Storage,37,37,756.01,27972.37,USD,Net 60,P. Nguyen,Received,Pending,2.9,18,0,True,Operations,Europe,False,1398.62,331.24,Paid
PO-01883,1,REQ-01883,2023-02-19,2023,2023-03-11,2023-03-19,S008,Cobalt Professional Services,Services,Asia Pacific,Approved,P109,Forecasting Add-on,Software,Analytics,52,52,174.58,9078.16,USD,2/10 Net 30,L. Morgan,Received,Matched,4.5,20,8,False,Sales,Europe,False,0.0,290.75,Scheduled
PO-01884,1,REQ-01884,2026-01-16,2026,2026-02-11,,S005,Meridian Logistics,Logistics,Europe,Strategic,P106,Integration Services,Services,Consulting,33,0,785.97,25937.01,USD,Net 30,P. Nguyen,Open,Matched,3.2,26,0,False,Research,Europe,True,1296.85,332.83,Paid
PO-01885,1,REQ-01885,2023-10-01,2023,2023-10-19,2023-10-14,S002,Nimbus Cloud Supply,Technology,Europe,Preferred,P105,Storage Array,Hardware,Storage,30,30,739.84,22195.2,USD,Net 30,T. Brown,Received,Not Received,3.1,18,0,True,Operations,Europe,True,1109.76,182.59,Paid
PO-01886,1,REQ-01886,2026-01-16,2026,2026-01-30,2026-01-30,S004,Greenline Packaging,Packaging,North America,Approved,P103,Secure Access Kit,Hardware,Security,59,59,171.96,10145.64,USD,Net 60,L. Morgan,Received,Matched,3.8,14,0,True,Sales,North America,True,811.65,240.96,Scheduled
PO-01887,1,REQ-01887,2023-08-10,2023,2023-08-12,,S007,Sterling Security Group,Security,North America,Preferred,P100,Analytics Platform,Software,Analytics,46,0,368.19,16936.74,USD,2/10 Net 30,D. Singh,Cancelled,Pending,4.1,2,0,False,Research,Asia Pacific,False,846.84,32.31,Paid
PO-01888,1,REQ-01888,2025-07-11,2025,2025-08-04,2025-08-07,S005,Meridian Logistics,Logistics,Europe,Strategic,P107,Support Renewal,Services,Support,37,37,161.6,5979.2,USD,Net 60,P. Nguyen,Received,Matched,3.6,24,3,False,Operations,Europe,True,478.34,260.08,Paid
PO-01889,1,REQ-01889,2025-11-03,2025,2025-11-21,2025-11-21,S008,Cobalt Professional Services,Services,Asia Pacific,Approved,P106,Integration Services,Services,Consulting,70,70,974.28,68199.6,USD,Net 60,D. Singh,Received,Matched,3.3,18,0,True,Facilities,Europe,False,5455.97,225.16,Paid
PO-01890,1,REQ-01890,2023-09-29,2023,2023-10-28,2023-10-31,S005,Meridian Logistics,Logistics,Europe,Strategic,P106,Integration Services,Services,Consulting,58,58,1054.6,61166.8,USD,2/10 Net 30,T. Brown,Received,Pending,4.1,29,3,False,Technology,Asia Pacific,False,4893.34,123.83,Scheduled
PO-01891,1,REQ-01891,2026-03-23,2026,2026-04-13,2026-04-21,S006,Vertex Office Goods,Office Supplies,Latin America,Approved,P101,Cloud Data Suite,Software,Cloud,31,31,288.52,8944.12,USD,Net 45,K. Wilson,Received,Pending,3.6,21,8,False,Sales,Asia Pacific,True,447.21,216.59,Paid
PO-01892,1,REQ-01892,2023-10-26,2023,2023-10-27,,S002,Nimbus Cloud Supply,Technology,Europe,Preferred,P104,Insight Pro License,Software,Licenses,19,0,68.68,1304.92,USD,2/10 Net 30,L. Morgan,Open,Pending,3.0,1,0,False,Technology,Asia Pacific,True,65.25,438.57,Paid
PO-01893,1,REQ-01893,2025-01-14,2025,2025-02-09,2025-02-09,S007,Sterling Security Group,Security,North America,Preferred,P107,Support Renewal,Services,Support,69,69,142.29,9818.01,USD,2/10 Net 30,K. Wilson,Received,Not Received,4.2,26,0,True,Facilities,Asia Pacific,True,785.44,162.08,Paid
PO-01894,1,REQ-01894,2026-03-14,2026,2026-03-29,2026-03-29,S004,Greenline Packaging,Packaging,North America,Approved,P104,Insight Pro License,Software,Licenses,58,58,72.13,4183.54,USD,Net 30,T. Brown,Received,Pending,4.6,15,0,True,Facilities,Asia Pacific,True,0.0,309.87,Paid
PO-01895,1,REQ-01895,2026-08-15,2026,2026-09-09,,S004,Greenline Packaging,Packaging,North America,Approved,P105,Storage Array,Hardware,Storage,5,4,597.74,2988.7,USD,Net 60,L. Morgan,In Transit,Matched,5.0,25,0,False,Research,Europe,True,149.44,52.95,Overdue
PO-01896,1,REQ-01896,2026-07-27,2026,2026-07-31,2026-07-26,S001,Apex Components,Hardware,North America,Strategic,P104,Insight Pro License,Software,Licenses,20,20,79.63,1592.6,USD,Net 45,T. Brown,Received,Pending,4.1,4,0,True,Operations,Europe,False,127.41,234.67,Paid
PO-01897,1,REQ-01897,2024-08-18,2024,2024-09-19,,S008,Cobalt Professional Services,Services,Asia Pacific,Approved,P101,Cloud Data Suite,Software,Cloud,68,50,317.44,21585.92,USD,Net 45,K. Wilson,In Transit,Matched,4.6,32,0,False,Research,North America,False,0.0,68.66,Scheduled
PO-01898,1,REQ-01898,2023-01-18,2023,2023-02-17,2023-03-04,S008,Cobalt Professional Services,Services,Asia Pacific,Approved,P100,Analytics Platform,Software,Analytics,35,35,636.32,22271.2,USD,Net 30,D. Singh,Received,Matched,3.1,30,15,False,Facilities,Europe,True,2227.12,91.14,Paid
PO-01899,1,REQ-01899,2026-06-22,2026,2026-07-02,,S003,Pacific Industrial Ltd,Manufacturing,Asia Pacific,Preferred,P107,Support Renewal,Services,Support,40,33,191.68,7667.2,USD,Net 60,D. Singh,In Transit,Matched,3.3,10,0,False,Research,Europe,False,383.36,22.4,Scheduled
PO-01900,1,REQ-01900,2024-09-25,2024,2024-10-23,,S002,Nimbus Cloud Supply,Technology,Europe,Preferred,P101,Cloud Data Suite,Software,Cloud,46,0,357.54,16446.84,USD,Net 45,D. Singh,Open,Pending,3.3,28,0,False,Technology,North America,True,822.34,305.89,Paid
PO-01901,1,REQ-01901,2023-09-10,2023,2023-10-10,2023-10-10,S007,Sterling Security Group,Security,North America,Preferred,P101,Cloud Data Suite,Software,Cloud,34,34,372.91,12678.94,USD,2/10 Net 30,K. Wilson,Received,Matched,3.7,30,0,True,Operations,Asia Pacific,True,0.0,35.38,Paid
PO-01902,1,REQ-01902,2026-03-09,2026,2026-04-03,,S008,Cobalt Professional Services,Services,Asia Pacific,Approved,P101,Cloud Data Suite,Software,Cloud,54,34,441.04,23816.16,USD,Net 30,L. Morgan,In Transit,Not Received,3.8,25,0,False,Sales,North America,True,1905.29,339.9,Overdue
PO-01903,1,REQ-01903,2026-06-12,2026,2026-07-03,,S006,Vertex Office Goods,Office Supplies,Latin America,Approved,P106,Integration Services,Services,Consulting,31,29,594.45,18427.95,USD,Net 60,P. Nguyen,In Transit,Matched,4.4,21,0,False,Sales,Europe,True,0.0,172.08,Paid
PO-01904,1,REQ-01904,2024-03-24,2024,2024-04-17,,S007,Sterling Security Group,Security,North America,Preferred,P102,Edge Gateway,Hardware,Networking,62,0,211.9,13137.8,USD,Net 60,D. Singh,Open,Not Received,4.7,24,0,False,Facilities,Europe,False,1051.02,308.63,Paid
PO-01905,1,REQ-01905,2025-12-05,2025,2025-12-17,2025-12-25,S007,Sterling Security Group,Security,North America,Preferred,P109,Forecasting Add-on,Software,Analytics,66,66,137.83,9096.78,USD,Net 45,P. Nguyen,Received,Matched,4.7,12,8,False,Sales,Asia Pacific,False,909.68,179.52,Paid
PO-01906,1,REQ-01906,2023-12-22,2023,2024-01-06,,S007,Sterling Security Group,Security,North America,Preferred,P103,Secure Access Kit,Hardware,Security,59,0,112.35,6628.65,USD,Net 30,K. Wilson,Open,Matched,4.0,15,0,False,Research,North America,False,0.0,337.38,Scheduled
PO-01907,1,REQ-01907,2026-08-07,2026,2026-08-30,,S003,Pacific Industrial Ltd,Manufacturing,Asia Pacific,Preferred,P102,Edge Gateway,Hardware,Networking,67,0,209.92,14064.64,USD,Net 30,D. Singh,Open,Matched,4.6,23,0,False,Facilities,Europe,True,1125.17,428.38,Paid
PO-01908,1,REQ-01908,2024-03-08,2024,2024-03-27,2024-03-30,S003,Pacific Industrial Ltd,Manufacturing,Asia Pacific,Preferred,P101,Cloud Data Suite,Software,Cloud,5,5,445.15,2225.75,USD,Net 60,T. Brown,Received,Matched,3.1,19,3,False,Research,Asia Pacific,True,111.29,226.21,Paid
PO-01909,1,REQ-01909,2024-07-06,2024,2024-07-25,,S006,Vertex Office Goods,Office Supplies,Latin America,Approved,P100,Analytics Platform,Software,Analytics,26,23,613.18,15942.68,USD,Net 60,D. Singh,In Transit,Matched,4.2,19,0,False,Research,North America,True,1275.41,59.99,Paid
PO-01910,1,REQ-01910,2025-07-17,2025,2025-08-08,,S008,Cobalt Professional Services,Services,Asia Pacific,Approved,P101,Cloud Data Suite,Software,Cloud,55,55,397.4,21857.0,USD,Net 30,L. Morgan,In Transit,Not Received,2.8,22,0,False,Research,North America,True,2185.7,234.3,Paid
PO-01911,1,REQ-01911,2025-07-20,2025,2025-08-12,2025-08-07,S008,Cobalt Professional Services,Services,Asia Pacific,Approved,P105,Storage Array,Hardware,Storage,60,60,842.48,50548.8,USD,Net 45,L. Morgan,Received,Pending,4.0,23,0,True,Research,North America,True,5054.88,249.81,Paid
PO-01912,1,REQ-01912,2026-08-29,2026,2026-09-12,2026-09-27,S007,Sterling Security Group,Security,North America,Preferred,P103,Secure Access Kit,Hardware,Security,18,18,131.82,2372.76,USD,Net 60,T. Brown,Received,Not Received,3.9,14,15,False,Technology,Europe,False,189.82,440.52,Scheduled
PO-01913,1,REQ-01913,2025-06-21,2025,2025-07-04,2025-07-07,S005,Meridian Logistics,Logistics,Europe,Strategic,P100,Analytics Platform,Software,Analytics,63,63,421.38,26546.94,USD,Net 45,D. Singh,Received,Matched,4.8,13,3,False,Operations,Asia Pacific,True,2654.69,131.16,Paid
PO-01914,1,REQ-01914,2026-07-01,2026,2026-07-23,2026-07-31,S004,Greenline Packaging,Packaging,North America,Approved,P100,Analytics Platform,Software,Analytics,44,44,666.4,29321.6,USD,Net 30,D. Singh,Received,Matched,3.0,22,8,False,Facilities,Europe,True,2345.73,339.39,Paid
PO-01915,1,REQ-01915,2026-02-21,2026,2026-03-23,2026-03-23,S004,Greenline Packaging,Packaging,North America,Approved,P109,Forecasting Add-on,Software,Analytics,64,64,224.28,14353.92,USD,2/10 Net 30,P. Nguyen,Closed,Pending,4.4,30,0,True,Sales,Europe,True,717.7,1.15,Paid
PO-01916,1,REQ-01916,2026-02-04,2026,2026-03-09,2026-03-17,S001,Apex Components,Hardware,North America,Strategic,P104,Insight Pro License,Software,Licenses,69,69,111.19,7672.11,USD,2/10 Net 30,L. Morgan,Received,Matched,2.9,33,8,False,Facilities,Asia Pacific,True,383.61,180.06,Scheduled
PO-01917,1,REQ-01917,2025-03-21,2025,2025-04-15,2025-04-10,S004,Greenline Packaging,Packaging,North America,Approved,P102,Edge Gateway,Hardware,Networking,40,40,225.11,9004.4,USD,Net 60,D. Singh,Received,Not Received,3.1,25,0,True,Technology,Asia Pacific,False,450.22,259.08,Scheduled
PO-01918,1,REQ-01918,2026-02-16,2026,2026-03-17,2026-03-17,S008,Cobalt Professional Services,Services,Asia Pacific,Approved,P106,Integration Services,Services,Consulting,65,65,702.58,45667.7,USD,Net 30,L. Morgan,Received,Matched,4.8,29,0,True,Operations,Europe,False,3653.42,440.57,Paid
PO-01919,1,REQ-01919,2026-05-01,2026,2026-05-20,2026-05-20,S005,Meridian Logistics,Logistics,Europe,Strategic,P105,Storage Array,Hardware,Storage,61,61,611.83,37321.63,USD,Net 30,D. Singh,Closed,Not Received,4.8,19,0,True,Research,Asia Pacific,True,0.0,5.99,Paid
PO-01920,1,REQ-01920,2025-07-11,2025,2025-08-02,2025-08-02,S008,Cobalt Professional Services,Services,Asia Pacific,Approved,P105,Storage Array,Hardware,Storage,13,13,751.51,9769.63,USD,2/10 Net 30,K. Wilson,Received,Matched,3.7,22,0,True,Sales,North America,True,0.0,28.11,Overdue
PO-01921,1,REQ-01921,2026-06-17,2026,2026-07-14,,S002,Nimbus Cloud Supply,Technology,Europe,Preferred,P103,Secure Access Kit,Hardware,Security,20,0,179.49,3589.8,USD,Net 30,L. Morgan,Open,Not Received,3.2,27,0,False,Operations,Asia Pacific,False,287.18,338.17,Paid
PO-01922,1,REQ-01922,2025-07-04,2025,2025-08-11,,S006,Vertex Office Goods,Office Supplies,Latin America,Approved,P109,Forecasting Add-on,Software,Analytics,39,0,168.19,6559.41,USD,Net 30,L. Morgan,Cancelled,Matched,4.5,38,0,False,Sales,North America,False,0.0,189.27,Scheduled
PO-01923,1,REQ-01923,2026-02-20,2026,2026-03-23,,S008,Cobalt Professional Services,Services,Asia Pacific,Approved,P102,Edge Gateway,Hardware,Networking,47,19,197.19,9267.93,USD,Net 60,L. Morgan,In Transit,Pending,3.9,31,0,False,Facilities,Europe,True,741.43,158.64,Paid
PO-01924,1,REQ-01924,2023-08-29,2023,2023-10-06,2023-10-06,S002,Nimbus Cloud Supply,Technology,Europe,Preferred,P106,Integration Services,Services,Consulting,25,25,598.5,14962.5,USD,Net 60,K. Wilson,Received,Not Received,3.4,38,0,True,Facilities,Europe,True,1496.25,30.75,Overdue
PO-01925,1,REQ-01925,2024-12-26,2024,2025-01-16,2025-01-16,S002,Nimbus Cloud Supply,Technology,Europe,Preferred,P109,Forecasting Add-on,Software,Analytics,27,27,154.55,4172.85,USD,Net 60,D. Singh,Received,Not Received,3.3,21,0,True,Technology,North America,True,0.0,337.28,Scheduled
PO-01926,1,REQ-01926,2024-10-23,2024,2024-11-20,2024-11-20,S006,Vertex Office Goods,Office Supplies,Latin America,Approved,P105,Storage Array,Hardware,Storage,12,12,897.54,10770.48,USD,2/10 Net 30,L. Morgan,Received,Matched,3.2,28,0,True,Facilities,Europe,False,0.0,189.43,Paid
PO-01927,1,REQ-01927,2024-01-20,2024,2024-01-29,2024-01-29,S004,Greenline Packaging,Packaging,North America,Approved,P104,Insight Pro License,Software,Licenses,53,53,108.83,5767.99,USD,Net 30,P. Nguyen,Received,Matched,4.8,9,0,True,Research,North America,False,288.4,30.88,Scheduled
PO-01928,1,REQ-01928,2026-04-14,2026,2026-05-23,,S001,Apex Components,Hardware,North America,Strategic,P105,Storage Array,Hardware,Storage,16,0,478.51,7656.16,USD,Net 60,P. Nguyen,Open,Matched,4.2,39,0,False,Research,Europe,True,0.0,270.49,Scheduled
PO-01929,1,REQ-01929,2025-01-05,2025,2025-01-28,,S002,Nimbus Cloud Supply,Technology,Europe,Preferred,P104,Insight Pro License,Software,Licenses,7,0,87.36,611.52,USD,Net 30,T. Brown,Open,Pending,4.8,23,0,False,Research,North America,False,48.92,362.25,Paid
PO-01930,1,REQ-01930,2023-01-18,2023,2023-02-05,2023-02-05,S003,Pacific Industrial Ltd,Manufacturing,Asia Pacific,Preferred,P107,Support Renewal,Services,Support,61,61,243.75,14868.75,USD,Net 30,K. Wilson,Received,Matched,4.7,18,0,True,Technology,North America,True,1486.88,77.46,Paid
PO-01931,1,REQ-01931,2025-03-23,2025,2025-04-25,2025-04-25,S006,Vertex Office Goods,Office Supplies,Latin America,Approved,P108,Mobile Scanner,Hardware,Devices,10,10,126.75,1267.5,USD,2/10 Net 30,K. Wilson,Received,Matched,4.0,33,0,True,Research,North America,True,0.0,288.55,Paid
PO-01932,1,REQ-01932,2023-11-03,2023,2023-11-20,2023-11-20,S008,Cobalt Professional Services,Services,Asia Pacific,Approved,P104,Insight Pro License,Software,Licenses,25,25,72.97,1824.25,USD,Net 60,T. Brown,Received,Matched,3.5,17,0,True,Sales,North America,True,91.21,301.86,Paid
PO-01933,1,REQ-01933,2025-09-13,2025,2025-10-04,2025-10-07,S006,Vertex Office Goods,Office Supplies,Latin America,Approved,P100,Analytics Platform,Software,Analytics,52,52,667.85,34728.2,USD,Net 30,T. Brown,Received,Matched,4.9,21,3,False,Operations,Asia Pacific,True,1736.41,305.33,Paid
PO-01934,1,REQ-01934,2023-12-23,2023,2024-01-23,2024-01-18,S002,Nimbus Cloud Supply,Technology,Europe,Preferred,P101,Cloud Data Suite,Software,Cloud,29,29,299.29,8679.41,USD,Net 30,L. Morgan,Received,Matched,3.8,31,0,True,Operations,Asia Pacific,False,867.94,280.38,Paid
PO-01935,1,REQ-01935,2025-01-22,2025,2025-02-21,2025-02-16,S007,Sterling Security Group,Security,North America,Preferred,P109,Forecasting Add-on,Software,Analytics,67,67,164.93,11050.31,USD,Net 30,P. Nguyen,Received,Pending,3.9,30,0,True,Research,Europe,True,552.52,129.1,Paid
PO-01936,1,REQ-01936,2026-09-18,2026,2026-10-15,,S003,Pacific Industrial Ltd,Manufacturing,Asia Pacific,Preferred,P100,Analytics Platform,Software,Analytics,38,0,464.76,17660.88,USD,Net 30,K. Wilson,Open,Matched,3.3,27,0,False,Research,Asia Pacific,True,1766.09,445.94,Overdue
PO-01937,1,REQ-01937,2026-07-12,2026,2026-07-31,2026-07-26,S006,Vertex Office Goods,Office Supplies,Latin America,Approved,P101,Cloud Data Suite,Software,Cloud,66,66,332.98,21976.68,USD,Net 30,T. Brown,Received,Not Received,2.9,19,0,True,Sales,North America,True,1098.83,153.43,Paid
PO-01938,1,REQ-01938,2026-03-09,2026,2026-03-30,2026-04-02,S001,Apex Components,Hardware,North America,Strategic,P106,Integration Services,Services,Consulting,50,50,967.02,48351.0,USD,2/10 Net 30,K. Wilson,Received,Matched,4.3,21,3,False,Technology,Asia Pacific,True,3868.08,399.36,Paid
PO-01939,1,REQ-01939,2024-02-15,2024,2024-03-05,,S006,Vertex Office Goods,Office Supplies,Latin America,Approved,P100,Analytics Platform,Software,Analytics,32,0,562.63,18004.16,USD,Net 45,L. Morgan,Open,Matched,3.7,19,0,False,Technology,Asia Pacific,True,1440.33,396.25,Paid
PO-01940,1,REQ-01940,2025-09-13,2025,2025-09-30,,S007,Sterling Security Group,Security,North America,Preferred,P108,Mobile Scanner,Hardware,Devices,14,0,107.14,1499.96,USD,2/10 Net 30,T. Brown,Open,Not Received,4.6,17,0,False,Sales,North America,True,150.0,293.68,Paid
PO-01941,1,REQ-01941,2023-10-31,2023,2023-11-19,2023-11-27,S005,Meridian Logistics,Logistics,Europe,Strategic,P102,Edge Gateway,Hardware,Networking,24,24,226.91,5445.84,USD,Net 30,D. Singh,Received,Matched,4.1,19,8,False,Operations,North America,True,0.0,27.69,Overdue
PO-01942,1,REQ-01942,2026-09-07,2026,2026-10-05,2026-10-20,S004,Greenline Packaging,Packaging,North America,Approved,P103,Secure Access Kit,Hardware,Security,64,64,180.92,11578.88,USD,Net 45,T. Brown,Received,Matched,4.4,28,15,False,Sales,Asia Pacific,True,1157.89,357.86,Scheduled
PO-01943,1,REQ-01943,2024-10-13,2024,2024-11-19,2024-11-19,S002,Nimbus Cloud Supply,Technology,Europe,Preferred,P105,Storage Array,Hardware,Storage,44,44,496.75,21857.0,USD,Net 60,T. Brown,Received,Pending,3.9,37,0,True,Sales,North America,True,0.0,306.4,Scheduled
PO-01944,1,REQ-01944,2026-02-09,2026,2026-03-03,2026-03-03,S001,Apex Components,Hardware,North America,Strategic,P104,Insight Pro License,Software,Licenses,57,57,120.0,6840.0,USD,Net 45,D. Singh,Received,Pending,4.8,22,0,True,Research,Europe,False,342.0,40.1,Paid
PO-01945,1,REQ-01945,2025-08-01,2025,2025-08-31,,S006,Vertex Office Goods,Office Supplies,Latin America,Approved,P103,Secure Access Kit,Hardware,Security,57,53,145.55,8296.35,USD,Net 60,L. Morgan,In Transit,Matched,4.7,30,0,False,Facilities,Asia Pacific,True,0.0,355.27,Scheduled
PO-01946,1,REQ-01946,2026-08-14,2026,2026-09-06,2026-09-09,S008,Cobalt Professional Services,Services,Asia Pacific,Approved,P102,Edge Gateway,Hardware,Networking,48,48,241.56,11594.88,USD,Net 60,D. Singh,Received,Matched,4.2,23,3,False,Sales,Europe,True,927.59,22.32,Paid
PO-01947,1,REQ-01947,2024-10-07,2024,2024-11-18,,S004,Greenline Packaging,Packaging,North America,Approved,P107,Support Renewal,Services,Support,25,0,196.33,4908.25,USD,Net 45,T. Brown,Cancelled,Pending,4.0,42,0,False,Research,Europe,False,490.83,124.31,Paid
PO-01948,1,REQ-01948,2025-06-17,2025,2025-07-21,2025-07-21,S002,Nimbus Cloud Supply,Technology,Europe,Preferred,P100,Analytics Platform,Software,Analytics,48,48,544.62,26141.76,USD,Net 30,K. Wilson,Received,Not Received,4.0,34,0,True,Operations,Europe,True,1307.09,404.32,Scheduled
PO-01949,1,REQ-01949,2024-07-25,2024,2024-08-25,2024-08-25,S003,Pacific Industrial Ltd,Manufacturing,Asia Pacific,Preferred,P103,Secure Access Kit,Hardware,Security,59,59,165.06,9738.54,USD,Net 45,D. Singh,Received,Not Received,2.9,31,0,True,Technology,Asia Pacific,True,779.08,391.51,Paid
PO-01950,1,REQ-01950,2024-06-19,2024,2024-07-04,2024-07-19,S001,Apex Components,Hardware,North America,Strategic,P107,Support Renewal,Services,Support,10,10,185.17,1851.7,USD,Net 30,D. Singh,Received,Matched,4.3,15,15,False,Operations,Europe,True,185.17,182.16,Scheduled
PO-01951,1,REQ-01951,2025-12-03,2025,2025-12-25,,S004,Greenline Packaging,Packaging,North America,Approved,P100,Analytics Platform,Software,Analytics,47,0,576.29,27085.63,USD,Net 45,K. Wilson,Open,Matched,4.8,22,0,False,Research,North America,True,0.0,368.93,Paid
PO-01952,1,REQ-01952,2026-03-02,2026,2026-03-29,2026-03-29,S007,Sterling Security Group,Security,North America,Preferred,P109,Forecasting Add-on,Software,Analytics,21,21,232.2,4876.2,USD,Net 45,L. Morgan,Closed,Disputed,3.9,27,0,True,Facilities,North America,True,243.81,270.35,Paid
PO-01953,1,REQ-01953,2024-06-15,2024,2024-06-30,2024-06-30,S008,Cobalt Professional Services,Services,Asia Pacific,Approved,P100,Analytics Platform,Software,Analytics,61,61,590.48,36019.28,USD,Net 60,K. Wilson,Received,Matched,4.3,15,0,True,Research,Asia Pacific,True,3601.93,425.37,Paid
PO-01954,1,REQ-01954,2025-01-22,2025,2025-02-05,,S001,Apex Components,Hardware,North America,Strategic,P104,Insight Pro License,Software,Licenses,62,47,100.51,6231.62,USD,Net 60,T. Brown,In Transit,Matched,3.3,14,0,False,Operations,North America,False,498.53,217.56,Scheduled
PO-01955,1,REQ-01955,2023-01-03,2023,2023-01-30,2023-01-30,S004,Greenline Packaging,Packaging,North America,Approved,P107,Support Renewal,Services,Support,21,21,155.01,3255.21,USD,Net 60,K. Wilson,Received,Pending,3.0,27,0,True,Technology,Asia Pacific,True,325.52,318.29,Overdue
PO-01956,1,REQ-01956,2023-06-18,2023,2023-07-15,2023-07-15,S007,Sterling Security Group,Security,North America,Preferred,P105,Storage Array,Hardware,Storage,10,10,630.39,6303.9,USD,Net 60,T. Brown,Received,Matched,4.4,27,0,True,Research,Asia Pacific,False,0.0,126.7,Paid
PO-01957,1,REQ-01957,2025-12-22,2025,2026-01-23,2026-01-26,S004,Greenline Packaging,Packaging,North America,Approved,P106,Integration Services,Services,Consulting,16,16,796.57,12745.12,USD,Net 30,L. Morgan,Received,Not Received,3.1,32,3,False,Research,North America,True,0.0,405.84,Overdue
PO-01958,1,REQ-01958,2026-08-06,2026,2026-08-20,,S002,Nimbus Cloud Supply,Technology,Europe,Preferred,P102,Edge Gateway,Hardware,Networking,41,20,170.63,6995.83,USD,Net 30,T. Brown,In Transit,Matched,4.7,14,0,False,Technology,Europe,False,349.79,356.64,Scheduled
PO-01959,1,REQ-01959,2024-03-28,2024,2024-04-09,,S003,Pacific Industrial Ltd,Manufacturing,Asia Pacific,Preferred,P102,Edge Gateway,Hardware,Networking,51,0,255.94,13052.94,USD,Net 60,L. Morgan,Open,Matched,4.8,12,0,False,Operations,Asia Pacific,True,1305.29,160.42,Paid
PO-01960,1,REQ-01960,2025-04-09,2025,2025-05-22,2025-05-17,S001,Apex Components,Hardware,North America,Strategic,P103,Secure Access Kit,Hardware,Security,35,35,128.07,4482.45,USD,2/10 Net 30,D. Singh,Received,Matched,3.4,43,0,True,Operations,Europe,True,358.6,267.02,Scheduled
PO-01961,1,REQ-01961,2026-01-24,2026,2026-02-16,,S006,Vertex Office Goods,Office Supplies,Latin America,Approved,P107,Support Renewal,Services,Support,50,0,170.13,8506.5,USD,Net 45,K. Wilson,Open,Matched,3.5,23,0,False,Facilities,Asia Pacific,True,850.65,398.41,Paid
PO-01962,1,REQ-01962,2025-10-22,2025,2025-11-11,2025-11-06,S007,Sterling Security Group,Security,North America,Preferred,P101,Cloud Data Suite,Software,Cloud,45,45,469.76,21139.2,USD,Net 60,P. Nguyen,Received,Matched,3.3,20,0,True,Operations,North America,False,0.0,218.71,Scheduled
PO-01963,1,REQ-01963,2023-09-02,2023,2023-09-15,2023-09-15,S004,Greenline Packaging,Packaging,North America,Approved,P105,Storage Array,Hardware,Storage,59,59,792.28,46744.52,USD,2/10 Net 30,T. Brown,Received,Matched,4.0,13,0,True,Technology,North America,False,3739.56,207.75,Paid
PO-01964,1,REQ-01964,2023-12-03,2023,2023-12-24,2024-01-01,S008,Cobalt Professional Services,Services,Asia Pacific,Approved,P104,Insight Pro License,Software,Licenses,45,45,114.88,5169.6,USD,Net 30,D. Singh,Received,Matched,4.8,21,8,False,Technology,Asia Pacific,True,516.96,245.41,Scheduled
PO-01965,1,REQ-01965,2025-10-09,2025,2025-11-07,2025-11-07,S006,Vertex Office Goods,Office Supplies,Latin America,Approved,P105,Storage Array,Hardware,Storage,24,24,641.34,15392.16,USD,Net 45,P. Nguyen,Received,Pending,3.3,29,0,True,Sales,Europe,True,1231.37,212.42,Scheduled
PO-01966,1,REQ-01966,2025-04-23,2025,2025-05-11,,S008,Cobalt Professional Services,Services,Asia Pacific,Approved,P101,Cloud Data Suite,Software,Cloud,62,51,337.7,20937.4,USD,Net 45,T. Brown,In Transit,Pending,2.9,18,0,False,Facilities,Europe,True,1046.87,11.2,Paid
PO-01967,1,REQ-01967,2023-10-17,2023,2023-11-13,2023-11-16,S001,Apex Components,Hardware,North America,Strategic,P105,Storage Array,Hardware,Storage,17,17,586.29,9966.93,USD,Net 45,L. Morgan,Received,Matched,3.1,27,3,False,Technology,Europe,True,0.0,343.57,Paid
PO-01968,1,REQ-01968,2026-05-24,2026,2026-06-18,2026-06-18,S005,Meridian Logistics,Logistics,Europe,Strategic,P105,Storage Array,Hardware,Storage,23,23,619.47,14247.81,USD,Net 60,D. Singh,Received,Matched,3.3,25,0,True,Facilities,North America,True,0.0,16.63,Paid
PO-01969,1,REQ-01969,2026-04-30,2026,2026-05-15,2026-05-23,S005,Meridian Logistics,Logistics,Europe,Strategic,P101,Cloud Data Suite,Software,Cloud,5,5,343.24,1716.2,USD,Net 45,T. Brown,Received,Pending,2.9,15,8,False,Facilities,Europe,True,171.62,244.13,Paid
PO-01970,1,REQ-01970,2024-09-26,2024,2024-10-29,2024-10-29,S005,Meridian Logistics,Logistics,Europe,Strategic,P108,Mobile Scanner,Hardware,Devices,44,44,80.69,3550.36,USD,Net 30,P. Nguyen,Received,Matched,2.9,33,0,True,Sales,Asia Pacific,False,284.03,107.89,Paid
PO-01971,1,REQ-01971,2026-08-27,2026,2026-10-03,2026-09-28,S003,Pacific Industrial Ltd,Manufacturing,Asia Pacific,Preferred,P104,Insight Pro License,Software,Licenses,58,58,100.23,5813.34,USD,Net 45,L. Morgan,Received,Pending,4.3,37,0,True,Research,Europe,False,465.07,418.34,Paid
PO-01972,1,REQ-01972,2023-10-05,2023,2023-10-28,2023-10-28,S002,Nimbus Cloud Supply,Technology,Europe,Preferred,P109,Forecasting Add-on,Software,Analytics,38,38,185.58,7052.04,USD,Net 30,K. Wilson,Received,Pending,4.3,23,0,True,Sales,Europe,True,705.2,408.44,Paid
PO-01973,1,REQ-01973,2023-06-03,2023,2023-06-15,,S004,Greenline Packaging,Packaging,North America,Approved,P102,Edge Gateway,Hardware,Networking,63,0,198.76,12521.88,USD,Net 60,D. Singh,Open,Matched,4.6,12,0,False,Sales,Europe,True,0.0,257.62,Overdue
PO-01974,1,REQ-01974,2023-03-25,2023,2023-04-07,,S008,Cobalt Professional Services,Services,Asia Pacific,Approved,P105,Storage Array,Hardware,Storage,51,0,564.85,28807.35,USD,Net 30,T. Brown,Open,Matched,3.9,13,0,False,Sales,North America,True,2880.74,112.75,Paid
PO-01975,1,REQ-01975,2025-02-15,2025,2025-02-19,2025-02-22,S003,Pacific Industrial Ltd,Manufacturing,Asia Pacific,Preferred,P109,Forecasting Add-on,Software,Analytics,5,5,178.1,890.5,USD,Net 45,D. Singh,Received,Matched,3.9,4,3,False,Operations,Asia Pacific,True,44.53,123.09,Paid
PO-01976,1,REQ-01976,2026-02-15,2026,2026-03-09,2026-03-09,S003,Pacific Industrial Ltd,Manufacturing,Asia Pacific,Preferred,P101,Cloud Data Suite,Software,Cloud,34,34,274.05,9317.7,USD,2/10 Net 30,P. Nguyen,Received,Pending,4.6,22,0,True,Technology,Europe,True,931.77,376.22,Paid
PO-01977,1,REQ-01977,2026-02-06,2026,2026-02-26,2026-02-26,S005,Meridian Logistics,Logistics,Europe,Strategic,P100,Analytics Platform,Software,Analytics,38,38,394.58,14994.04,USD,Net 45,L. Morgan,Received,Pending,3.1,20,0,True,Facilities,North America,True,1499.4,114.85,Scheduled
PO-01978,1,REQ-01978,2023-04-04,2023,2023-04-09,,S005,Meridian Logistics,Logistics,Europe,Strategic,P108,Mobile Scanner,Hardware,Devices,29,0,129.05,3742.45,USD,Net 60,T. Brown,Open,Matched,4.3,5,0,False,Facilities,North America,True,0.0,165.64,Paid
PO-01979,1,REQ-01979,2025-08-29,2025,2025-09-16,2025-09-16,S006,Vertex Office Goods,Office Supplies,Latin America,Approved,P102,Edge Gateway,Hardware,Networking,65,65,192.57,12517.05,USD,2/10 Net 30,P. Nguyen,Received,Pending,4.9,18,0,True,Research,Asia Pacific,True,1001.36,35.39,Paid
PO-01980,1,REQ-01980,2024-06-28,2024,2024-07-26,,S003,Pacific Industrial Ltd,Manufacturing,Asia Pacific,Preferred,P106,Integration Services,Services,Consulting,27,24,831.0,22437.0,USD,Net 30,P. Nguyen,In Transit,Not Received,4.8,28,0,False,Technology,North America,True,2243.7,299.23,Paid
PO-01981,1,REQ-01981,2024-02-12,2024,2024-03-13,,S004,Greenline Packaging,Packaging,North America,Approved,P108,Mobile Scanner,Hardware,Devices,49,0,118.12,5787.88,USD,Net 60,K. Wilson,Open,Matched,3.3,30,0,False,Facilities,Asia Pacific,True,0.0,356.43,Scheduled
PO-01982,1,REQ-01982,2026-06-16,2026,2026-07-06,2026-07-01,S003,Pacific Industrial Ltd,Manufacturing,Asia Pacific,Preferred,P104,Insight Pro License,Software,Licenses,32,32,74.95,2398.4,USD,Net 45,K. Wilson,Received,Not Received,4.0,20,0,True,Technology,Asia Pacific,False,119.92,367.07,Overdue
PO-01983,1,REQ-01983,2025-04-29,2025,2025-05-18,,S002,Nimbus Cloud Supply,Technology,Europe,Preferred,P104,Insight Pro License,Software,Licenses,41,1,77.8,3189.8,USD,Net 45,P. Nguyen,In Transit,Pending,3.5,19,0,False,Facilities,North America,True,159.49,182.62,Paid
PO-01984,1,REQ-01984,2025-07-04,2025,2025-07-16,2025-07-24,S005,Meridian Logistics,Logistics,Europe,Strategic,P108,Mobile Scanner,Hardware,Devices,21,21,125.35,2632.35,USD,Net 45,T. Brown,Received,Not Received,3.1,12,8,False,Sales,Europe,True,0.0,71.02,Paid
PO-01985,1,REQ-01985,2026-04-24,2026,2026-05-28,,S005,Meridian Logistics,Logistics,Europe,Strategic,P105,Storage Array,Hardware,Storage,11,0,668.73,7356.03,USD,2/10 Net 30,T. Brown,Open,Matched,4.5,34,0,False,Facilities,North America,False,0.0,205.19,Paid
PO-01986,1,REQ-01986,2024-10-18,2024,2024-11-09,,S008,Cobalt Professional Services,Services,Asia Pacific,Approved,P108,Mobile Scanner,Hardware,Devices,34,0,96.91,3294.94,USD,Net 30,D. Singh,Open,Not Received,4.6,22,0,False,Facilities,North America,True,0.0,270.55,Paid
PO-01987,1,REQ-01987,2026-01-06,2026,2026-02-05,2026-02-13,S005,Meridian Logistics,Logistics,Europe,Strategic,P103,Secure Access Kit,Hardware,Security,57,57,198.39,11308.23,USD,Net 60,T. Brown,Received,Matched,3.5,30,8,False,Operations,North America,False,904.66,231.55,Paid
PO-01988,1,REQ-01988,2023-06-06,2023,2023-06-28,2023-07-01,S003,Pacific Industrial Ltd,Manufacturing,Asia Pacific,Preferred,P105,Storage Array,Hardware,Storage,64,64,655.66,41962.24,USD,2/10 Net 30,T. Brown,Received,Not Received,4.2,22,3,False,Research,North America,True,0.0,246.57,Paid
PO-01989,1,REQ-01989,2025-08-14,2025,2025-08-31,,S004,Greenline Packaging,Packaging,North America,Approved,P102,Edge Gateway,Hardware,Networking,46,44,291.46,13407.16,USD,Net 60,P. Nguyen,In Transit,Matched,2.8,17,0,False,Facilities,Asia Pacific,True,1340.72,67.03,Paid
PO-01990,1,REQ-01990,2026-06-19,2026,2026-07-21,,S004,Greenline Packaging,Packaging,North America,Approved,P105,Storage Array,Hardware,Storage,13,3,617.51,8027.63,USD,Net 60,T. Brown,In Transit,Disputed,3.9,32,0,False,Operations,Asia Pacific,True,401.38,44.92,Paid
PO-01991,1,REQ-01991,2024-01-15,2024,2024-02-02,2024-02-02,S003,Pacific Industrial Ltd,Manufacturing,Asia Pacific,Preferred,P101,Cloud Data Suite,Software,Cloud,29,29,438.77,12724.33,USD,Net 45,T. Brown,Received,Pending,4.7,18,0,True,Sales,North America,True,1272.43,155.71,Paid
PO-01992,1,REQ-01992,2025-01-30,2025,2025-02-15,2025-02-10,S002,Nimbus Cloud Supply,Technology,Europe,Preferred,P107,Support Renewal,Services,Support,70,70,179.73,12581.1,USD,2/10 Net 30,T. Brown,Received,Pending,4.1,16,0,True,Technology,Europe,True,0.0,76.87,Scheduled
PO-01993,1,REQ-01993,2024-10-15,2024,2024-10-27,2024-10-30,S005,Meridian Logistics,Logistics,Europe,Strategic,P108,Mobile Scanner,Hardware,Devices,50,50,127.78,6389.0,USD,Net 30,T. Brown,Received,Matched,3.2,12,3,False,Research,North America,True,319.45,165.78,Paid
PO-01994,1,REQ-01994,2026-05-16,2026,2026-06-15,,S006,Vertex Office Goods,Office Supplies,Latin America,Approved,P101,Cloud Data Suite,Software,Cloud,42,5,306.15,12858.3,USD,Net 45,T. Brown,In Transit,Matched,3.5,30,0,False,Sales,Europe,True,642.91,437.99,Paid
PO-01995,1,REQ-01995,2024-07-28,2024,2024-08-24,2024-08-24,S004,Greenline Packaging,Packaging,North America,Approved,P101,Cloud Data Suite,Software,Cloud,65,65,293.0,19045.0,USD,2/10 Net 30,D. Singh,Received,Pending,4.6,27,0,True,Operations,Asia Pacific,False,1523.6,308.78,Paid
PO-01996,1,REQ-01996,2023-02-17,2023,2023-03-16,2023-03-16,S004,Greenline Packaging,Packaging,North America,Approved,P102,Edge Gateway,Hardware,Networking,24,24,214.97,5159.28,USD,Net 60,L. Morgan,Received,Matched,3.8,27,0,True,Operations,Europe,True,0.0,212.9,Paid
PO-01997,1,REQ-01997,2025-12-21,2025,2026-01-17,,S002,Nimbus Cloud Supply,Technology,Europe,Preferred,P109,Forecasting Add-on,Software,Analytics,50,2,234.33,11716.5,USD,Net 30,P. Nguyen,In Transit,Matched,3.7,27,0,False,Research,North America,True,1171.65,133.32,Paid
PO-01998,1,REQ-01998,2024-03-03,2024,2024-04-01,,S005,Meridian Logistics,Logistics,Europe,Strategic,P104,Insight Pro License,Software,Licenses,64,53,77.88,4984.32,USD,Net 30,D. Singh,In Transit,Matched,4.9,29,0,False,Operations,Europe,True,249.22,328.63,Scheduled
PO-01999,1,REQ-01999,2023-10-29,2023,2023-12-01,,S001,Apex Components,Hardware,North America,Strategic,P104,Insight Pro License,Software,Licenses,39,23,111.41,4344.99,USD,2/10 Net 30,K. Wilson,In Transit,Matched,3.3,33,0,False,Research,Asia Pacific,True,347.6,228.57,Paid
PO-02000,1,REQ-02000,2023-08-23,2023,2023-09-16,2023-09-11,S005,Meridian Logistics,Logistics,Europe,Strategic,P104,Insight Pro License,Software,Licenses,5,5,71.05,355.25,USD,Net 30,T. Brown,Closed,Matched,4.0,24,0,True,Operations,Asia Pacific,True,35.52,222.02,Paid
