sale_id,order_id,order_line,order_date,fiscal_year,order_month,customer_id,customer_name,customer_segment,industry,customer_region,country,product_id,product_name,product_category,product_subcategory,sku,quantity,unit_price,discount_pct,gross_revenue,net_revenue,currency,sales_channel,sales_rep,unit_cost,gross_margin,payment_method,payment_status,ship_date,delivery_date,fulfillment_status,warehouse,return_quantity,contract_type
SAL-00001,ORD-00001,2,2025-10-07,2025,2025-10,C005,Vertex Manufacturing,Enterprise,Manufacturing,Europe,Brazil,P106,Integration Services,Services,Consulting,SKU-P106-4,10,1507.88,0,15078.8,15078.8,USD,Marketplace,R. Kim,762.41,7454.67,Net Terms,Paid,2025-10-17,2025-10-18,Delivered,WH-West,0,Annual
SAL-00002,ORD-00002,1,2026-07-08,2026,2026-07,C005,Vertex Manufacturing,Enterprise,Manufacturing,Europe,United Kingdom,P106,Integration Services,Services,Consulting,SKU-P106-4,18,1339.17,0,24105.06,24105.06,USD,Partner,A. Patel,724.64,11061.54,Wire Transfer,Paid,2026-07-14,,Returned,WH-West,14,Multi-year
SAL-00003,ORD-00002,2,2025-07-05,2025,2025-07,C004,Cedar & Stone,SMB,Hospitality,Europe,Brazil,P104,Insight Pro License,Software,Licenses,SKU-P104-4,5,159.32,0.2,796.6,637.28,USD,Direct,J. Chen,63.06,321.96,Net Terms,Pending,2025-07-08,2025-07-10,Delivered,WH-West,0,Multi-year
SAL-00004,ORD-00003,1,2023-10-20,2023,2023-10,C005,Vertex Manufacturing,Enterprise,Manufacturing,Europe,United States,P105,Storage Array,Hardware,Storage,SKU-P105-3,20,1189.57,0,23791.4,23791.4,USD,Partner,M. Garcia,577.29,12245.5,Credit Card,Paid,2023-10-29,2023-11-06,Delivered,WH-West,0,Standard
SAL-00005,ORD-00003,2,2025-06-27,2025,2025-06,C005,Vertex Manufacturing,Enterprise,Manufacturing,Europe,Brazil,P109,Forecasting Add-on,Software,Analytics,SKU-P109-4,22,335.93,0.1,7390.46,6651.41,USD,Partner,M. Garcia,202.01,2207.26,ACH,Paid,2025-06-29,2025-07-03,Delivered,WH-West,0,Multi-year
SAL-00006,ORD-00004,1,2026-09-04,2026,2026-09,C009,Summit Logistics,Enterprise,Transportation,Asia Pacific,United Kingdom,P100,Analytics Platform,Software,Analytics,SKU-P100-2,29,1053.15,0.15,30541.35,25960.15,USD,Marketplace,S. Johnson,646.71,7205.59,ACH,Paid,2026-09-07,,Processing,WH-Central,0,Standard
SAL-00007,ORD-00004,2,2024-09-18,2024,2024-09,C005,Vertex Manufacturing,Enterprise,Manufacturing,Europe,United States,P102,Edge Gateway,Hardware,Networking,SKU-P102-4,4,379.92,0,1519.68,1519.68,USD,Marketplace,M. Garcia,269.33,442.35,Net Terms,Paid,2024-10-03,,Cancelled,WH-East,0,Standard
SAL-00008,ORD-00005,1,2026-02-03,2026,2026-02,C009,Summit Logistics,Enterprise,Transportation,Asia Pacific,Germany,P105,Storage Array,Hardware,Storage,SKU-P105-4,32,1312.15,0.2,41988.8,33591.04,USD,Online,M. Garcia,641.89,13050.53,Credit Card,Paid,2026-02-06,,Cancelled,WH-West,0,Multi-year
SAL-00009,ORD-00005,2,2026-08-28,2026,2026-08,C008,Evergreen Labs,SMB,Healthcare,Europe,Singapore,P108,Mobile Scanner,Hardware,Devices,SKU-P108-3,32,178.46,0.15,5710.72,4854.11,USD,Direct,A. Patel,104.38,1513.88,Wire Transfer,Paid,2026-09-12,2026-09-17,Delivered,WH-East,0,Standard
SAL-00010,ORD-00006,1,2026-05-18,2026,2026-05,C007,Atlas Public Services,Public Sector,Government,North America,Canada,P107,Support Renewal,Services,Support,SKU-P107-1,1,347.06,0,347.06,347.06,USD,Marketplace,S. Johnson,185.28,161.78,Credit Card,Paid,2026-05-27,,Processing,WH-EU,0,Standard
SAL-00011,ORD-00006,2,2025-05-03,2025,2025-05,C003,Harbor Health Group,Enterprise,Healthcare,North America,Brazil,P107,Support Renewal,Services,Support,SKU-P107-2,26,375.2,0,9755.2,9755.2,USD,Direct,A. Patel,180.29,5067.58,Net Terms,Overdue,2025-05-16,2025-05-24,Delivered,WH-East,0,Standard
SAL-00012,ORD-00007,1,2025-10-02,2025,2025-10,C008,Evergreen Labs,SMB,Healthcare,Europe,Brazil,P106,Integration Services,Services,Consulting,SKU-P106-1,13,1604.04,0.05,20852.52,19809.89,USD,Partner,M. Garcia,1004.86,6746.69,Wire Transfer,Overdue,2025-10-06,2025-10-12,Delivered,WH-Central,0,Multi-year
SAL-00013,ORD-00007,2,2026-09-05,2026,2026-09,C001,Northstar Retail,Retail,Consumer Goods,North America,Germany,P101,Cloud Data Suite,Software,Cloud,SKU-P101-3,33,744.41,0,24565.53,24565.53,USD,Direct,S. Johnson,403.21,11259.63,Credit Card,Pending,2026-09-09,2026-09-15,Delivered,WH-Central,0,Annual
SAL-00014,ORD-00008,1,2024-05-27,2024,2024-05,C006,Sunrise Market,SMB,Retail,Asia Pacific,Germany,P104,Insight Pro License,Software,Licenses,SKU-P104-4,8,198.93,0.1,1591.44,1432.3,USD,Online,S. Johnson,97.31,653.85,Net Terms,Paid,2024-06-03,2024-06-11,Delivered,WH-EU,0,Standard
SAL-00015,ORD-00008,2,2026-04-28,2026,2026-04,C008,Evergreen Labs,SMB,Healthcare,Europe,United States,P101,Cloud Data Suite,Software,Cloud,SKU-P101-4,20,764.07,0.1,15281.4,13753.26,USD,Partner,S. Johnson,440.79,4937.44,Net Terms,Pending,2026-05-13,2026-05-16,Delivered,WH-West,0,Multi-year
SAL-00016,ORD-00009,1,2024-02-14,2024,2024-02,C003,Harbor Health Group,Enterprise,Healthcare,North America,United States,P101,Cloud Data Suite,Software,Cloud,SKU-P101-1,35,656.71,0.1,22984.85,20686.36,USD,Direct,S. Johnson,361.41,8036.93,Net Terms,Overdue,2024-02-24,2024-02-28,Delivered,WH-East,0,Standard
SAL-00017,ORD-00009,2,2024-05-13,2024,2024-05,C005,Vertex Manufacturing,Enterprise,Manufacturing,Europe,Singapore,P100,Analytics Platform,Software,Analytics,SKU-P100-1,22,900.79,0,19817.38,19817.38,USD,Marketplace,A. Patel,462.76,9636.63,Wire Transfer,Overdue,2024-05-21,2024-05-22,Delivered,WH-Central,0,Standard
SAL-00018,ORD-00010,1,2026-07-13,2026,2026-07,C009,Summit Logistics,Enterprise,Transportation,Asia Pacific,Germany,P109,Forecasting Add-on,Software,Analytics,SKU-P109-3,6,335.86,0.05,2015.16,1914.4,USD,Partner,M. Garcia,224.89,565.08,ACH,Paid,2026-07-20,2026-07-27,Delivered,WH-East,0,Standard
SAL-00019,ORD-00010,2,2024-12-23,2024,2024-12,C001,Northstar Retail,Retail,Consumer Goods,North America,Singapore,P107,Support Renewal,Services,Support,SKU-P107-3,24,318.83,0,7651.92,7651.92,USD,Partner,S. Johnson,213.88,2518.78,Net Terms,Paid,2024-12-29,2025-01-04,Delivered,WH-West,0,Multi-year
SAL-00020,ORD-00011,1,2024-06-12,2024,2024-06,C009,Summit Logistics,Enterprise,Transportation,Asia Pacific,Canada,P103,Secure Access Kit,Hardware,Security,SKU-P103-1,13,303.48,0.1,3945.24,3550.72,USD,Marketplace,J. Chen,165.55,1398.55,Wire Transfer,Paid,2024-06-20,2024-06-22,Delivered,WH-Central,0,Multi-year
SAL-00021,ORD-00011,2,2025-03-17,2025,2025-03,C003,Harbor Health Group,Enterprise,Healthcare,North America,United Kingdom,P105,Storage Array,Hardware,Storage,SKU-P105-3,35,1351.06,0.15,47287.1,40194.03,USD,Online,A. Patel,862.63,10002.14,Net Terms,Paid,2025-03-24,2025-04-01,Delivered,WH-West,0,Multi-year
SAL-00022,ORD-00012,1,2026-01-25,2026,2026-01,C006,Sunrise Market,SMB,Retail,Asia Pacific,United States,P101,Cloud Data Suite,Software,Cloud,SKU-P101-3,17,695.96,0.1,11831.32,10648.19,USD,Marketplace,J. Chen,433.63,3276.51,ACH,Paid,2026-02-08,2026-02-15,Delivered,WH-Central,0,Standard
SAL-00023,ORD-00012,2,2026-09-20,2026,2026-09,C005,Vertex Manufacturing,Enterprise,Manufacturing,Europe,Canada,P104,Insight Pro License,Software,Licenses,SKU-P104-3,24,189.93,0,4558.32,4558.32,USD,Partner,M. Garcia,115.96,1775.21,Net Terms,Paid,2026-09-30,2026-10-07,Delivered,WH-West,0,Multi-year
SAL-00024,ORD-00013,1,2023-12-03,2023,2023-12,C003,Harbor Health Group,Enterprise,Healthcare,North America,United States,P103,Secure Access Kit,Hardware,Security,SKU-P103-1,27,315.27,0.05,8512.29,8086.68,USD,Partner,A. Patel,159.74,3773.64,Net Terms,Overdue,2023-12-17,,Cancelled,WH-West,0,Standard
SAL-00025,ORD-00013,2,2026-03-31,2026,2026-03,C005,Vertex Manufacturing,Enterprise,Manufacturing,Europe,United States,P107,Support Renewal,Services,Support,SKU-P107-1,20,339.98,0.1,6799.6,6119.64,USD,Partner,S. Johnson,170.05,2718.63,Wire Transfer,Overdue,2026-04-04,,Shipped,WH-West,0,Standard
SAL-00026,ORD-00014,1,2025-10-25,2025,2025-10,C001,Northstar Retail,Retail,Consumer Goods,North America,Canada,P106,Integration Services,Services,Consulting,SKU-P106-4,26,1418.82,0,36889.32,36889.32,USD,Marketplace,A. Patel,1071.74,9024.2,Net Terms,Paid,2025-11-01,2025-11-03,Delivered,WH-EU,0,Standard
SAL-00027,ORD-00014,2,2026-01-16,2026,2026-01,C005,Vertex Manufacturing,Enterprise,Manufacturing,Europe,United States,P101,Cloud Data Suite,Software,Cloud,SKU-P101-2,26,739.49,0.05,19226.74,18265.4,USD,Partner,R. Kim,467.09,6120.98,ACH,Paid,2026-01-20,,Shipped,WH-Central,0,Multi-year
SAL-00028,ORD-00015,1,2025-05-03,2025,2025-05,C002,Blue Ridge Systems,Enterprise,Technology,North America,Germany,P105,Storage Array,Hardware,Storage,SKU-P105-2,24,1122.58,0.15,26941.92,22900.63,USD,Partner,M. Garcia,586.46,8825.55,Net Terms,Paid,2025-05-06,2025-05-14,Delivered,WH-East,0,Multi-year
SAL-00029,ORD-00015,2,2023-12-10,2023,2023-12,C002,Blue Ridge Systems,Enterprise,Technology,North America,Singapore,P101,Cloud Data Suite,Software,Cloud,SKU-P101-2,10,742.49,0.05,7424.9,7053.65,USD,Direct,J. Chen,418.87,2864.94,ACH,Paid,2023-12-15,2023-12-18,Delivered,WH-West,0,Multi-year
SAL-00030,ORD-00016,1,2023-02-04,2023,2023-02,C010,Golden Fields Co.,Mid-Market,Agriculture,Latin America,United States,P101,Cloud Data Suite,Software,Cloud,SKU-P101-1,9,714.21,0.15,6427.89,5463.71,USD,Direct,J. Chen,335.73,2442.1,Wire Transfer,Paid,2023-02-10,,Shipped,WH-West,0,Annual
SAL-00031,ORD-00016,2,2024-10-21,2024,2024-10,C010,Golden Fields Co.,Mid-Market,Agriculture,Latin America,Brazil,P109,Forecasting Add-on,Software,Analytics,SKU-P109-1,11,320.14,0.1,3521.54,3169.39,USD,Online,R. Kim,144.7,1577.68,Wire Transfer,Paid,2024-10-24,,Shipped,WH-West,0,Annual
SAL-00032,ORD-00017,1,2025-01-07,2025,2025-01,C010,Golden Fields Co.,Mid-Market,Agriculture,Latin America,Singapore,P101,Cloud Data Suite,Software,Cloud,SKU-P101-4,23,738.89,0.05,16994.47,16144.75,USD,Marketplace,S. Johnson,500.62,4630.55,Net Terms,Pending,2025-01-08,2025-01-09,Delivered,WH-West,0,Annual
SAL-00033,ORD-00017,2,2026-03-29,2026,2026-03,C003,Harbor Health Group,Enterprise,Healthcare,North America,Canada,P101,Cloud Data Suite,Software,Cloud,SKU-P101-1,5,710.32,0,3551.6,3551.6,USD,Direct,M. Garcia,411.48,1494.22,Credit Card,Refunded,2026-04-05,2026-04-09,Delivered,WH-Central,0,Multi-year
SAL-00034,ORD-00018,1,2024-01-22,2024,2024-01,C006,Sunrise Market,SMB,Retail,Asia Pacific,Canada,P100,Analytics Platform,Software,Analytics,SKU-P100-3,7,1016.49,0.05,7115.43,6759.66,USD,Marketplace,S. Johnson,694.22,1900.11,Net Terms,Paid,2024-02-06,,Cancelled,WH-East,0,Annual
SAL-00035,ORD-00018,2,2026-01-23,2026,2026-01,C009,Summit Logistics,Enterprise,Transportation,Asia Pacific,Germany,P103,Secure Access Kit,Hardware,Security,SKU-P103-2,4,261.61,0.05,1046.44,994.12,USD,Online,M. Garcia,168.67,319.43,Net Terms,Paid,2026-01-25,2026-01-31,Delivered,WH-EU,0,Multi-year
SAL-00036,ORD-00019,1,2026-08-11,2026,2026-08,C010,Golden Fields Co.,Mid-Market,Agriculture,Latin America,Brazil,P104,Insight Pro License,Software,Licenses,SKU-P104-1,2,173.47,0.1,346.94,312.25,USD,Partner,J. Chen,107.08,98.1,Wire Transfer,Pending,2026-08-22,2026-08-30,Delivered,WH-Central,0,Multi-year
SAL-00037,ORD-00019,2,2023-10-24,2023,2023-10,C007,Atlas Public Services,Public Sector,Government,North America,Canada,P104,Insight Pro License,Software,Licenses,SKU-P104-1,34,159.06,0.05,5408.04,5137.64,USD,Marketplace,M. Garcia,114.25,1253.16,ACH,Paid,2023-11-09,2023-11-11,Delivered,WH-East,0,Multi-year
SAL-00038,ORD-00020,1,2024-04-09,2024,2024-04,C008,Evergreen Labs,SMB,Healthcare,Europe,Canada,P102,Edge Gateway,Hardware,Networking,SKU-P102-3,2,371.09,0,742.18,742.18,USD,Partner,J. Chen,203.34,335.49,Net Terms,Paid,2024-04-19,,Shipped,WH-Central,0,Multi-year
SAL-00039,ORD-00020,2,2023-05-08,2023,2023-05,C007,Atlas Public Services,Public Sector,Government,North America,Canada,P100,Analytics Platform,Software,Analytics,SKU-P100-2,14,1025.12,0.15,14351.68,12198.93,USD,Marketplace,A. Patel,441.87,6012.71,ACH,Paid,2023-05-17,,Shipped,WH-East,0,Multi-year
SAL-00040,ORD-00021,1,2026-09-23,2026,2026-09,C008,Evergreen Labs,SMB,Healthcare,Europe,Brazil,P100,Analytics Platform,Software,Analytics,SKU-P100-2,9,989.49,0,8905.41,8905.41,USD,Online,A. Patel,658.47,2979.18,Wire Transfer,Pending,2026-09-28,,Returned,WH-EU,4,Annual
SAL-00041,ORD-00021,2,2024-09-15,2024,2024-09,C010,Golden Fields Co.,Mid-Market,Agriculture,Latin America,Singapore,P107,Support Renewal,Services,Support,SKU-P107-2,16,384.38,0,6150.08,6150.08,USD,Direct,A. Patel,269.05,1845.23,Credit Card,Overdue,2024-09-24,,Cancelled,WH-Central,0,Annual
SAL-00042,ORD-00022,1,2024-12-12,2024,2024-12,C003,Harbor Health Group,Enterprise,Healthcare,North America,Canada,P102,Edge Gateway,Hardware,Networking,SKU-P102-1,22,397.81,0,8751.82,8751.82,USD,Marketplace,J. Chen,228.2,3731.51,Net Terms,Overdue,2024-12-18,2024-12-23,Delivered,WH-Central,0,Multi-year
SAL-00043,ORD-00022,2,2023-04-02,2023,2023-04,C008,Evergreen Labs,SMB,Healthcare,Europe,Singapore,P106,Integration Services,Services,Consulting,SKU-P106-3,2,1507.07,0.2,3014.14,2411.31,USD,Online,A. Patel,751.32,908.68,ACH,Pending,2023-04-10,2023-04-18,Delivered,WH-Central,0,Multi-year
SAL-00044,ORD-00023,1,2024-05-07,2024,2024-05,C003,Harbor Health Group,Enterprise,Healthcare,North America,Singapore,P104,Insight Pro License,Software,Licenses,SKU-P104-1,11,168.77,0,1856.47,1856.47,USD,Partner,J. Chen,83.27,940.49,Credit Card,Paid,2024-05-18,2024-05-21,Delivered,WH-Central,0,Multi-year
SAL-00045,ORD-00023,2,2024-11-01,2024,2024-11,C006,Sunrise Market,SMB,Retail,Asia Pacific,Singapore,P102,Edge Gateway,Hardware,Networking,SKU-P102-1,24,369.57,0.05,8869.68,8426.2,USD,Partner,M. Garcia,211.77,3343.71,Net Terms,Paid,2024-11-05,2024-11-12,Delivered,WH-East,0,Multi-year
SAL-00046,ORD-00024,1,2023-05-27,2023,2023-05,C002,Blue Ridge Systems,Enterprise,Technology,North America,Canada,P101,Cloud Data Suite,Software,Cloud,SKU-P101-2,5,777.63,0.1,3888.15,3499.34,USD,Online,J. Chen,378.92,1604.74,Wire Transfer,Paid,2023-06-06,2023-06-14,Delivered,WH-East,0,Annual
SAL-00047,ORD-00024,2,2026-04-07,2026,2026-04,C010,Golden Fields Co.,Mid-Market,Agriculture,Latin America,Singapore,P107,Support Renewal,Services,Support,SKU-P107-1,34,368.49,0.1,12528.66,11275.79,USD,Partner,J. Chen,247.5,2860.64,Net Terms,Overdue,2026-04-21,2026-04-26,Delivered,WH-East,0,Standard
SAL-00048,ORD-00025,1,2024-01-13,2024,2024-01,C010,Golden Fields Co.,Mid-Market,Agriculture,Latin America,United Kingdom,P107,Support Renewal,Services,Support,SKU-P107-3,8,319.06,0.15,2552.48,2169.61,USD,Marketplace,R. Kim,168.91,818.37,Wire Transfer,Paid,2024-01-24,,Processing,WH-West,0,Multi-year
SAL-00049,ORD-00025,2,2023-02-24,2023,2023-02,C002,Blue Ridge Systems,Enterprise,Technology,North America,United Kingdom,P102,Edge Gateway,Hardware,Networking,SKU-P102-4,25,372.17,0,9304.25,9304.25,USD,Online,A. Patel,184.87,4682.6,Credit Card,Paid,2023-03-05,2023-03-07,Delivered,WH-East,0,Standard
SAL-00050,ORD-00026,1,2023-11-29,2023,2023-11,C007,Atlas Public Services,Public Sector,Government,North America,Canada,P101,Cloud Data Suite,Software,Cloud,SKU-P101-4,34,655.34,0,22281.56,22281.56,USD,Partner,M. Garcia,421.1,7964.3,ACH,Pending,2023-12-14,2023-12-17,Delivered,WH-West,0,Standard
SAL-00051,ORD-00026,2,2024-06-16,2024,2024-06,C003,Harbor Health Group,Enterprise,Healthcare,North America,Germany,P104,Insight Pro License,Software,Licenses,SKU-P104-1,7,194.31,0.15,1360.17,1156.14,USD,Online,J. Chen,122.34,299.75,ACH,Pending,2024-06-21,,Shipped,WH-East,0,Standard
SAL-00052,ORD-00027,1,2026-01-24,2026,2026-01,C004,Cedar & Stone,SMB,Hospitality,Europe,Germany,P102,Edge Gateway,Hardware,Networking,SKU-P102-4,20,369.0,0,7380.0,7380.0,USD,Direct,S. Johnson,221.2,2956.09,Net Terms,Paid,2026-01-28,,Returned,WH-West,20,Standard
SAL-00053,ORD-00027,2,2024-03-16,2024,2024-03,C003,Harbor Health Group,Enterprise,Healthcare,North America,Germany,P109,Forecasting Add-on,Software,Analytics,SKU-P109-1,21,342.28,0.05,7187.88,6828.49,USD,Direct,J. Chen,213.37,2347.78,Wire Transfer,Paid,2024-04-01,2024-04-06,Delivered,WH-EU,0,Annual
SAL-00054,ORD-00028,1,2023-06-03,2023,2023-06,C007,Atlas Public Services,Public Sector,Government,North America,Germany,P109,Forecasting Add-on,Software,Analytics,SKU-P109-3,31,306.18,0,9491.58,9491.58,USD,Direct,J. Chen,220.83,2645.71,Wire Transfer,Refunded,2023-06-10,,Processing,WH-EU,0,Multi-year
SAL-00055,ORD-00028,2,2023-12-10,2023,2023-12,C003,Harbor Health Group,Enterprise,Healthcare,North America,United Kingdom,P106,Integration Services,Services,Consulting,SKU-P106-1,20,1435.91,0,28718.2,28718.2,USD,Online,A. Patel,714.61,14426.01,ACH,Pending,2023-12-25,2023-12-26,Delivered,WH-Central,0,Multi-year
SAL-00056,ORD-00029,1,2025-10-23,2025,2025-10,C009,Summit Logistics,Enterprise,Transportation,Asia Pacific,Germany,P103,Secure Access Kit,Hardware,Security,SKU-P103-1,6,271.72,0.05,1630.32,1548.8,USD,Direct,R. Kim,144.35,682.67,Net Terms,Paid,2025-10-29,2025-11-04,Delivered,WH-West,0,Multi-year
SAL-00057,ORD-00029,2,2026-07-10,2026,2026-07,C006,Sunrise Market,SMB,Retail,Asia Pacific,Brazil,P106,Integration Services,Services,Consulting,SKU-P106-1,14,1478.98,0,20705.72,20705.72,USD,Direct,A. Patel,801.85,9479.85,ACH,Pending,2026-07-26,2026-08-02,Delivered,WH-West,0,Annual
SAL-00058,ORD-00030,1,2024-03-22,2024,2024-03,C004,Cedar & Stone,SMB,Hospitality,Europe,United Kingdom,P104,Insight Pro License,Software,Licenses,SKU-P104-2,17,177.39,0,3015.63,3015.63,USD,Direct,R. Kim,97.79,1353.24,ACH,Paid,2024-03-29,,Processing,WH-Central,0,Annual
SAL-00059,ORD-00030,2,2026-08-06,2026,2026-08,C009,Summit Logistics,Enterprise,Transportation,Asia Pacific,Brazil,P105,Storage Array,Hardware,Storage,SKU-P105-3,19,1140.83,0,21675.77,21675.77,USD,Online,R. Kim,840.61,5704.16,Credit Card,Paid,2026-08-21,2026-08-24,Delivered,WH-West,0,Annual
SAL-00060,ORD-00031,1,2024-07-06,2024,2024-07,C007,Atlas Public Services,Public Sector,Government,North America,United States,P101,Cloud Data Suite,Software,Cloud,SKU-P101-4,22,737.3,0.1,16220.6,14598.54,USD,Partner,M. Garcia,371.69,6421.35,Wire Transfer,Paid,2024-07-15,2024-07-22,Delivered,WH-Central,0,Multi-year
SAL-00061,ORD-00031,2,2026-04-27,2026,2026-04,C004,Cedar & Stone,SMB,Hospitality,Europe,United States,P103,Secure Access Kit,Hardware,Security,SKU-P103-3,2,264.26,0,528.52,528.52,USD,Partner,M. Garcia,179.82,168.88,Wire Transfer,Paid,2026-05-11,,Returned,WH-Central,1,Annual
SAL-00062,ORD-00032,1,2024-09-13,2024,2024-09,C006,Sunrise Market,SMB,Retail,Asia Pacific,United Kingdom,P103,Secure Access Kit,Hardware,Security,SKU-P103-3,14,268.6,0.1,3760.4,3384.36,USD,Online,J. Chen,164.68,1078.86,Credit Card,Pending,2024-09-16,,Processing,WH-West,0,Multi-year
SAL-00063,ORD-00032,2,2024-06-26,2024,2024-06,C007,Atlas Public Services,Public Sector,Government,North America,Singapore,P105,Storage Array,Hardware,Storage,SKU-P105-4,23,1231.48,0.05,28324.04,26907.84,USD,Online,J. Chen,732.04,10070.82,Credit Card,Paid,2024-07-03,2024-07-11,Delivered,WH-East,0,Annual
SAL-00064,ORD-00033,1,2024-12-02,2024,2024-12,C006,Sunrise Market,SMB,Retail,Asia Pacific,United States,P108,Mobile Scanner,Hardware,Devices,SKU-P108-3,15,191.58,0,2873.7,2873.7,USD,Direct,M. Garcia,118.39,1097.78,Credit Card,Paid,2024-12-10,2024-12-17,Delivered,WH-West,0,Standard
SAL-00065,ORD-00033,2,2024-08-16,2024,2024-08,C007,Atlas Public Services,Public Sector,Government,North America,Brazil,P101,Cloud Data Suite,Software,Cloud,SKU-P101-1,8,762.13,0.15,6097.04,5182.48,USD,Direct,A. Patel,356.2,2332.86,Net Terms,Paid,2024-08-21,2024-08-24,Delivered,WH-Central,0,Standard
SAL-00066,ORD-00034,1,2024-06-23,2024,2024-06,C006,Sunrise Market,SMB,Retail,Asia Pacific,Canada,P108,Mobile Scanner,Hardware,Devices,SKU-P108-2,20,207.53,0.05,4150.6,3943.07,USD,Direct,R. Kim,110.83,1726.47,ACH,Paid,2024-06-30,2024-07-05,Delivered,WH-Central,0,Annual
SAL-00067,ORD-00034,2,2026-03-30,2026,2026-03,C002,Blue Ridge Systems,Enterprise,Technology,North America,Brazil,P100,Analytics Platform,Software,Analytics,SKU-P100-1,25,1048.8,0,26220.0,26220.0,USD,Partner,A. Patel,742.44,7658.9,ACH,Paid,2026-04-06,2026-04-11,Delivered,WH-West,0,Standard
SAL-00068,ORD-00035,1,2026-02-24,2026,2026-02,C005,Vertex Manufacturing,Enterprise,Manufacturing,Europe,Brazil,P104,Insight Pro License,Software,Licenses,SKU-P104-3,29,163.73,0,4748.17,4748.17,USD,Online,M. Garcia,88.79,2173.13,Net Terms,Paid,2026-03-09,2026-03-17,Delivered,WH-East,0,Standard
SAL-00069,ORD-00035,2,2024-06-09,2024,2024-06,C001,Northstar Retail,Retail,Consumer Goods,North America,Singapore,P103,Secure Access Kit,Hardware,Security,SKU-P103-2,31,292.85,0,9078.35,9078.35,USD,Direct,A. Patel,193.07,3093.23,ACH,Pending,2024-06-16,2024-06-20,Delivered,WH-Central,0,Standard
SAL-00070,ORD-00036,1,2025-03-07,2025,2025-03,C004,Cedar & Stone,SMB,Hospitality,Europe,Canada,P106,Integration Services,Services,Consulting,SKU-P106-3,33,1458.81,0.1,48140.73,43326.66,USD,Marketplace,S. Johnson,818.11,16329.01,Net Terms,Paid,2025-03-20,,Shipped,WH-Central,0,Standard
SAL-00071,ORD-00036,2,2024-07-09,2024,2024-07,C004,Cedar & Stone,SMB,Hospitality,Europe,United Kingdom,P100,Analytics Platform,Software,Analytics,SKU-P100-1,20,867.84,0.1,17356.8,15621.12,USD,Online,R. Kim,398.98,7641.49,Credit Card,Pending,2024-07-25,2024-08-01,Delivered,WH-West,0,Annual
SAL-00072,ORD-00037,1,2025-01-21,2025,2025-01,C001,Northstar Retail,Retail,Consumer Goods,North America,Brazil,P108,Mobile Scanner,Hardware,Devices,SKU-P108-2,22,184.17,0.15,4051.74,3443.98,USD,Online,R. Kim,106.8,1094.34,Credit Card,Pending,2025-01-30,2025-01-31,Delivered,WH-EU,0,Multi-year
SAL-00073,ORD-00037,2,2024-11-19,2024,2024-11,C003,Harbor Health Group,Enterprise,Healthcare,North America,United States,P101,Cloud Data Suite,Software,Cloud,SKU-P101-4,30,721.06,0.1,21631.8,19468.62,USD,Marketplace,J. Chen,317.2,9952.56,Net Terms,Paid,2024-11-24,2024-12-02,Delivered,WH-West,0,Standard
SAL-00074,ORD-00038,1,2026-02-06,2026,2026-02,C010,Golden Fields Co.,Mid-Market,Agriculture,Latin America,United Kingdom,P102,Edge Gateway,Hardware,Networking,SKU-P102-4,12,377.89,0.15,4534.68,3854.48,USD,Marketplace,M. Garcia,161.48,1916.72,Wire Transfer,Paid,2026-02-18,,Shipped,WH-East,0,Multi-year
SAL-00075,ORD-00038,2,2023-08-19,2023,2023-08,C006,Sunrise Market,SMB,Retail,Asia Pacific,Singapore,P106,Integration Services,Services,Consulting,SKU-P106-3,14,1528.14,0,21393.96,21393.96,USD,Partner,R. Kim,973.03,7771.52,Wire Transfer,Paid,2023-09-02,2023-09-10,Delivered,WH-Central,0,Standard
SAL-00076,ORD-00039,1,2026-01-19,2026,2026-01,C009,Summit Logistics,Enterprise,Transportation,Asia Pacific,Germany,P106,Integration Services,Services,Consulting,SKU-P106-1,5,1590.34,0.15,7951.7,6758.94,USD,Direct,R. Kim,733.49,3091.49,Credit Card,Pending,2026-02-02,2026-02-06,Delivered,WH-Central,0,Standard
SAL-00077,ORD-00039,2,2025-09-29,2025,2025-09,C008,Evergreen Labs,SMB,Healthcare,Europe,Germany,P102,Edge Gateway,Hardware,Networking,SKU-P102-2,9,415.99,0.15,3743.91,3182.32,USD,Direct,A. Patel,221.01,1193.2,Wire Transfer,Paid,2025-10-12,2025-10-18,Delivered,WH-West,0,Multi-year
SAL-00078,ORD-00040,1,2023-03-29,2023,2023-03,C008,Evergreen Labs,SMB,Healthcare,Europe,Germany,P102,Edge Gateway,Hardware,Networking,SKU-P102-2,4,436.2,0.1,1744.8,1570.32,USD,Marketplace,A. Patel,256.31,545.06,Net Terms,Paid,2023-03-30,2023-04-06,Delivered,WH-East,0,Annual
SAL-00079,ORD-00040,2,2026-06-25,2026,2026-06,C010,Golden Fields Co.,Mid-Market,Agriculture,Latin America,United Kingdom,P106,Integration Services,Services,Consulting,SKU-P106-1,33,1536.78,0.1,50713.74,45642.37,USD,Partner,A. Patel,724.97,21718.44,Credit Card,Paid,2026-07-09,2026-07-15,Delivered,WH-Central,0,Standard
SAL-00080,ORD-00041,1,2024-05-16,2024,2024-05,C009,Summit Logistics,Enterprise,Transportation,Asia Pacific,Singapore,P102,Edge Gateway,Hardware,Networking,SKU-P102-1,7,418.93,0,2932.51,2932.51,USD,Online,S. Johnson,296.66,855.86,Wire Transfer,Paid,2024-05-23,,Cancelled,WH-EU,0,Annual
SAL-00081,ORD-00041,2,2024-08-30,2024,2024-08,C004,Cedar & Stone,SMB,Hospitality,Europe,Singapore,P103,Secure Access Kit,Hardware,Security,SKU-P103-3,26,260.39,0,6770.14,6770.14,USD,Partner,S. Johnson,142.26,3071.47,Wire Transfer,Overdue,2024-09-08,,Returned,WH-EU,8,Annual
SAL-00082,ORD-00042,1,2024-06-01,2024,2024-06,C004,Cedar & Stone,SMB,Hospitality,Europe,Germany,P101,Cloud Data Suite,Software,Cloud,SKU-P101-1,8,705.0,0,5640.0,5640.0,USD,Online,R. Kim,482.55,1779.58,Net Terms,Paid,2024-06-08,2024-06-10,Delivered,WH-EU,0,Standard
SAL-00083,ORD-00042,2,2025-06-09,2025,2025-06,C006,Sunrise Market,SMB,Retail,Asia Pacific,Singapore,P108,Mobile Scanner,Hardware,Devices,SKU-P108-2,33,184.48,0,6087.84,6087.84,USD,Marketplace,A. Patel,100.47,2772.45,Credit Card,Paid,2025-06-21,2025-06-23,Delivered,WH-Central,0,Multi-year
SAL-00084,ORD-00043,1,2023-02-28,2023,2023-02,C001,Northstar Retail,Retail,Consumer Goods,North America,Brazil,P105,Storage Array,Hardware,Storage,SKU-P105-3,1,1229.92,0,1229.92,1229.92,USD,Partner,R. Kim,802.38,427.54,Net Terms,Paid,2023-03-02,2023-03-04,Delivered,WH-EU,0,Standard
SAL-00085,ORD-00043,2,2025-12-19,2025,2025-12,C008,Evergreen Labs,SMB,Healthcare,Europe,Singapore,P100,Analytics Platform,Software,Analytics,SKU-P100-2,25,988.36,0,24709.0,24709.0,USD,Marketplace,J. Chen,596.99,9784.31,Wire Transfer,Paid,2025-12-30,,Processing,WH-West,0,Multi-year
SAL-00086,ORD-00044,1,2026-02-19,2026,2026-02,C008,Evergreen Labs,SMB,Healthcare,Europe,Brazil,P103,Secure Access Kit,Hardware,Security,SKU-P103-1,12,290.04,0,3480.48,3480.48,USD,Partner,J. Chen,202.53,1050.09,Credit Card,Refunded,2026-03-02,2026-03-09,Delivered,WH-EU,0,Annual
SAL-00087,ORD-00044,2,2023-03-23,2023,2023-03,C006,Sunrise Market,SMB,Retail,Asia Pacific,United Kingdom,P107,Support Renewal,Services,Support,SKU-P107-2,18,390.07,0.15,7021.26,5968.07,USD,Marketplace,J. Chen,208.9,2207.93,Net Terms,Pending,2023-04-08,2023-04-09,Delivered,WH-West,0,Multi-year
SAL-00088,ORD-00045,1,2024-03-01,2024,2024-03,C001,Northstar Retail,Retail,Consumer Goods,North America,Singapore,P102,Edge Gateway,Hardware,Networking,SKU-P102-3,2,430.69,0.05,861.38,818.31,USD,Partner,S. Johnson,297.94,222.42,Credit Card,Paid,2024-03-17,2024-03-18,Delivered,WH-West,0,Multi-year
SAL-00089,ORD-00045,2,2024-06-10,2024,2024-06,C004,Cedar & Stone,SMB,Hospitality,Europe,United Kingdom,P109,Forecasting Add-on,Software,Analytics,SKU-P109-1,28,340.51,0.05,9534.28,9057.57,USD,Online,S. Johnson,168.32,4344.5,ACH,Paid,2024-06-24,2024-06-26,Delivered,WH-EU,0,Annual
SAL-00090,ORD-00046,1,2024-07-28,2024,2024-07,C007,Atlas Public Services,Public Sector,Government,North America,Canada,P106,Integration Services,Services,Consulting,SKU-P106-4,20,1450.81,0.1,29016.2,26114.58,USD,Direct,R. Kim,777.31,10568.47,Credit Card,Paid,2024-07-31,2024-08-07,Delivered,WH-West,0,Annual
SAL-00091,ORD-00046,2,2023-05-08,2023,2023-05,C010,Golden Fields Co.,Mid-Market,Agriculture,Latin America,Germany,P103,Secure Access Kit,Hardware,Security,SKU-P103-2,12,251.79,0.15,3021.48,2568.26,USD,Direct,A. Patel,139.58,893.3,ACH,Paid,2023-05-15,,Shipped,WH-Central,0,Annual
SAL-00092,ORD-00047,1,2023-05-08,2023,2023-05,C010,Golden Fields Co.,Mid-Market,Agriculture,Latin America,Canada,P109,Forecasting Add-on,Software,Analytics,SKU-P109-4,29,309.19,0.1,8966.51,8069.86,USD,Direct,R. Kim,177.76,2914.94,Credit Card,Overdue,2023-05-20,2023-05-24,Delivered,WH-EU,0,Standard
SAL-00093,ORD-00047,2,2026-04-16,2026,2026-04,C009,Summit Logistics,Enterprise,Transportation,Asia Pacific,United Kingdom,P105,Storage Array,Hardware,Storage,SKU-P105-2,7,1128.7,0,7900.9,7900.9,USD,Partner,J. Chen,713.03,2909.66,Wire Transfer,Pending,2026-04-27,2026-05-04,Delivered,WH-Central,0,Multi-year
SAL-00094,ORD-00048,1,2025-09-04,2025,2025-09,C002,Blue Ridge Systems,Enterprise,Technology,North America,Germany,P109,Forecasting Add-on,Software,Analytics,SKU-P109-1,16,345.66,0.1,5530.56,4977.5,USD,Direct,R. Kim,178.7,2118.34,Net Terms,Pending,2025-09-19,2025-09-21,Delivered,WH-East,0,Annual
SAL-00095,ORD-00048,2,2025-04-30,2025,2025-04,C010,Golden Fields Co.,Mid-Market,Agriculture,Latin America,United States,P107,Support Renewal,Services,Support,SKU-P107-1,24,342.36,0.2,8216.64,6573.31,USD,Marketplace,J. Chen,195.6,1878.81,Net Terms,Overdue,2025-05-06,2025-05-12,Delivered,WH-EU,0,Standard
SAL-00096,ORD-00049,1,2023-01-26,2023,2023-01,C008,Evergreen Labs,SMB,Healthcare,Europe,United States,P108,Mobile Scanner,Hardware,Devices,SKU-P108-2,14,172.65,0.05,2417.1,2296.24,USD,Marketplace,J. Chen,102.5,861.21,ACH,Paid,2023-01-27,2023-01-30,Delivered,WH-EU,0,Annual
SAL-00097,ORD-00049,2,2025-02-17,2025,2025-02,C005,Vertex Manufacturing,Enterprise,Manufacturing,Europe,Singapore,P103,Secure Access Kit,Hardware,Security,SKU-P103-3,34,268.31,0,9122.54,9122.54,USD,Online,S. Johnson,180.23,2994.82,Wire Transfer,Pending,2025-02-22,2025-02-28,Delivered,WH-East,0,Annual
SAL-00098,ORD-00050,1,2023-12-03,2023,2023-12,C007,Atlas Public Services,Public Sector,Government,North America,Germany,P100,Analytics Platform,Software,Analytics,SKU-P100-4,1,872.37,0.1,872.37,785.13,USD,Online,J. Chen,570.17,214.96,Wire Transfer,Paid,2023-12-09,2023-12-10,Delivered,WH-Central,0,Multi-year
SAL-00099,ORD-00050,2,2025-09-19,2025,2025-09,C003,Harbor Health Group,Enterprise,Healthcare,North America,Germany,P105,Storage Array,Hardware,Storage,SKU-P105-3,32,1328.46,0.1,42510.72,38259.65,USD,Direct,J. Chen,820.84,11992.88,Net Terms,Paid,2025-10-02,2025-10-03,Delivered,WH-Central,0,Multi-year
SAL-00100,ORD-00051,1,2024-12-09,2024,2024-12,C001,Northstar Retail,Retail,Consumer Goods,North America,Germany,P109,Forecasting Add-on,Software,Analytics,SKU-P109-2,13,366.06,0,4758.78,4758.78,USD,Partner,A. Patel,264.85,1315.68,Net Terms,Paid,2024-12-22,2024-12-23,Delivered,WH-EU,0,Multi-year
SAL-00101,ORD-00051,2,2025-05-07,2025,2025-05,C001,Northstar Retail,Retail,Consumer Goods,North America,United States,P104,Insight Pro License,Software,Licenses,SKU-P104-2,3,160.09,0.2,480.27,384.22,USD,Direct,R. Kim,75.65,157.28,ACH,Paid,2025-05-17,2025-05-23,Delivered,WH-East,0,Standard
SAL-00102,ORD-00052,1,2026-04-30,2026,2026-04,C005,Vertex Manufacturing,Enterprise,Manufacturing,Europe,Brazil,P107,Support Renewal,Services,Support,SKU-P107-4,9,395.05,0.1,3555.45,3199.9,USD,Marketplace,M. Garcia,198.24,1415.77,ACH,Paid,2026-05-13,,Shipped,WH-East,0,Multi-year
SAL-00103,ORD-00052,2,2024-10-28,2024,2024-10,C003,Harbor Health Group,Enterprise,Healthcare,North America,United States,P108,Mobile Scanner,Hardware,Devices,SKU-P108-3,32,215.35,0.1,6891.2,6202.08,USD,Online,R. Kim,136.87,1822.33,ACH,Paid,2024-10-31,,Returned,WH-EU,23,Annual
SAL-00104,ORD-00053,1,2025-09-05,2025,2025-09,C005,Vertex Manufacturing,Enterprise,Manufacturing,Europe,Canada,P100,Analytics Platform,Software,Analytics,SKU-P100-1,10,1060.26,0,10602.6,10602.6,USD,Partner,M. Garcia,744.14,3161.23,Credit Card,Paid,2025-09-20,,Processing,WH-Central,0,Standard
SAL-00105,ORD-00053,2,2026-07-30,2026,2026-07,C005,Vertex Manufacturing,Enterprise,Manufacturing,Europe,United Kingdom,P100,Analytics Platform,Software,Analytics,SKU-P100-4,10,966.76,0.15,9667.6,8217.46,USD,Direct,M. Garcia,621.04,2007.08,Credit Card,Paid,2026-08-15,2026-08-18,Delivered,WH-EU,0,Standard
SAL-00106,ORD-00054,1,2023-01-06,2023,2023-01,C003,Harbor Health Group,Enterprise,Healthcare,North America,Canada,P103,Secure Access Kit,Hardware,Security,SKU-P103-2,24,303.96,0.15,7295.04,6200.78,USD,Online,J. Chen,175.31,1993.45,ACH,Paid,2023-01-15,2023-01-22,Delivered,WH-Central,0,Multi-year
SAL-00107,ORD-00054,2,2023-09-08,2023,2023-09,C009,Summit Logistics,Enterprise,Transportation,Asia Pacific,Germany,P104,Insight Pro License,Software,Licenses,SKU-P104-1,13,197.26,0.05,2564.38,2436.16,USD,Online,A. Patel,128.86,761.02,Credit Card,Paid,2023-09-23,,Shipped,WH-EU,0,Annual
SAL-00108,ORD-00055,1,2024-01-03,2024,2024-01,C003,Harbor Health Group,Enterprise,Healthcare,North America,United Kingdom,P105,Storage Array,Hardware,Storage,SKU-P105-4,34,1149.81,0.05,39093.54,37138.86,USD,Partner,M. Garcia,579.61,17432.22,Wire Transfer,Paid,2024-01-08,2024-01-11,Delivered,WH-East,0,Standard
SAL-00109,ORD-00055,2,2023-06-04,2023,2023-06,C001,Northstar Retail,Retail,Consumer Goods,North America,United States,P108,Mobile Scanner,Hardware,Devices,SKU-P108-4,28,201.56,0.05,5643.68,5361.5,USD,Partner,J. Chen,107.17,2360.69,Wire Transfer,Paid,2023-06-14,2023-06-19,Delivered,WH-Central,0,Multi-year
SAL-00110,ORD-00056,1,2024-03-01,2024,2024-03,C004,Cedar & Stone,SMB,Hospitality,Europe,Canada,P102,Edge Gateway,Hardware,Networking,SKU-P102-4,17,398.56,0.15,6775.52,5759.19,USD,Partner,A. Patel,199.46,2368.35,ACH,Paid,2024-03-09,2024-03-17,Delivered,WH-EU,0,Annual
SAL-00111,ORD-00056,2,2026-02-18,2026,2026-02,C006,Sunrise Market,SMB,Retail,Asia Pacific,Singapore,P109,Forecasting Add-on,Software,Analytics,SKU-P109-1,1,346.39,0.2,346.39,277.11,USD,Marketplace,R. Kim,185.6,91.51,Net Terms,Paid,2026-02-28,2026-03-06,Delivered,WH-West,0,Standard
SAL-00112,ORD-00057,1,2026-04-18,2026,2026-04,C003,Harbor Health Group,Enterprise,Healthcare,North America,Canada,P109,Forecasting Add-on,Software,Analytics,SKU-P109-2,30,369.22,0,11076.6,11076.6,USD,Marketplace,R. Kim,258.01,3336.22,Wire Transfer,Paid,2026-04-25,2026-04-26,Delivered,WH-EU,0,Multi-year
SAL-00113,ORD-00057,2,2024-07-16,2024,2024-07,C004,Cedar & Stone,SMB,Hospitality,Europe,United States,P106,Integration Services,Services,Consulting,SKU-P106-1,12,1355.38,0.15,16264.56,13824.88,USD,Online,A. Patel,617.85,6410.64,Credit Card,Paid,2024-07-28,2024-07-31,Delivered,WH-EU,0,Standard
SAL-00114,ORD-00058,1,2026-01-17,2026,2026-01,C006,Sunrise Market,SMB,Retail,Asia Pacific,Germany,P108,Mobile Scanner,Hardware,Devices,SKU-P108-2,28,177.14,0.1,4959.92,4463.93,USD,Marketplace,J. Chen,120.36,1093.75,Wire Transfer,Paid,2026-01-23,,Shipped,WH-Central,0,Multi-year
SAL-00115,ORD-00058,2,2026-09-28,2026,2026-09,C004,Cedar & Stone,SMB,Hospitality,Europe,Canada,P108,Mobile Scanner,Hardware,Devices,SKU-P108-2,35,172.01,0.1,6020.35,5418.32,USD,Marketplace,J. Chen,97.79,1995.8,Wire Transfer,Refunded,2026-10-12,2026-10-20,Delivered,WH-EU,0,Annual
SAL-00116,ORD-00059,1,2023-09-02,2023,2023-09,C003,Harbor Health Group,Enterprise,Healthcare,North America,United States,P102,Edge Gateway,Hardware,Networking,SKU-P102-3,7,445.63,0.15,3119.41,2651.5,USD,Partner,S. Johnson,193.31,1298.36,ACH,Paid,2023-09-17,,Returned,WH-Central,2,Annual
SAL-00117,ORD-00059,2,2023-04-14,2023,2023-04,C009,Summit Logistics,Enterprise,Transportation,Asia Pacific,United Kingdom,P108,Mobile Scanner,Hardware,Devices,SKU-P108-4,29,213.08,0.1,6179.32,5561.39,USD,Marketplace,A. Patel,125.68,1916.76,Net Terms,Refunded,2023-04-16,2023-04-20,Delivered,WH-East,0,Standard
SAL-00118,ORD-00060,1,2024-04-16,2024,2024-04,C005,Vertex Manufacturing,Enterprise,Manufacturing,Europe,United States,P100,Analytics Platform,Software,Analytics,SKU-P100-2,35,1054.09,0.1,36893.15,33203.83,USD,Direct,J. Chen,654.99,10279.01,Wire Transfer,Paid,2024-04-17,2024-04-18,Delivered,WH-EU,0,Standard
SAL-00119,ORD-00060,2,2023-04-25,2023,2023-04,C009,Summit Logistics,Enterprise,Transportation,Asia Pacific,Germany,P107,Support Renewal,Services,Support,SKU-P107-1,26,383.87,0.15,9980.62,8483.53,USD,Marketplace,S. Johnson,182.48,3739.15,Wire Transfer,Paid,2023-04-29,2023-05-06,Delivered,WH-East,0,Annual
SAL-00120,ORD-00061,1,2026-04-01,2026,2026-04,C010,Golden Fields Co.,Mid-Market,Agriculture,Latin America,United States,P105,Storage Array,Hardware,Storage,SKU-P105-4,15,1381.13,0.1,20716.95,18645.26,USD,Marketplace,M. Garcia,844.96,5970.84,ACH,Paid,2026-04-02,2026-04-08,Delivered,WH-East,0,Multi-year
SAL-00121,ORD-00061,2,2023-06-19,2023,2023-06,C003,Harbor Health Group,Enterprise,Healthcare,North America,Singapore,P109,Forecasting Add-on,Software,Analytics,SKU-P109-4,28,341.28,0.1,9555.84,8600.26,USD,Partner,R. Kim,212.78,2642.45,ACH,Paid,2023-06-29,2023-07-07,Delivered,WH-Central,0,Multi-year
SAL-00122,ORD-00062,1,2023-02-09,2023,2023-02,C003,Harbor Health Group,Enterprise,Healthcare,North America,Singapore,P102,Edge Gateway,Hardware,Networking,SKU-P102-2,31,459.07,0.05,14231.17,13519.61,USD,Direct,R. Kim,301.45,4174.63,Net Terms,Refunded,2023-02-19,,Shipped,WH-East,0,Annual
SAL-00123,ORD-00062,2,2024-01-17,2024,2024-01,C006,Sunrise Market,SMB,Retail,Asia Pacific,United Kingdom,P109,Forecasting Add-on,Software,Analytics,SKU-P109-3,26,321.97,0,8371.22,8371.22,USD,Marketplace,A. Patel,219.57,2662.48,Wire Transfer,Pending,2024-01-31,2024-02-03,Delivered,WH-EU,0,Annual
SAL-00124,ORD-00063,1,2023-06-24,2023,2023-06,C005,Vertex Manufacturing,Enterprise,Manufacturing,Europe,Brazil,P102,Edge Gateway,Hardware,Networking,SKU-P102-2,18,442.87,0.05,7971.66,7573.08,USD,Online,A. Patel,242.45,3209.03,Credit Card,Paid,2023-07-02,2023-07-03,Delivered,WH-East,0,Standard
SAL-00125,ORD-00063,2,2025-01-11,2025,2025-01,C002,Blue Ridge Systems,Enterprise,Technology,North America,Germany,P105,Storage Array,Hardware,Storage,SKU-P105-2,13,1194.33,0.05,15526.29,14749.98,USD,Online,J. Chen,640.14,6428.16,ACH,Paid,2025-01-16,2025-01-21,Delivered,WH-East,0,Annual
SAL-00126,ORD-00064,1,2026-09-16,2026,2026-09,C006,Sunrise Market,SMB,Retail,Asia Pacific,United States,P102,Edge Gateway,Hardware,Networking,SKU-P102-1,25,413.95,0,10348.75,10348.75,USD,Online,A. Patel,244.11,4246.08,Net Terms,Paid,2026-09-24,2026-10-01,Delivered,WH-EU,0,Annual
SAL-00127,ORD-00064,2,2026-04-26,2026,2026-04,C003,Harbor Health Group,Enterprise,Healthcare,North America,Brazil,P108,Mobile Scanner,Hardware,Devices,SKU-P108-4,27,209.47,0.15,5655.69,4807.34,USD,Online,M. Garcia,102.01,2053.07,Wire Transfer,Overdue,2026-05-03,2026-05-10,Delivered,WH-East,0,Standard
SAL-00128,ORD-00065,1,2025-07-04,2025,2025-07,C002,Blue Ridge Systems,Enterprise,Technology,North America,Singapore,P109,Forecasting Add-on,Software,Analytics,SKU-P109-1,4,310.79,0.2,1243.16,994.53,USD,Online,S. Johnson,151.22,389.63,Net Terms,Paid,2025-07-17,2025-07-25,Delivered,WH-Central,0,Annual
SAL-00129,ORD-00065,2,2026-02-13,2026,2026-02,C002,Blue Ridge Systems,Enterprise,Technology,North America,United Kingdom,P104,Insight Pro License,Software,Licenses,SKU-P104-2,1,200.16,0.05,200.16,190.15,USD,Partner,J. Chen,99.88,90.27,Credit Card,Paid,2026-02-22,2026-03-01,Delivered,WH-Central,0,Standard
SAL-00130,ORD-00066,1,2026-02-20,2026,2026-02,C004,Cedar & Stone,SMB,Hospitality,Europe,Singapore,P109,Forecasting Add-on,Software,Analytics,SKU-P109-4,28,300.26,0.15,8407.28,7146.19,USD,Online,A. Patel,185.52,1951.66,Net Terms,Paid,2026-02-23,2026-02-24,Delivered,WH-Central,0,Multi-year
SAL-00131,ORD-00066,2,2025-06-01,2025,2025-06,C008,Evergreen Labs,SMB,Healthcare,Europe,Singapore,P100,Analytics Platform,Software,Analytics,SKU-P100-2,19,961.68,0,18271.92,18271.92,USD,Partner,R. Kim,558.5,7660.39,ACH,Paid,2025-06-07,,Cancelled,WH-EU,0,Multi-year
SAL-00132,ORD-00067,1,2024-03-13,2024,2024-03,C004,Cedar & Stone,SMB,Hospitality,Europe,Singapore,P105,Storage Array,Hardware,Storage,SKU-P105-2,31,1185.05,0,36736.55,36736.55,USD,Direct,A. Patel,881.04,9424.31,ACH,Paid,2024-03-25,2024-03-27,Delivered,WH-EU,0,Multi-year
SAL-00133,ORD-00067,2,2023-07-28,2023,2023-07,C004,Cedar & Stone,SMB,Hospitality,Europe,United States,P108,Mobile Scanner,Hardware,Devices,SKU-P108-4,29,188.57,0,5468.53,5468.53,USD,Online,A. Patel,105.94,2396.23,ACH,Paid,2023-08-01,2023-08-09,Delivered,WH-EU,0,Annual
SAL-00134,ORD-00068,1,2025-08-04,2025,2025-08,C003,Harbor Health Group,Enterprise,Healthcare,North America,Brazil,P100,Analytics Platform,Software,Analytics,SKU-P100-4,23,977.55,0.1,22483.65,20235.29,USD,Online,M. Garcia,539.14,7835.06,Wire Transfer,Paid,2025-08-20,2025-08-21,Delivered,WH-East,0,Annual
SAL-00135,ORD-00068,2,2023-01-26,2023,2023-01,C008,Evergreen Labs,SMB,Healthcare,Europe,Canada,P108,Mobile Scanner,Hardware,Devices,SKU-P108-2,1,197.32,0.15,197.32,167.72,USD,Online,J. Chen,95.8,71.92,ACH,Paid,2023-01-29,2023-02-01,Delivered,WH-East,0,Annual
SAL-00136,ORD-00069,1,2025-10-26,2025,2025-10,C005,Vertex Manufacturing,Enterprise,Manufacturing,Europe,Singapore,P105,Storage Array,Hardware,Storage,SKU-P105-2,28,1348.06,0.1,37745.68,33971.11,USD,Marketplace,R. Kim,845.78,10289.28,ACH,Paid,2025-11-09,2025-11-15,Delivered,WH-Central,0,Multi-year
SAL-00137,ORD-00069,2,2025-11-29,2025,2025-11,C008,Evergreen Labs,SMB,Healthcare,Europe,United Kingdom,P102,Edge Gateway,Hardware,Networking,SKU-P102-1,7,439.85,0.05,3078.95,2925.0,USD,Online,A. Patel,243.81,1218.32,Credit Card,Paid,2025-12-08,,Returned,WH-EU,2,Annual
SAL-00138,ORD-00070,1,2024-01-16,2024,2024-01,C010,Golden Fields Co.,Mid-Market,Agriculture,Latin America,United Kingdom,P109,Forecasting Add-on,Software,Analytics,SKU-P109-1,24,333.27,0.15,7998.48,6798.71,USD,Direct,M. Garcia,165.36,2830.15,Net Terms,Paid,2024-01-20,2024-01-24,Delivered,WH-West,0,Multi-year
SAL-00139,ORD-00070,2,2025-05-22,2025,2025-05,C007,Atlas Public Services,Public Sector,Government,North America,Brazil,P109,Forecasting Add-on,Software,Analytics,SKU-P109-2,13,354.22,0,4604.86,4604.86,USD,Marketplace,A. Patel,197.95,2031.46,Wire Transfer,Paid,2025-06-01,2025-06-07,Delivered,WH-East,0,Standard
SAL-00140,ORD-00071,1,2026-03-30,2026,2026-03,C001,Northstar Retail,Retail,Consumer Goods,North America,Canada,P104,Insight Pro License,Software,Licenses,SKU-P104-2,26,184.37,0.15,4793.62,4074.58,USD,Partner,A. Patel,83.57,1901.76,ACH,Paid,2026-04-10,,Processing,WH-West,0,Annual
SAL-00141,ORD-00071,2,2026-09-21,2026,2026-09,C009,Summit Logistics,Enterprise,Transportation,Asia Pacific,United Kingdom,P101,Cloud Data Suite,Software,Cloud,SKU-P101-1,22,770.1,0.1,16942.2,15247.98,USD,Online,J. Chen,396.04,6535.18,ACH,Paid,2026-09-30,2026-10-04,Delivered,WH-East,0,Standard
SAL-00142,ORD-00072,1,2025-08-03,2025,2025-08,C005,Vertex Manufacturing,Enterprise,Manufacturing,Europe,Canada,P100,Analytics Platform,Software,Analytics,SKU-P100-4,23,868.5,0.2,19975.5,15980.4,USD,Online,M. Garcia,464.62,5294.09,Wire Transfer,Paid,2025-08-12,,Cancelled,WH-Central,0,Multi-year
SAL-00143,ORD-00072,2,2025-12-20,2025,2025-12,C007,Atlas Public Services,Public Sector,Government,North America,United States,P100,Analytics Platform,Software,Analytics,SKU-P100-2,20,913.24,0,18264.8,18264.8,USD,Direct,A. Patel,509.19,8080.98,Wire Transfer,Paid,2026-01-05,2026-01-13,Delivered,WH-Central,0,Annual
SAL-00144,ORD-00073,1,2023-10-27,2023,2023-10,C005,Vertex Manufacturing,Enterprise,Manufacturing,Europe,United Kingdom,P109,Forecasting Add-on,Software,Analytics,SKU-P109-4,23,310.15,0,7133.45,7133.45,USD,Partner,A. Patel,178.3,3032.46,Credit Card,Paid,2023-11-10,2023-11-14,Delivered,WH-West,0,Standard
SAL-00145,ORD-00073,2,2024-12-16,2024,2024-12,C004,Cedar & Stone,SMB,Hospitality,Europe,Singapore,P100,Analytics Platform,Software,Analytics,SKU-P100-1,7,938.12,0,6566.84,6566.84,USD,Partner,J. Chen,649.6,2019.64,Wire Transfer,Pending,2024-12-19,2024-12-24,Delivered,WH-EU,0,Annual
SAL-00146,ORD-00074,1,2023-09-21,2023,2023-09,C008,Evergreen Labs,SMB,Healthcare,Europe,Germany,P102,Edge Gateway,Hardware,Networking,SKU-P102-2,33,409.75,0.1,13521.75,12169.58,USD,Online,R. Kim,187.24,5990.59,Net Terms,Refunded,2023-10-07,2023-10-13,Delivered,WH-EU,0,Standard
SAL-00147,ORD-00074,2,2025-11-15,2025,2025-11,C009,Summit Logistics,Enterprise,Transportation,Asia Pacific,Germany,P100,Analytics Platform,Software,Analytics,SKU-P100-2,19,990.54,0,18820.26,18820.26,USD,Partner,R. Kim,672.17,6048.99,ACH,Paid,2025-11-24,2025-11-26,Delivered,WH-EU,0,Multi-year
SAL-00148,ORD-00075,1,2023-05-04,2023,2023-05,C006,Sunrise Market,SMB,Retail,Asia Pacific,Germany,P109,Forecasting Add-on,Software,Analytics,SKU-P109-2,27,354.54,0,9572.58,9572.58,USD,Marketplace,S. Johnson,201.34,4136.28,ACH,Overdue,2023-05-08,,Shipped,WH-Central,0,Multi-year
SAL-00149,ORD-00075,2,2023-07-27,2023,2023-07,C006,Sunrise Market,SMB,Retail,Asia Pacific,United States,P109,Forecasting Add-on,Software,Analytics,SKU-P109-2,5,292.19,0.1,1460.95,1314.86,USD,Partner,J. Chen,192.51,352.29,Credit Card,Paid,2023-07-28,2023-08-02,Delivered,WH-East,0,Annual
SAL-00150,ORD-00076,1,2025-12-03,2025,2025-12,C010,Golden Fields Co.,Mid-Market,Agriculture,Latin America,Germany,P100,Analytics Platform,Software,Analytics,SKU-P100-3,20,867.6,0,17352.0,17352.0,USD,Direct,R. Kim,446.62,8419.52,Net Terms,Refunded,2025-12-11,,Processing,WH-Central,0,Standard
SAL-00151,ORD-00076,2,2025-02-04,2025,2025-02,C001,Northstar Retail,Retail,Consumer Goods,North America,United Kingdom,P109,Forecasting Add-on,Software,Analytics,SKU-P109-1,2,346.1,0.1,692.2,622.98,USD,Marketplace,A. Patel,158.66,305.67,ACH,Paid,2025-02-11,2025-02-18,Delivered,WH-West,0,Standard
SAL-00152,ORD-00077,1,2025-03-05,2025,2025-03,C001,Northstar Retail,Retail,Consumer Goods,North America,United Kingdom,P104,Insight Pro License,Software,Licenses,SKU-P104-2,21,168.61,0,3540.81,3540.81,USD,Online,M. Garcia,127.97,853.36,ACH,Paid,2025-03-11,,Shipped,WH-East,0,Standard
SAL-00153,ORD-00077,2,2025-06-26,2025,2025-06,C010,Golden Fields Co.,Mid-Market,Agriculture,Latin America,United States,P109,Forecasting Add-on,Software,Analytics,SKU-P109-2,12,361.78,0.15,4341.36,3690.16,USD,Partner,A. Patel,201.71,1269.69,Credit Card,Overdue,2025-06-30,2025-07-02,Delivered,WH-West,0,Annual
SAL-00154,ORD-00078,1,2024-10-04,2024,2024-10,C006,Sunrise Market,SMB,Retail,Asia Pacific,Brazil,P104,Insight Pro License,Software,Licenses,SKU-P104-3,20,186.67,0.1,3733.4,3360.06,USD,Online,A. Patel,118.06,998.86,Credit Card,Overdue,2024-10-14,2024-10-19,Delivered,WH-EU,0,Annual
SAL-00155,ORD-00078,2,2026-04-09,2026,2026-04,C009,Summit Logistics,Enterprise,Transportation,Asia Pacific,Singapore,P104,Insight Pro License,Software,Licenses,SKU-P104-3,32,189.8,0.15,6073.6,5162.56,USD,Online,M. Garcia,92.68,2196.72,ACH,Paid,2026-04-16,2026-04-20,Delivered,WH-West,0,Standard
SAL-00156,ORD-00079,1,2023-11-19,2023,2023-11,C003,Harbor Health Group,Enterprise,Healthcare,North America,Brazil,P104,Insight Pro License,Software,Licenses,SKU-P104-1,13,195.06,0,2535.78,2535.78,USD,Direct,R. Kim,107.97,1132.16,Wire Transfer,Refunded,2023-11-22,2023-11-28,Delivered,WH-EU,0,Standard
SAL-00157,ORD-00079,2,2023-05-11,2023,2023-05,C006,Sunrise Market,SMB,Retail,Asia Pacific,Singapore,P109,Forecasting Add-on,Software,Analytics,SKU-P109-4,31,301.5,0,9346.5,9346.5,USD,Partner,R. Kim,149.22,4720.56,Net Terms,Paid,2023-05-23,,Returned,WH-West,22,Multi-year
SAL-00158,ORD-00080,1,2025-11-28,2025,2025-11,C001,Northstar Retail,Retail,Consumer Goods,North America,Singapore,P104,Insight Pro License,Software,Licenses,SKU-P104-2,19,169.17,0,3214.23,3214.23,USD,Marketplace,R. Kim,93.76,1432.76,ACH,Paid,2025-11-30,2025-12-02,Delivered,WH-West,0,Standard
SAL-00159,ORD-00080,2,2026-08-25,2026,2026-08,C008,Evergreen Labs,SMB,Healthcare,Europe,United Kingdom,P102,Edge Gateway,Hardware,Networking,SKU-P102-4,21,437.86,0.1,9195.06,8275.55,USD,Partner,M. Garcia,230.03,3444.89,ACH,Paid,2026-09-06,2026-09-13,Delivered,WH-Central,0,Standard
SAL-00160,ORD-00081,1,2026-02-02,2026,2026-02,C009,Summit Logistics,Enterprise,Transportation,Asia Pacific,United Kingdom,P108,Mobile Scanner,Hardware,Devices,SKU-P108-4,28,190.64,0,5337.92,5337.92,USD,Partner,S. Johnson,119.56,1990.24,Credit Card,Overdue,2026-02-15,2026-02-23,Delivered,WH-East,0,Annual
SAL-00161,ORD-00081,2,2026-04-23,2026,2026-04,C008,Evergreen Labs,SMB,Healthcare,Europe,Canada,P101,Cloud Data Suite,Software,Cloud,SKU-P101-2,23,666.07,0.1,15319.61,13787.65,USD,Partner,M. Garcia,306.15,6746.18,ACH,Paid,2026-04-24,2026-04-28,Delivered,WH-East,0,Annual
SAL-00162,ORD-00082,1,2025-07-21,2025,2025-07,C006,Sunrise Market,SMB,Retail,Asia Pacific,United Kingdom,P109,Forecasting Add-on,Software,Analytics,SKU-P109-1,16,294.19,0,4707.04,4707.04,USD,Online,M. Garcia,150.8,2294.24,Net Terms,Paid,2025-07-22,2025-07-24,Delivered,WH-East,0,Multi-year
SAL-00163,ORD-00082,2,2024-01-01,2024,2024-01,C005,Vertex Manufacturing,Enterprise,Manufacturing,Europe,Germany,P103,Secure Access Kit,Hardware,Security,SKU-P103-3,4,311.25,0,1245.0,1245.0,USD,Online,R. Kim,159.04,608.84,Wire Transfer,Paid,2024-01-09,2024-01-17,Delivered,WH-Central,0,Multi-year
SAL-00164,ORD-00083,1,2024-06-15,2024,2024-06,C010,Golden Fields Co.,Mid-Market,Agriculture,Latin America,Singapore,P107,Support Renewal,Services,Support,SKU-P107-4,31,356.52,0,11052.12,11052.12,USD,Direct,M. Garcia,258.55,3036.95,ACH,Paid,2024-06-29,2024-06-30,Delivered,WH-EU,0,Annual
SAL-00165,ORD-00083,2,2025-01-31,2025,2025-01,C007,Atlas Public Services,Public Sector,Government,North America,Canada,P100,Analytics Platform,Software,Analytics,SKU-P100-4,27,917.64,0.05,24776.28,23537.47,USD,Online,S. Johnson,661.2,5684.99,Credit Card,Pending,2025-02-10,,Shipped,WH-Central,0,Standard
SAL-00166,ORD-00084,1,2025-07-22,2025,2025-07,C006,Sunrise Market,SMB,Retail,Asia Pacific,Canada,P108,Mobile Scanner,Hardware,Devices,SKU-P108-3,29,201.57,0,5845.53,5845.53,USD,Marketplace,A. Patel,117.96,2424.62,Net Terms,Paid,2025-08-07,2025-08-10,Delivered,WH-Central,0,Annual
SAL-00167,ORD-00084,2,2024-01-16,2024,2024-01,C005,Vertex Manufacturing,Enterprise,Manufacturing,Europe,United States,P104,Insight Pro License,Software,Licenses,SKU-P104-2,31,182.23,0.05,5649.13,5366.67,USD,Partner,A. Patel,96.41,2377.81,Net Terms,Refunded,2024-01-27,2024-01-31,Delivered,WH-Central,0,Annual
SAL-00168,ORD-00085,1,2024-12-09,2024,2024-12,C007,Atlas Public Services,Public Sector,Government,North America,United Kingdom,P104,Insight Pro License,Software,Licenses,SKU-P104-2,15,181.39,0,2720.85,2720.85,USD,Partner,R. Kim,92.41,1334.72,Credit Card,Overdue,2024-12-10,,Shipped,WH-East,0,Multi-year
SAL-00169,ORD-00085,2,2024-07-01,2024,2024-07,C001,Northstar Retail,Retail,Consumer Goods,North America,Germany,P106,Integration Services,Services,Consulting,SKU-P106-3,33,1657.03,0.05,54681.99,51947.89,USD,Marketplace,A. Patel,899.56,22262.35,ACH,Paid,2024-07-13,,Shipped,WH-EU,0,Multi-year
SAL-00170,ORD-00086,1,2024-09-14,2024,2024-09,C007,Atlas Public Services,Public Sector,Government,North America,Germany,P102,Edge Gateway,Hardware,Networking,SKU-P102-1,22,405.78,0.2,8927.16,7141.73,USD,Marketplace,R. Kim,223.08,2233.94,Wire Transfer,Paid,2024-09-23,2024-09-27,Delivered,WH-Central,0,Annual
SAL-00171,ORD-00086,2,2024-11-10,2024,2024-11,C003,Harbor Health Group,Enterprise,Healthcare,North America,United States,P106,Integration Services,Services,Consulting,SKU-P106-3,31,1657.21,0,51373.51,51373.51,USD,Partner,S. Johnson,1083.63,17780.87,ACH,Pending,2024-11-26,2024-12-01,Delivered,WH-East,0,Multi-year
SAL-00172,ORD-00087,1,2025-12-09,2025,2025-12,C002,Blue Ridge Systems,Enterprise,Technology,North America,United States,P106,Integration Services,Services,Consulting,SKU-P106-2,29,1389.2,0.05,40286.8,38272.46,USD,Marketplace,A. Patel,638.2,19764.61,Wire Transfer,Paid,2025-12-16,,Shipped,WH-EU,0,Annual
SAL-00173,ORD-00087,2,2023-03-08,2023,2023-03,C006,Sunrise Market,SMB,Retail,Asia Pacific,Singapore,P108,Mobile Scanner,Hardware,Devices,SKU-P108-4,1,193.95,0,193.95,193.95,USD,Marketplace,J. Chen,109.75,84.2,Credit Card,Pending,2023-03-14,2023-03-15,Delivered,WH-East,0,Multi-year
SAL-00174,ORD-00088,1,2024-08-11,2024,2024-08,C001,Northstar Retail,Retail,Consumer Goods,North America,United Kingdom,P107,Support Renewal,Services,Support,SKU-P107-3,15,358.33,0.15,5374.95,4568.71,USD,Partner,J. Chen,214.44,1352.1,ACH,Paid,2024-08-16,,Shipped,WH-West,0,Multi-year
SAL-00175,ORD-00088,2,2025-06-26,2025,2025-06,C009,Summit Logistics,Enterprise,Transportation,Asia Pacific,Singapore,P104,Insight Pro License,Software,Licenses,SKU-P104-4,12,185.09,0.05,2221.08,2110.03,USD,Online,J. Chen,116.02,717.77,Net Terms,Paid,2025-07-10,,Shipped,WH-West,0,Standard
SAL-00176,ORD-00089,1,2024-03-14,2024,2024-03,C007,Atlas Public Services,Public Sector,Government,North America,Canada,P109,Forecasting Add-on,Software,Analytics,SKU-P109-3,5,296.33,0.05,1481.65,1407.57,USD,Online,S. Johnson,168.23,566.44,Credit Card,Paid,2024-03-30,,Returned,WH-East,5,Standard
SAL-00177,ORD-00089,2,2023-02-20,2023,2023-02,C002,Blue Ridge Systems,Enterprise,Technology,North America,Singapore,P102,Edge Gateway,Hardware,Networking,SKU-P102-2,13,395.92,0.05,5146.96,4889.61,USD,Direct,M. Garcia,276.3,1297.69,Net Terms,Paid,2023-03-04,2023-03-12,Delivered,WH-EU,0,Standard
SAL-00178,ORD-00090,1,2025-10-24,2025,2025-10,C007,Atlas Public Services,Public Sector,Government,North America,United States,P100,Analytics Platform,Software,Analytics,SKU-P100-4,35,1016.16,0,35565.6,35565.6,USD,Partner,M. Garcia,560.71,15940.62,ACH,Refunded,2025-10-31,2025-11-01,Delivered,WH-EU,0,Multi-year
SAL-00179,ORD-00090,2,2026-05-01,2026,2026-05,C004,Cedar & Stone,SMB,Hospitality,Europe,Brazil,P107,Support Renewal,Services,Support,SKU-P107-2,2,386.75,0.05,773.5,734.82,USD,Direct,J. Chen,249.35,236.11,Net Terms,Paid,2026-05-02,2026-05-08,Delivered,WH-West,0,Multi-year
SAL-00180,ORD-00091,1,2023-10-26,2023,2023-10,C003,Harbor Health Group,Enterprise,Healthcare,North America,United States,P104,Insight Pro License,Software,Licenses,SKU-P104-1,35,187.46,0,6561.1,6561.1,USD,Online,R. Kim,121.14,2321.3,Wire Transfer,Paid,2023-10-27,2023-10-28,Delivered,WH-West,0,Standard
SAL-00181,ORD-00091,2,2023-03-22,2023,2023-03,C009,Summit Logistics,Enterprise,Transportation,Asia Pacific,Canada,P102,Edge Gateway,Hardware,Networking,SKU-P102-4,26,379.61,0.05,9869.86,9376.37,USD,Direct,S. Johnson,254.4,2762.02,ACH,Paid,2023-03-28,2023-04-03,Delivered,WH-Central,0,Standard
SAL-00182,ORD-00092,1,2026-06-16,2026,2026-06,C006,Sunrise Market,SMB,Retail,Asia Pacific,Canada,P101,Cloud Data Suite,Software,Cloud,SKU-P101-2,7,685.88,0.2,4801.16,3840.93,USD,Direct,R. Kim,272.14,1935.96,Wire Transfer,Paid,2026-07-02,2026-07-03,Delivered,WH-EU,0,Standard
SAL-00183,ORD-00092,2,2024-01-02,2024,2024-01,C006,Sunrise Market,SMB,Retail,Asia Pacific,Singapore,P103,Secure Access Kit,Hardware,Security,SKU-P103-2,2,281.22,0,562.44,562.44,USD,Partner,A. Patel,191.73,178.98,Wire Transfer,Paid,2024-01-14,2024-01-16,Delivered,WH-East,0,Annual
SAL-00184,ORD-00093,1,2026-08-10,2026,2026-08,C009,Summit Logistics,Enterprise,Transportation,Asia Pacific,Singapore,P105,Storage Array,Hardware,Storage,SKU-P105-2,32,1355.66,0,43381.12,43381.12,USD,Marketplace,J. Chen,818.4,17192.47,Credit Card,Paid,2026-08-25,2026-08-30,Delivered,WH-West,0,Annual
SAL-00185,ORD-00093,2,2025-06-08,2025,2025-06,C007,Atlas Public Services,Public Sector,Government,North America,Brazil,P105,Storage Array,Hardware,Storage,SKU-P105-1,18,1355.22,0.1,24393.96,21954.56,USD,Direct,J. Chen,687.22,9584.52,Wire Transfer,Overdue,2025-06-21,2025-06-27,Delivered,WH-EU,0,Standard
SAL-00186,ORD-00094,1,2024-11-03,2024,2024-11,C009,Summit Logistics,Enterprise,Transportation,Asia Pacific,Brazil,P109,Forecasting Add-on,Software,Analytics,SKU-P109-3,15,351.8,0.05,5277.0,5013.15,USD,Online,J. Chen,214.7,1792.63,Net Terms,Paid,2024-11-13,2024-11-21,Delivered,WH-Central,0,Multi-year
SAL-00187,ORD-00094,2,2023-02-25,2023,2023-02,C001,Northstar Retail,Retail,Consumer Goods,North America,Canada,P106,Integration Services,Services,Consulting,SKU-P106-1,3,1650.15,0.15,4950.45,4207.88,USD,Online,A. Patel,712.12,2071.52,Wire Transfer,Paid,2023-03-04,2023-03-06,Delivered,WH-East,0,Annual
SAL-00188,ORD-00095,1,2026-06-24,2026,2026-06,C008,Evergreen Labs,SMB,Healthcare,Europe,Canada,P101,Cloud Data Suite,Software,Cloud,SKU-P101-2,13,777.73,0.1,10110.49,9099.44,USD,Partner,R. Kim,412.01,3743.37,Net Terms,Pending,2026-07-10,2026-07-17,Delivered,WH-East,0,Multi-year
SAL-00189,ORD-00095,2,2023-04-23,2023,2023-04,C002,Blue Ridge Systems,Enterprise,Technology,North America,Germany,P106,Integration Services,Services,Consulting,SKU-P106-2,27,1444.16,0.05,38992.32,37042.7,USD,Direct,R. Kim,1018.38,9546.44,Wire Transfer,Paid,2023-05-04,2023-05-12,Delivered,WH-West,0,Annual
SAL-00190,ORD-00096,1,2024-08-25,2024,2024-08,C004,Cedar & Stone,SMB,Hospitality,Europe,Canada,P107,Support Renewal,Services,Support,SKU-P107-3,1,347.21,0.1,347.21,312.49,USD,Online,A. Patel,186.27,126.22,Net Terms,Overdue,2024-08-28,2024-09-03,Delivered,WH-Central,0,Annual
SAL-00191,ORD-00096,2,2024-11-03,2024,2024-11,C003,Harbor Health Group,Enterprise,Healthcare,North America,Brazil,P105,Storage Array,Hardware,Storage,SKU-P105-2,34,1130.72,0.05,38444.48,36522.26,USD,Direct,A. Patel,755.95,10820.08,Net Terms,Pending,2024-11-04,2024-11-09,Delivered,WH-East,0,Multi-year
SAL-00192,ORD-00097,1,2025-07-07,2025,2025-07,C007,Atlas Public Services,Public Sector,Government,North America,Brazil,P108,Mobile Scanner,Hardware,Devices,SKU-P108-3,33,202.24,0,6673.92,6673.92,USD,Marketplace,A. Patel,128.42,2436.14,Net Terms,Paid,2025-07-19,,Shipped,WH-East,0,Annual
SAL-00193,ORD-00097,2,2026-02-03,2026,2026-02,C006,Sunrise Market,SMB,Retail,Asia Pacific,Canada,P108,Mobile Scanner,Hardware,Devices,SKU-P108-2,7,176.33,0.15,1234.31,1049.16,USD,Direct,S. Johnson,86.87,441.06,ACH,Paid,2026-02-11,2026-02-14,Delivered,WH-EU,0,Multi-year
SAL-00194,ORD-00098,1,2025-06-06,2025,2025-06,C008,Evergreen Labs,SMB,Healthcare,Europe,United States,P108,Mobile Scanner,Hardware,Devices,SKU-P108-1,5,176.04,0.15,880.2,748.17,USD,Online,S. Johnson,108.79,204.2,Wire Transfer,Paid,2025-06-21,,Returned,WH-East,4,Multi-year
SAL-00195,ORD-00098,2,2024-09-19,2024,2024-09,C009,Summit Logistics,Enterprise,Transportation,Asia Pacific,Singapore,P100,Analytics Platform,Software,Analytics,SKU-P100-4,6,1005.16,0.1,6030.96,5427.86,USD,Online,J. Chen,463.86,2644.7,Wire Transfer,Refunded,2024-09-28,,Shipped,WH-EU,0,Annual
SAL-00196,ORD-00099,1,2024-09-18,2024,2024-09,C004,Cedar & Stone,SMB,Hospitality,Europe,United Kingdom,P107,Support Renewal,Services,Support,SKU-P107-4,1,322.15,0.05,322.15,306.04,USD,Partner,J. Chen,203.55,102.49,Wire Transfer,Paid,2024-09-23,2024-09-26,Delivered,WH-East,0,Multi-year
SAL-00197,ORD-00099,2,2024-02-12,2024,2024-02,C001,Northstar Retail,Retail,Consumer Goods,North America,Canada,P104,Insight Pro License,Software,Licenses,SKU-P104-4,31,184.89,0,5731.59,5731.59,USD,Online,S. Johnson,98.76,2670.08,Wire Transfer,Paid,2024-02-20,2024-02-24,Delivered,WH-EU,0,Annual
SAL-00198,ORD-00100,1,2023-03-07,2023,2023-03,C007,Atlas Public Services,Public Sector,Government,North America,United Kingdom,P102,Edge Gateway,Hardware,Networking,SKU-P102-3,8,392.71,0.1,3141.68,2827.51,USD,Partner,S. Johnson,258.27,761.32,Net Terms,Paid,2023-03-12,2023-03-20,Delivered,WH-East,0,Standard
SAL-00199,ORD-00100,2,2023-06-24,2023,2023-06,C005,Vertex Manufacturing,Enterprise,Manufacturing,Europe,Singapore,P104,Insight Pro License,Software,Licenses,SKU-P104-4,11,171.21,0.15,1883.31,1600.81,USD,Partner,J. Chen,91.7,592.08,Credit Card,Paid,2023-07-06,2023-07-13,Delivered,WH-Central,0,Annual
SAL-00200,ORD-00101,1,2024-09-22,2024,2024-09,C007,Atlas Public Services,Public Sector,Government,North America,United States,P100,Analytics Platform,Software,Analytics,SKU-P100-3,10,998.13,0.05,9981.3,9482.23,USD,Direct,A. Patel,602.71,3455.13,Wire Transfer,Paid,2024-09-24,2024-09-28,Delivered,WH-East,0,Annual
SAL-00201,ORD-00101,2,2024-09-09,2024,2024-09,C005,Vertex Manufacturing,Enterprise,Manufacturing,Europe,Germany,P102,Edge Gateway,Hardware,Networking,SKU-P102-2,2,432.58,0.05,865.16,821.9,USD,Direct,R. Kim,279.79,262.33,Wire Transfer,Paid,2024-09-10,,Shipped,WH-West,0,Standard
SAL-00202,ORD-00102,1,2025-03-03,2025,2025-03,C009,Summit Logistics,Enterprise,Transportation,Asia Pacific,United Kingdom,P104,Insight Pro License,Software,Licenses,SKU-P104-4,15,165.35,0.15,2480.25,2108.21,USD,Marketplace,A. Patel,70.43,1051.73,Wire Transfer,Paid,2025-03-10,2025-03-12,Delivered,WH-EU,0,Annual
SAL-00203,ORD-00102,2,2026-01-09,2026,2026-01,C005,Vertex Manufacturing,Enterprise,Manufacturing,Europe,Singapore,P108,Mobile Scanner,Hardware,Devices,SKU-P108-3,26,198.35,0,5157.1,5157.1,USD,Marketplace,J. Chen,138.78,1548.82,Wire Transfer,Paid,2026-01-13,2026-01-19,Delivered,WH-West,0,Standard
SAL-00204,ORD-00103,1,2026-02-18,2026,2026-02,C009,Summit Logistics,Enterprise,Transportation,Asia Pacific,Canada,P107,Support Renewal,Services,Support,SKU-P107-3,1,327.78,0.1,327.78,295.0,USD,Partner,S. Johnson,189.21,105.79,Wire Transfer,Pending,2026-03-03,2026-03-11,Delivered,WH-West,0,Multi-year
SAL-00205,ORD-00103,2,2025-06-30,2025,2025-06,C003,Harbor Health Group,Enterprise,Healthcare,North America,Singapore,P101,Cloud Data Suite,Software,Cloud,SKU-P101-1,12,765.6,0.15,9187.2,7809.12,USD,Direct,R. Kim,420.56,2762.34,Credit Card,Paid,2025-07-09,2025-07-14,Delivered,WH-West,0,Multi-year
SAL-00206,ORD-00104,1,2023-03-29,2023,2023-03,C008,Evergreen Labs,SMB,Healthcare,Europe,Canada,P102,Edge Gateway,Hardware,Networking,SKU-P102-3,25,452.53,0.1,11313.25,10181.93,USD,Online,A. Patel,207.17,5002.56,ACH,Paid,2023-04-13,2023-04-20,Delivered,WH-East,0,Multi-year
SAL-00207,ORD-00104,2,2025-03-07,2025,2025-03,C006,Sunrise Market,SMB,Retail,Asia Pacific,Brazil,P104,Insight Pro License,Software,Licenses,SKU-P104-4,1,166.98,0,166.98,166.98,USD,Direct,M. Garcia,82.34,84.64,Wire Transfer,Paid,2025-03-09,2025-03-12,Delivered,WH-East,0,Multi-year
SAL-00208,ORD-00105,1,2024-09-25,2024,2024-09,C008,Evergreen Labs,SMB,Healthcare,Europe,Singapore,P108,Mobile Scanner,Hardware,Devices,SKU-P108-3,25,212.03,0.05,5300.75,5035.71,USD,Partner,A. Patel,98.09,2583.51,ACH,Overdue,2024-10-09,,Shipped,WH-Central,0,Annual
SAL-00209,ORD-00105,2,2023-12-25,2023,2023-12,C005,Vertex Manufacturing,Enterprise,Manufacturing,Europe,United Kingdom,P101,Cloud Data Suite,Software,Cloud,SKU-P101-3,4,657.15,0.05,2628.6,2497.17,USD,Online,A. Patel,333.47,1163.29,ACH,Pending,2024-01-01,2024-01-07,Delivered,WH-East,0,Multi-year
SAL-00210,ORD-00106,1,2026-01-10,2026,2026-01,C009,Summit Logistics,Enterprise,Transportation,Asia Pacific,Canada,P106,Integration Services,Services,Consulting,SKU-P106-1,31,1609.11,0,49882.41,49882.41,USD,Partner,R. Kim,916.22,21479.72,Credit Card,Paid,2026-01-14,2026-01-20,Delivered,WH-Central,0,Multi-year
SAL-00211,ORD-00106,2,2023-03-31,2023,2023-03,C003,Harbor Health Group,Enterprise,Healthcare,North America,United States,P100,Analytics Platform,Software,Analytics,SKU-P100-3,32,837.41,0.1,26797.12,24117.41,USD,Online,R. Kim,415.45,10823.01,ACH,Paid,2023-04-16,2023-04-18,Delivered,WH-East,0,Annual
SAL-00212,ORD-00107,1,2024-05-01,2024,2024-05,C003,Harbor Health Group,Enterprise,Healthcare,North America,Brazil,P109,Forecasting Add-on,Software,Analytics,SKU-P109-2,19,343.34,0.05,6523.46,6197.29,USD,Online,A. Patel,246.59,1512.1,ACH,Pending,2024-05-07,2024-05-14,Delivered,WH-West,0,Standard
SAL-00213,ORD-00107,2,2023-09-06,2023,2023-09,C003,Harbor Health Group,Enterprise,Healthcare,North America,United Kingdom,P104,Insight Pro License,Software,Licenses,SKU-P104-1,7,186.79,0.1,1307.53,1176.78,USD,Partner,A. Patel,116.28,362.8,ACH,Paid,2023-09-12,2023-09-13,Delivered,WH-EU,0,Multi-year
SAL-00214,ORD-00108,1,2023-11-05,2023,2023-11,C001,Northstar Retail,Retail,Consumer Goods,North America,Germany,P107,Support Renewal,Services,Support,SKU-P107-1,25,361.01,0.15,9025.25,7671.46,USD,Direct,R. Kim,173.46,3334.84,Wire Transfer,Paid,2023-11-19,2023-11-26,Delivered,WH-West,0,Standard
SAL-00215,ORD-00108,2,2026-06-02,2026,2026-06,C005,Vertex Manufacturing,Enterprise,Manufacturing,Europe,United Kingdom,P107,Support Renewal,Services,Support,SKU-P107-2,7,331.82,0.1,2322.74,2090.47,USD,Marketplace,J. Chen,218.6,560.27,Credit Card,Refunded,2026-06-11,2026-06-12,Delivered,WH-West,0,Multi-year
SAL-00216,ORD-00109,1,2025-06-17,2025,2025-06,C006,Sunrise Market,SMB,Retail,Asia Pacific,United Kingdom,P106,Integration Services,Services,Consulting,SKU-P106-3,16,1336.14,0,21378.24,21378.24,USD,Marketplace,M. Garcia,946.91,6227.69,Credit Card,Paid,2025-06-22,2025-06-25,Delivered,WH-East,0,Standard
SAL-00217,ORD-00109,2,2026-07-17,2026,2026-07,C001,Northstar Retail,Retail,Consumer Goods,North America,Canada,P108,Mobile Scanner,Hardware,Devices,SKU-P108-3,14,216.95,0,3037.3,3037.3,USD,Marketplace,S. Johnson,141.64,1054.34,Wire Transfer,Pending,2026-07-18,2026-07-20,Delivered,WH-West,0,Standard
SAL-00218,ORD-00110,1,2024-01-12,2024,2024-01,C009,Summit Logistics,Enterprise,Transportation,Asia Pacific,Canada,P100,Analytics Platform,Software,Analytics,SKU-P100-3,34,1048.47,0,35647.98,35647.98,USD,Online,M. Garcia,629.83,14233.6,Wire Transfer,Paid,2024-01-27,2024-01-30,Delivered,WH-West,0,Multi-year
SAL-00219,ORD-00110,2,2024-01-13,2024,2024-01,C008,Evergreen Labs,SMB,Healthcare,Europe,Singapore,P101,Cloud Data Suite,Software,Cloud,SKU-P101-3,25,724.47,0.1,18111.75,16300.58,USD,Direct,R. Kim,365.12,7172.62,Wire Transfer,Paid,2024-01-26,,Shipped,WH-West,0,Multi-year
SAL-00220,ORD-00111,1,2024-03-13,2024,2024-03,C009,Summit Logistics,Enterprise,Transportation,Asia Pacific,Canada,P103,Secure Access Kit,Hardware,Security,SKU-P103-4,30,297.41,0.05,8922.3,8476.18,USD,Direct,S. Johnson,209.03,2205.41,ACH,Overdue,2024-03-16,2024-03-18,Delivered,WH-Central,0,Annual
SAL-00221,ORD-00111,2,2023-06-18,2023,2023-06,C004,Cedar & Stone,SMB,Hospitality,Europe,Germany,P105,Storage Array,Hardware,Storage,SKU-P105-4,16,1268.98,0.15,20303.68,17258.13,USD,Marketplace,S. Johnson,722.46,5698.8,Wire Transfer,Pending,2023-06-29,,Shipped,WH-West,0,Multi-year
SAL-00222,ORD-00112,1,2024-09-16,2024,2024-09,C006,Sunrise Market,SMB,Retail,Asia Pacific,Canada,P104,Insight Pro License,Software,Licenses,SKU-P104-2,13,168.01,0.2,2184.13,1747.3,USD,Direct,R. Kim,87.21,613.63,Wire Transfer,Paid,2024-09-23,2024-09-25,Delivered,WH-Central,0,Standard
SAL-00223,ORD-00112,2,2023-05-25,2023,2023-05,C004,Cedar & Stone,SMB,Hospitality,Europe,United Kingdom,P106,Integration Services,Services,Consulting,SKU-P106-3,35,1679.32,0.05,58776.2,55837.39,USD,Direct,J. Chen,865.9,25531.06,ACH,Paid,2023-05-27,2023-06-02,Delivered,WH-EU,0,Multi-year
SAL-00224,ORD-00113,1,2024-02-20,2024,2024-02,C001,Northstar Retail,Retail,Consumer Goods,North America,Germany,P105,Storage Array,Hardware,Storage,SKU-P105-1,27,1300.29,0,35107.83,35107.83,USD,Marketplace,R. Kim,729.38,15414.48,Credit Card,Paid,2024-03-02,2024-03-05,Delivered,WH-West,0,Annual
SAL-00225,ORD-00113,2,2025-01-24,2025,2025-01,C010,Golden Fields Co.,Mid-Market,Agriculture,Latin America,United Kingdom,P106,Integration Services,Services,Consulting,SKU-P106-2,33,1659.2,0.15,54753.6,46540.56,USD,Online,R. Kim,863.96,18030.01,ACH,Paid,2025-01-28,2025-01-29,Delivered,WH-East,0,Annual
SAL-00226,ORD-00114,1,2026-02-28,2026,2026-02,C003,Harbor Health Group,Enterprise,Healthcare,North America,Singapore,P107,Support Renewal,Services,Support,SKU-P107-1,27,339.78,0.15,9174.06,7797.95,USD,Marketplace,R. Kim,180.3,2929.87,Net Terms,Paid,2026-03-15,,Cancelled,WH-West,0,Multi-year
SAL-00227,ORD-00114,2,2023-02-28,2023,2023-02,C010,Golden Fields Co.,Mid-Market,Agriculture,Latin America,Germany,P107,Support Renewal,Services,Support,SKU-P107-2,2,368.97,0,737.94,737.94,USD,Marketplace,S. Johnson,266.4,205.14,Wire Transfer,Paid,2023-03-12,2023-03-16,Delivered,WH-East,0,Annual
SAL-00228,ORD-00115,1,2026-02-07,2026,2026-02,C007,Atlas Public Services,Public Sector,Government,North America,Brazil,P106,Integration Services,Services,Consulting,SKU-P106-1,8,1394.91,0.05,11159.28,10601.32,USD,Online,S. Johnson,818.11,4056.42,ACH,Pending,2026-02-18,2026-02-20,Delivered,WH-East,0,Multi-year
SAL-00229,ORD-00115,2,2023-10-25,2023,2023-10,C002,Blue Ridge Systems,Enterprise,Technology,North America,Germany,P108,Mobile Scanner,Hardware,Devices,SKU-P108-1,19,189.78,0.1,3605.82,3245.24,USD,Online,R. Kim,121.23,941.83,Wire Transfer,Paid,2023-10-31,2023-11-08,Delivered,WH-East,0,Multi-year
SAL-00230,ORD-00116,1,2024-02-28,2024,2024-02,C008,Evergreen Labs,SMB,Healthcare,Europe,Canada,P106,Integration Services,Services,Consulting,SKU-P106-4,22,1415.09,0.2,31131.98,24905.58,USD,Online,M. Garcia,804.84,7199.01,Credit Card,Paid,2024-03-15,2024-03-22,Delivered,WH-EU,0,Multi-year
SAL-00231,ORD-00116,2,2023-04-17,2023,2023-04,C006,Sunrise Market,SMB,Retail,Asia Pacific,United States,P105,Storage Array,Hardware,Storage,SKU-P105-1,11,1362.42,0,14986.62,14986.62,USD,Direct,R. Kim,895.82,5132.62,Net Terms,Paid,2023-04-19,2023-04-26,Delivered,WH-Central,0,Annual
SAL-00232,ORD-00117,1,2026-07-12,2026,2026-07,C004,Cedar & Stone,SMB,Hospitality,Europe,Canada,P106,Integration Services,Services,Consulting,SKU-P106-1,11,1653.49,0.15,18188.39,15460.13,USD,Online,A. Patel,1030.92,4120.0,Credit Card,Paid,2026-07-17,2026-07-25,Delivered,WH-EU,0,Multi-year
SAL-00233,ORD-00117,2,2025-05-26,2025,2025-05,C003,Harbor Health Group,Enterprise,Healthcare,North America,Canada,P105,Storage Array,Hardware,Storage,SKU-P105-1,32,1154.67,0,36949.44,36949.44,USD,Direct,S. Johnson,736.5,13381.34,ACH,Paid,2025-06-08,2025-06-12,Delivered,WH-East,0,Standard
SAL-00234,ORD-00118,1,2023-04-15,2023,2023-04,C004,Cedar & Stone,SMB,Hospitality,Europe,Singapore,P105,Storage Array,Hardware,Storage,SKU-P105-2,17,1211.77,0.05,20600.09,19570.09,USD,Online,A. Patel,690.13,7837.9,Wire Transfer,Paid,2023-04-19,,Processing,WH-Central,0,Multi-year
SAL-00235,ORD-00118,2,2025-08-25,2025,2025-08,C009,Summit Logistics,Enterprise,Transportation,Asia Pacific,Germany,P104,Insight Pro License,Software,Licenses,SKU-P104-4,35,181.55,0.1,6354.25,5718.82,USD,Partner,J. Chen,112.0,1798.91,ACH,Overdue,2025-08-26,2025-09-01,Delivered,WH-Central,0,Annual
SAL-00236,ORD-00119,1,2024-04-06,2024,2024-04,C007,Atlas Public Services,Public Sector,Government,North America,Brazil,P109,Forecasting Add-on,Software,Analytics,SKU-P109-4,9,293.48,0.1,2641.32,2377.19,USD,Partner,S. Johnson,176.04,792.84,Credit Card,Refunded,2024-04-20,,Shipped,WH-West,0,Standard
SAL-00237,ORD-00119,2,2025-09-19,2025,2025-09,C007,Atlas Public Services,Public Sector,Government,North America,Brazil,P103,Secure Access Kit,Hardware,Security,SKU-P103-4,14,295.09,0.15,4131.26,3511.57,USD,Partner,M. Garcia,173.38,1084.26,Wire Transfer,Overdue,2025-09-26,2025-09-28,Delivered,WH-Central,0,Annual
SAL-00238,ORD-00120,1,2025-06-07,2025,2025-06,C006,Sunrise Market,SMB,Retail,Asia Pacific,Brazil,P106,Integration Services,Services,Consulting,SKU-P106-2,14,1443.71,0,20211.94,20211.94,USD,Online,S. Johnson,801.69,8988.3,Wire Transfer,Refunded,2025-06-08,2025-06-16,Delivered,WH-Central,0,Standard
SAL-00239,ORD-00120,2,2025-02-01,2025,2025-02,C001,Northstar Retail,Retail,Consumer Goods,North America,United States,P106,Integration Services,Services,Consulting,SKU-P106-2,25,1368.75,0,34218.75,34218.75,USD,Online,A. Patel,900.69,11701.39,Net Terms,Paid,2025-02-15,2025-02-23,Delivered,WH-West,0,Annual
SAL-00240,ORD-00121,1,2026-05-11,2026,2026-05,C005,Vertex Manufacturing,Enterprise,Manufacturing,Europe,United Kingdom,P109,Forecasting Add-on,Software,Analytics,SKU-P109-4,9,308.23,0,2774.07,2774.07,USD,Marketplace,M. Garcia,201.3,962.37,Credit Card,Paid,2026-05-25,,Processing,WH-East,0,Standard
SAL-00241,ORD-00121,2,2023-09-20,2023,2023-09,C009,Summit Logistics,Enterprise,Transportation,Asia Pacific,Germany,P102,Edge Gateway,Hardware,Networking,SKU-P102-1,7,424.81,0.15,2973.67,2527.62,USD,Partner,A. Patel,199.01,1134.52,Credit Card,Paid,2023-09-30,2023-10-02,Delivered,WH-EU,0,Annual
SAL-00242,ORD-00122,1,2023-05-31,2023,2023-05,C002,Blue Ridge Systems,Enterprise,Technology,North America,Brazil,P104,Insight Pro License,Software,Licenses,SKU-P104-3,26,190.94,0.1,4964.44,4468.0,USD,Partner,S. Johnson,110.71,1589.62,Credit Card,Pending,2023-06-14,,Shipped,WH-EU,0,Multi-year
SAL-00243,ORD-00122,2,2023-05-15,2023,2023-05,C001,Northstar Retail,Retail,Consumer Goods,North America,Brazil,P105,Storage Array,Hardware,Storage,SKU-P105-1,19,1110.03,0.1,21090.57,18981.51,USD,Partner,J. Chen,720.82,5285.94,Credit Card,Overdue,2023-05-22,2023-05-29,Delivered,WH-Central,0,Standard
SAL-00244,ORD-00123,1,2024-06-24,2024,2024-06,C006,Sunrise Market,SMB,Retail,Asia Pacific,Germany,P108,Mobile Scanner,Hardware,Devices,SKU-P108-3,13,210.64,0.2,2738.32,2190.66,USD,Partner,A. Patel,84.43,1093.13,Net Terms,Paid,2024-06-28,2024-07-04,Delivered,WH-East,0,Multi-year
SAL-00245,ORD-00123,2,2023-02-26,2023,2023-02,C005,Vertex Manufacturing,Enterprise,Manufacturing,Europe,Canada,P102,Edge Gateway,Hardware,Networking,SKU-P102-4,4,386.45,0.1,1545.8,1391.22,USD,Direct,S. Johnson,237.83,439.91,Credit Card,Paid,2023-03-05,2023-03-09,Delivered,WH-West,0,Multi-year
SAL-00246,ORD-00124,1,2023-03-27,2023,2023-03,C009,Summit Logistics,Enterprise,Transportation,Asia Pacific,United Kingdom,P106,Integration Services,Services,Consulting,SKU-P106-4,32,1489.61,0.1,47667.52,42900.77,USD,Marketplace,S. Johnson,936.84,12921.88,ACH,Pending,2023-04-11,2023-04-16,Delivered,WH-West,0,Multi-year
SAL-00247,ORD-00124,2,2023-09-14,2023,2023-09,C007,Atlas Public Services,Public Sector,Government,North America,United States,P102,Edge Gateway,Hardware,Networking,SKU-P102-1,20,448.73,0,8974.6,8974.6,USD,Direct,J. Chen,268.15,3611.52,Credit Card,Refunded,2023-09-17,2023-09-21,Delivered,WH-Central,0,Multi-year
SAL-00248,ORD-00125,1,2025-10-08,2025,2025-10,C007,Atlas Public Services,Public Sector,Government,North America,Singapore,P108,Mobile Scanner,Hardware,Devices,SKU-P108-3,11,187.32,0.1,2060.52,1854.47,USD,Partner,S. Johnson,110.02,644.3,Credit Card,Paid,2025-10-17,2025-10-19,Delivered,WH-Central,0,Annual
SAL-00249,ORD-00125,2,2023-11-04,2023,2023-11,C007,Atlas Public Services,Public Sector,Government,North America,Brazil,P103,Secure Access Kit,Hardware,Security,SKU-P103-3,26,309.06,0.05,8035.56,7633.78,USD,Direct,A. Patel,164.07,3367.91,Credit Card,Paid,2023-11-06,,Processing,WH-East,0,Standard
SAL-00250,ORD-00126,1,2024-04-08,2024,2024-04,C007,Atlas Public Services,Public Sector,Government,North America,Brazil,P102,Edge Gateway,Hardware,Networking,SKU-P102-1,11,458.39,0,5042.29,5042.29,USD,Online,M. Garcia,333.18,1377.34,Credit Card,Refunded,2024-04-22,,Shipped,WH-East,0,Multi-year
SAL-00251,ORD-00126,2,2026-09-30,2026,2026-09,C007,Atlas Public Services,Public Sector,Government,North America,Germany,P104,Insight Pro License,Software,Licenses,SKU-P104-1,13,187.29,0,2434.77,2434.77,USD,Marketplace,R. Kim,137.07,652.85,Net Terms,Paid,2026-10-04,2026-10-08,Delivered,WH-East,0,Standard
SAL-00252,ORD-00127,1,2024-10-29,2024,2024-10,C008,Evergreen Labs,SMB,Healthcare,Europe,Canada,P102,Edge Gateway,Hardware,Networking,SKU-P102-1,16,421.56,0.15,6744.96,5733.22,USD,Direct,J. Chen,232.89,2006.94,Net Terms,Paid,2024-11-07,2024-11-13,Delivered,WH-EU,0,Multi-year
SAL-00253,ORD-00127,2,2024-12-29,2024,2024-12,C009,Summit Logistics,Enterprise,Transportation,Asia Pacific,Canada,P105,Storage Array,Hardware,Storage,SKU-P105-2,33,1171.94,0.15,38674.02,32872.92,USD,Marketplace,M. Garcia,517.13,15807.48,ACH,Paid,2025-01-14,,Shipped,WH-Central,0,Annual
SAL-00254,ORD-00128,1,2026-03-13,2026,2026-03,C007,Atlas Public Services,Public Sector,Government,North America,United States,P100,Analytics Platform,Software,Analytics,SKU-P100-4,1,1055.43,0.1,1055.43,949.89,USD,Partner,J. Chen,640.33,309.56,Wire Transfer,Overdue,2026-03-24,,Cancelled,WH-West,0,Standard
SAL-00255,ORD-00128,2,2023-03-20,2023,2023-03,C009,Summit Logistics,Enterprise,Transportation,Asia Pacific,Germany,P104,Insight Pro License,Software,Licenses,SKU-P104-4,19,161.91,0.1,3076.29,2768.66,USD,Online,S. Johnson,109.2,693.82,Wire Transfer,Paid,2023-04-02,,Shipped,WH-EU,0,Annual
SAL-00256,ORD-00129,1,2025-02-19,2025,2025-02,C008,Evergreen Labs,SMB,Healthcare,Europe,United Kingdom,P106,Integration Services,Services,Consulting,SKU-P106-2,29,1573.55,0,45632.95,45632.95,USD,Direct,A. Patel,805.7,22267.68,Net Terms,Paid,2025-03-04,2025-03-05,Delivered,WH-EU,0,Multi-year
SAL-00257,ORD-00129,2,2026-01-04,2026,2026-01,C005,Vertex Manufacturing,Enterprise,Manufacturing,Europe,United Kingdom,P100,Analytics Platform,Software,Analytics,SKU-P100-4,2,966.03,0.1,1932.06,1738.85,USD,Direct,M. Garcia,468.66,801.53,Credit Card,Pending,2026-01-10,2026-01-15,Delivered,WH-West,0,Multi-year
SAL-00258,ORD-00130,1,2023-08-23,2023,2023-08,C006,Sunrise Market,SMB,Retail,Asia Pacific,Singapore,P108,Mobile Scanner,Hardware,Devices,SKU-P108-1,5,214.53,0,1072.65,1072.65,USD,Marketplace,J. Chen,106.58,539.74,Credit Card,Paid,2023-08-28,,Shipped,WH-EU,0,Standard
SAL-00259,ORD-00130,2,2024-05-19,2024,2024-05,C010,Golden Fields Co.,Mid-Market,Agriculture,Latin America,Germany,P107,Support Renewal,Services,Support,SKU-P107-1,3,387.72,0.05,1163.16,1105.0,USD,Direct,J. Chen,180.5,563.51,Wire Transfer,Paid,2024-06-03,2024-06-05,Delivered,WH-East,0,Standard
SAL-00260,ORD-00131,1,2023-08-30,2023,2023-08,C004,Cedar & Stone,SMB,Hospitality,Europe,Canada,P100,Analytics Platform,Software,Analytics,SKU-P100-4,22,936.39,0,20600.58,20600.58,USD,Direct,S. Johnson,634.7,6637.08,ACH,Overdue,2023-09-11,,Shipped,WH-EU,0,Annual
SAL-00261,ORD-00131,2,2025-05-27,2025,2025-05,C004,Cedar & Stone,SMB,Hospitality,Europe,Brazil,P103,Secure Access Kit,Hardware,Security,SKU-P103-4,17,262.91,0.1,4469.47,4022.52,USD,Direct,R. Kim,120.11,1980.7,Wire Transfer,Pending,2025-06-09,2025-06-14,Delivered,WH-EU,0,Standard
SAL-00262,ORD-00132,1,2023-04-17,2023,2023-04,C009,Summit Logistics,Enterprise,Transportation,Asia Pacific,United Kingdom,P108,Mobile Scanner,Hardware,Devices,SKU-P108-3,17,200.28,0,3404.76,3404.76,USD,Partner,J. Chen,126.9,1247.5,Net Terms,Overdue,2023-04-27,2023-04-28,Delivered,WH-Central,0,Multi-year
SAL-00263,ORD-00132,2,2025-12-15,2025,2025-12,C003,Harbor Health Group,Enterprise,Healthcare,North America,Singapore,P108,Mobile Scanner,Hardware,Devices,SKU-P108-4,25,214.2,0,5355.0,5355.0,USD,Direct,J. Chen,136.81,1934.77,Net Terms,Pending,2025-12-23,2025-12-30,Delivered,WH-EU,0,Multi-year
SAL-00264,ORD-00133,1,2026-06-13,2026,2026-06,C003,Harbor Health Group,Enterprise,Healthcare,North America,Brazil,P106,Integration Services,Services,Consulting,SKU-P106-3,2,1527.64,0.1,3055.28,2749.75,USD,Partner,M. Garcia,1016.39,716.97,Wire Transfer,Paid,2026-06-21,2026-06-22,Delivered,WH-East,0,Standard
SAL-00265,ORD-00133,2,2023-03-23,2023,2023-03,C010,Golden Fields Co.,Mid-Market,Agriculture,Latin America,United Kingdom,P100,Analytics Platform,Software,Analytics,SKU-P100-1,35,914.89,0,32021.15,32021.15,USD,Marketplace,S. Johnson,670.38,8557.7,Credit Card,Paid,2023-04-08,,Processing,WH-West,0,Multi-year
SAL-00266,ORD-00134,1,2024-03-24,2024,2024-03,C001,Northstar Retail,Retail,Consumer Goods,North America,United States,P106,Integration Services,Services,Consulting,SKU-P106-1,11,1321.15,0.15,14532.65,12352.75,USD,Direct,A. Patel,610.6,5636.2,ACH,Paid,2024-04-08,2024-04-14,Delivered,WH-Central,0,Annual
SAL-00267,ORD-00134,2,2024-08-26,2024,2024-08,C009,Summit Logistics,Enterprise,Transportation,Asia Pacific,Germany,P109,Forecasting Add-on,Software,Analytics,SKU-P109-4,19,293.33,0.1,5573.27,5015.94,USD,Partner,A. Patel,175.22,1686.75,Net Terms,Paid,2024-09-09,,Processing,WH-East,0,Annual
SAL-00268,ORD-00135,1,2024-05-21,2024,2024-05,C005,Vertex Manufacturing,Enterprise,Manufacturing,Europe,United States,P107,Support Renewal,Services,Support,SKU-P107-2,29,402.1,0,11660.9,11660.9,USD,Partner,S. Johnson,254.88,4269.45,Credit Card,Paid,2024-06-02,2024-06-05,Delivered,WH-Central,0,Standard
SAL-00269,ORD-00135,2,2026-07-08,2026,2026-07,C004,Cedar & Stone,SMB,Hospitality,Europe,Brazil,P107,Support Renewal,Services,Support,SKU-P107-1,24,325.24,0,7805.76,7805.76,USD,Marketplace,S. Johnson,245.15,1922.11,Credit Card,Refunded,2026-07-19,,Shipped,WH-East,0,Multi-year
SAL-00270,ORD-00136,1,2025-02-02,2025,2025-02,C007,Atlas Public Services,Public Sector,Government,North America,United Kingdom,P109,Forecasting Add-on,Software,Analytics,SKU-P109-3,25,323.6,0.15,8090.0,6876.5,USD,Partner,J. Chen,198.75,1907.8,ACH,Paid,2025-02-17,2025-02-22,Delivered,WH-West,0,Annual
SAL-00271,ORD-00136,2,2026-05-16,2026,2026-05,C007,Atlas Public Services,Public Sector,Government,North America,Singapore,P108,Mobile Scanner,Hardware,Devices,SKU-P108-2,4,192.09,0.2,768.36,614.69,USD,Online,J. Chen,77.67,304.03,Credit Card,Paid,2026-05-22,2026-05-23,Delivered,WH-East,0,Multi-year
SAL-00272,ORD-00137,1,2026-01-15,2026,2026-01,C002,Blue Ridge Systems,Enterprise,Technology,North America,United Kingdom,P105,Storage Array,Hardware,Storage,SKU-P105-4,1,1306.78,0,1306.78,1306.78,USD,Marketplace,M. Garcia,854.64,452.14,Net Terms,Paid,2026-01-23,,Processing,WH-West,0,Annual
SAL-00273,ORD-00137,2,2023-08-16,2023,2023-08,C009,Summit Logistics,Enterprise,Transportation,Asia Pacific,United Kingdom,P108,Mobile Scanner,Hardware,Devices,SKU-P108-4,34,209.71,0.1,7130.14,6417.13,USD,Marketplace,J. Chen,124.31,2190.46,Net Terms,Paid,2023-08-29,2023-09-04,Delivered,WH-West,0,Multi-year
SAL-00274,ORD-00138,1,2025-05-28,2025,2025-05,C002,Blue Ridge Systems,Enterprise,Technology,North America,Canada,P100,Analytics Platform,Software,Analytics,SKU-P100-3,10,859.85,0.15,8598.5,7308.72,USD,Partner,A. Patel,553.01,1778.61,Net Terms,Paid,2025-06-13,2025-06-20,Delivered,WH-West,0,Standard
SAL-00275,ORD-00138,2,2023-02-11,2023,2023-02,C001,Northstar Retail,Retail,Consumer Goods,North America,Germany,P104,Insight Pro License,Software,Licenses,SKU-P104-2,16,185.63,0,2970.08,2970.08,USD,Marketplace,S. Johnson,123.84,988.61,Wire Transfer,Overdue,2023-02-13,,Cancelled,WH-EU,0,Annual
SAL-00276,ORD-00139,1,2024-10-05,2024,2024-10,C005,Vertex Manufacturing,Enterprise,Manufacturing,Europe,Singapore,P107,Support Renewal,Services,Support,SKU-P107-3,32,401.56,0.1,12849.92,11564.93,USD,Online,A. Patel,249.74,3573.21,Wire Transfer,Paid,2024-10-18,2024-10-23,Delivered,WH-EU,0,Standard
SAL-00277,ORD-00139,2,2025-03-05,2025,2025-03,C005,Vertex Manufacturing,Enterprise,Manufacturing,Europe,Brazil,P105,Storage Array,Hardware,Storage,SKU-P105-3,6,1259.45,0.05,7556.7,7178.86,USD,Marketplace,J. Chen,696.84,2997.8,ACH,Paid,2025-03-08,2025-03-09,Delivered,WH-Central,0,Standard
SAL-00278,ORD-00140,1,2024-02-01,2024,2024-02,C009,Summit Logistics,Enterprise,Transportation,Asia Pacific,Canada,P104,Insight Pro License,Software,Licenses,SKU-P104-3,3,171.16,0.1,513.48,462.13,USD,Marketplace,J. Chen,81.64,217.22,Credit Card,Paid,2024-02-04,2024-02-08,Delivered,WH-Central,0,Multi-year
SAL-00279,ORD-00140,2,2025-01-08,2025,2025-01,C009,Summit Logistics,Enterprise,Transportation,Asia Pacific,United Kingdom,P105,Storage Array,Hardware,Storage,SKU-P105-3,1,1295.44,0.1,1295.44,1165.9,USD,Online,A. Patel,777.72,388.18,Net Terms,Paid,2025-01-15,2025-01-20,Delivered,WH-EU,0,Multi-year
SAL-00280,ORD-00141,1,2025-09-22,2025,2025-09,C007,Atlas Public Services,Public Sector,Government,North America,United States,P107,Support Renewal,Services,Support,SKU-P107-1,13,377.86,0.2,4912.18,3929.74,USD,Marketplace,R. Kim,191.67,1438.04,Net Terms,Paid,2025-09-30,2025-10-06,Delivered,WH-East,0,Annual
SAL-00281,ORD-00141,2,2023-04-30,2023,2023-04,C004,Cedar & Stone,SMB,Hospitality,Europe,United Kingdom,P106,Integration Services,Services,Consulting,SKU-P106-1,13,1464.99,0,19044.87,19044.87,USD,Online,A. Patel,934.14,6901.06,Net Terms,Paid,2023-05-04,2023-05-07,Delivered,WH-EU,0,Annual
SAL-00282,ORD-00142,1,2023-10-05,2023,2023-10,C006,Sunrise Market,SMB,Retail,Asia Pacific,Canada,P109,Forecasting Add-on,Software,Analytics,SKU-P109-4,18,299.12,0.15,5384.16,4576.54,USD,Online,A. Patel,172.17,1477.52,Wire Transfer,Paid,2023-10-12,2023-10-17,Delivered,WH-EU,0,Standard
SAL-00283,ORD-00142,2,2023-02-04,2023,2023-02,C008,Evergreen Labs,SMB,Healthcare,Europe,Germany,P109,Forecasting Add-on,Software,Analytics,SKU-P109-4,3,368.14,0,1104.42,1104.42,USD,Partner,J. Chen,176.93,573.62,Wire Transfer,Paid,2023-02-08,2023-02-11,Delivered,WH-East,0,Annual
SAL-00284,ORD-00143,1,2026-01-28,2026,2026-01,C004,Cedar & Stone,SMB,Hospitality,Europe,Brazil,P109,Forecasting Add-on,Software,Analytics,SKU-P109-3,4,315.86,0,1263.44,1263.44,USD,Partner,A. Patel,218.25,390.43,Net Terms,Pending,2026-02-04,2026-02-10,Delivered,WH-East,0,Annual
SAL-00285,ORD-00143,2,2026-04-08,2026,2026-04,C001,Northstar Retail,Retail,Consumer Goods,North America,Brazil,P102,Edge Gateway,Hardware,Networking,SKU-P102-3,31,403.16,0,12497.96,12497.96,USD,Direct,J. Chen,281.34,3776.41,Credit Card,Pending,2026-04-23,2026-04-26,Delivered,WH-West,0,Standard
SAL-00286,ORD-00144,1,2024-03-05,2024,2024-03,C007,Atlas Public Services,Public Sector,Government,North America,Germany,P106,Integration Services,Services,Consulting,SKU-P106-2,15,1440.99,0.15,21614.85,18372.62,USD,Online,J. Chen,623.99,9012.7,Credit Card,Pending,2024-03-20,,Cancelled,WH-East,0,Standard
SAL-00287,ORD-00144,2,2026-02-11,2026,2026-02,C003,Harbor Health Group,Enterprise,Healthcare,North America,United States,P108,Mobile Scanner,Hardware,Devices,SKU-P108-1,10,179.72,0.15,1797.2,1527.62,USD,Direct,R. Kim,84.73,680.35,Credit Card,Paid,2026-02-20,2026-02-27,Delivered,WH-West,0,Standard
SAL-00288,ORD-00145,1,2026-02-20,2026,2026-02,C001,Northstar Retail,Retail,Consumer Goods,North America,Germany,P104,Insight Pro License,Software,Licenses,SKU-P104-2,9,188.43,0.1,1695.87,1526.28,USD,Partner,A. Patel,83.45,775.21,Wire Transfer,Pending,2026-03-05,2026-03-11,Delivered,WH-Central,0,Annual
SAL-00289,ORD-00145,2,2026-08-26,2026,2026-08,C009,Summit Logistics,Enterprise,Transportation,Asia Pacific,Brazil,P106,Integration Services,Services,Consulting,SKU-P106-2,30,1601.27,0.15,48038.1,40832.38,USD,Partner,S. Johnson,869.16,14757.59,Wire Transfer,Paid,2026-09-11,2026-09-18,Delivered,WH-East,0,Multi-year
SAL-00290,ORD-00146,1,2024-02-26,2024,2024-02,C003,Harbor Health Group,Enterprise,Healthcare,North America,Canada,P106,Integration Services,Services,Consulting,SKU-P106-2,27,1647.14,0,44472.78,44472.78,USD,Direct,J. Chen,976.23,18114.52,Wire Transfer,Paid,2024-02-29,2024-03-06,Delivered,WH-West,0,Annual
SAL-00291,ORD-00146,2,2024-06-12,2024,2024-06,C005,Vertex Manufacturing,Enterprise,Manufacturing,Europe,Singapore,P103,Secure Access Kit,Hardware,Security,SKU-P103-1,33,263.68,0.1,8701.44,7831.3,USD,Direct,S. Johnson,121.73,3814.22,Net Terms,Pending,2024-06-14,2024-06-22,Delivered,WH-West,0,Standard
SAL-00292,ORD-00147,1,2023-03-18,2023,2023-03,C008,Evergreen Labs,SMB,Healthcare,Europe,Germany,P103,Secure Access Kit,Hardware,Security,SKU-P103-4,13,302.87,0.05,3937.31,3740.44,USD,Direct,R. Kim,161.15,1645.43,ACH,Paid,2023-03-28,,Shipped,WH-Central,0,Annual
SAL-00293,ORD-00147,2,2026-02-26,2026,2026-02,C001,Northstar Retail,Retail,Consumer Goods,North America,Canada,P106,Integration Services,Services,Consulting,SKU-P106-1,18,1549.94,0.05,27898.92,26503.97,USD,Partner,J. Chen,1099.35,6715.73,Net Terms,Paid,2026-03-03,,Shipped,WH-EU,0,Multi-year
SAL-00294,ORD-00148,1,2023-06-11,2023,2023-06,C009,Summit Logistics,Enterprise,Transportation,Asia Pacific,Singapore,P101,Cloud Data Suite,Software,Cloud,SKU-P101-2,32,729.86,0.1,23355.52,21019.97,USD,Direct,J. Chen,438.25,6996.09,Net Terms,Refunded,2023-06-25,,Shipped,WH-East,0,Standard
SAL-00295,ORD-00148,2,2024-01-02,2024,2024-01,C002,Blue Ridge Systems,Enterprise,Technology,North America,Brazil,P101,Cloud Data Suite,Software,Cloud,SKU-P101-3,23,704.32,0.2,16199.36,12959.49,USD,Direct,S. Johnson,387.22,4053.41,Credit Card,Paid,2024-01-04,2024-01-09,Delivered,WH-Central,0,Multi-year
SAL-00296,ORD-00149,1,2023-09-10,2023,2023-09,C008,Evergreen Labs,SMB,Healthcare,Europe,United States,P107,Support Renewal,Services,Support,SKU-P107-2,33,323.79,0.05,10685.07,10150.82,USD,Online,S. Johnson,177.55,4291.72,ACH,Paid,2023-09-16,2023-09-20,Delivered,WH-Central,0,Annual
SAL-00297,ORD-00149,2,2024-01-13,2024,2024-01,C010,Golden Fields Co.,Mid-Market,Agriculture,Latin America,Singapore,P103,Secure Access Kit,Hardware,Security,SKU-P103-4,25,291.25,0.05,7281.25,6917.19,USD,Marketplace,M. Garcia,196.38,2007.73,Net Terms,Paid,2024-01-16,2024-01-17,Delivered,WH-East,0,Standard
SAL-00298,ORD-00150,1,2024-03-29,2024,2024-03,C003,Harbor Health Group,Enterprise,Healthcare,North America,Singapore,P103,Secure Access Kit,Hardware,Security,SKU-P103-1,8,299.03,0,2392.24,2392.24,USD,Direct,S. Johnson,176.79,977.94,ACH,Paid,2024-04-09,2024-04-11,Delivered,WH-East,0,Annual
SAL-00299,ORD-00150,2,2023-12-03,2023,2023-12,C009,Summit Logistics,Enterprise,Transportation,Asia Pacific,United States,P101,Cloud Data Suite,Software,Cloud,SKU-P101-3,2,796.65,0,1593.3,1593.3,USD,Partner,M. Garcia,589.67,413.95,ACH,Overdue,2023-12-08,,Shipped,WH-East,0,Multi-year
SAL-00300,ORD-00151,1,2024-07-15,2024,2024-07,C005,Vertex Manufacturing,Enterprise,Manufacturing,Europe,United States,P109,Forecasting Add-on,Software,Analytics,SKU-P109-4,4,364.32,0.2,1457.28,1165.82,USD,Direct,J. Chen,185.49,423.87,Net Terms,Paid,2024-07-18,2024-07-20,Delivered,WH-West,0,Annual
SAL-00301,ORD-00151,2,2025-01-06,2025,2025-01,C002,Blue Ridge Systems,Enterprise,Technology,North America,Canada,P107,Support Renewal,Services,Support,SKU-P107-2,17,342.76,0.15,5826.92,4952.88,USD,Direct,S. Johnson,170.49,2054.53,ACH,Paid,2025-01-12,,Cancelled,WH-EU,0,Standard
SAL-00302,ORD-00152,1,2026-02-13,2026,2026-02,C003,Harbor Health Group,Enterprise,Healthcare,North America,Brazil,P108,Mobile Scanner,Hardware,Devices,SKU-P108-1,9,212.42,0.1,1911.78,1720.6,USD,Marketplace,R. Kim,98.87,830.81,ACH,Paid,2026-02-23,,Processing,WH-West,0,Standard
SAL-00303,ORD-00152,2,2026-08-24,2026,2026-08,C007,Atlas Public Services,Public Sector,Government,North America,Singapore,P106,Integration Services,Services,Consulting,SKU-P106-4,33,1675.48,0,55290.84,55290.84,USD,Partner,R. Kim,1068.17,20041.09,ACH,Paid,2026-09-09,,Processing,WH-Central,0,Annual
SAL-00304,ORD-00153,1,2024-06-19,2024,2024-06,C005,Vertex Manufacturing,Enterprise,Manufacturing,Europe,United Kingdom,P107,Support Renewal,Services,Support,SKU-P107-4,22,398.65,0.05,8770.3,8331.78,USD,Partner,M. Garcia,210.86,3692.9,Wire Transfer,Paid,2024-07-02,,Returned,WH-East,16,Standard
SAL-00305,ORD-00153,2,2026-08-07,2026,2026-08,C009,Summit Logistics,Enterprise,Transportation,Asia Pacific,Singapore,P109,Forecasting Add-on,Software,Analytics,SKU-P109-3,13,293.74,0.15,3818.62,3245.83,USD,Direct,R. Kim,127.72,1585.51,Credit Card,Paid,2026-08-21,2026-08-26,Delivered,WH-Central,0,Standard
SAL-00306,ORD-00154,1,2025-10-05,2025,2025-10,C008,Evergreen Labs,SMB,Healthcare,Europe,Canada,P108,Mobile Scanner,Hardware,Devices,SKU-P108-1,16,180.99,0.1,2895.84,2606.26,USD,Marketplace,R. Kim,87.8,1201.41,Net Terms,Pending,2025-10-20,2025-10-22,Delivered,WH-West,0,Multi-year
SAL-00307,ORD-00154,2,2025-03-06,2025,2025-03,C006,Sunrise Market,SMB,Retail,Asia Pacific,United Kingdom,P106,Integration Services,Services,Consulting,SKU-P106-3,32,1414.81,0,45273.92,45273.92,USD,Direct,J. Chen,900.26,16465.56,ACH,Pending,2025-03-15,,Shipped,WH-East,0,Annual
SAL-00308,ORD-00155,1,2023-09-24,2023,2023-09,C003,Harbor Health Group,Enterprise,Healthcare,North America,United States,P109,Forecasting Add-on,Software,Analytics,SKU-P109-3,17,355.59,0,6045.03,6045.03,USD,Direct,A. Patel,258.68,1647.53,ACH,Paid,2023-10-06,2023-10-07,Delivered,WH-West,0,Multi-year
SAL-00309,ORD-00155,2,2023-08-25,2023,2023-08,C010,Golden Fields Co.,Mid-Market,Agriculture,Latin America,Canada,P100,Analytics Platform,Software,Analytics,SKU-P100-4,24,1043.17,0.05,25036.08,23784.28,USD,Direct,S. Johnson,672.95,7633.55,Credit Card,Paid,2023-09-01,2023-09-07,Delivered,WH-East,0,Annual
SAL-00310,ORD-00156,1,2025-09-19,2025,2025-09,C010,Golden Fields Co.,Mid-Market,Agriculture,Latin America,United Kingdom,P102,Edge Gateway,Hardware,Networking,SKU-P102-3,29,446.95,0.15,12961.55,11017.32,USD,Direct,J. Chen,208.06,4983.71,ACH,Paid,2025-09-25,,Shipped,WH-Central,0,Annual
SAL-00311,ORD-00156,2,2023-02-28,2023,2023-02,C003,Harbor Health Group,Enterprise,Healthcare,North America,Canada,P102,Edge Gateway,Hardware,Networking,SKU-P102-2,27,387.33,0.15,10457.91,8889.22,USD,Direct,S. Johnson,171.1,4269.51,Net Terms,Paid,2023-03-03,,Cancelled,WH-East,0,Standard
SAL-00312,ORD-00157,1,2026-01-22,2026,2026-01,C006,Sunrise Market,SMB,Retail,Asia Pacific,United States,P103,Secure Access Kit,Hardware,Security,SKU-P103-3,27,281.84,0,7609.68,7609.68,USD,Marketplace,R. Kim,208.37,1983.62,ACH,Paid,2026-01-23,,Processing,WH-EU,0,Annual
SAL-00313,ORD-00157,2,2026-02-10,2026,2026-02,C007,Atlas Public Services,Public Sector,Government,North America,Canada,P103,Secure Access Kit,Hardware,Security,SKU-P103-3,25,269.34,0.1,6733.5,6060.15,USD,Marketplace,J. Chen,148.64,2344.03,Credit Card,Paid,2026-02-12,2026-02-14,Delivered,WH-EU,0,Multi-year
SAL-00314,ORD-00158,1,2026-04-21,2026,2026-04,C007,Atlas Public Services,Public Sector,Government,North America,Singapore,P109,Forecasting Add-on,Software,Analytics,SKU-P109-2,16,309.4,0.1,4950.4,4455.36,USD,Direct,A. Patel,171.9,1704.92,Net Terms,Refunded,2026-04-22,2026-04-27,Delivered,WH-EU,0,Standard
SAL-00315,ORD-00158,2,2024-11-25,2024,2024-11,C009,Summit Logistics,Enterprise,Transportation,Asia Pacific,Canada,P100,Analytics Platform,Software,Analytics,SKU-P100-4,12,853.42,0,10241.04,10241.04,USD,Online,M. Garcia,539.99,3761.2,Credit Card,Paid,2024-12-06,,Shipped,WH-EU,0,Annual
SAL-00316,ORD-00159,1,2026-09-25,2026,2026-09,C002,Blue Ridge Systems,Enterprise,Technology,North America,United States,P101,Cloud Data Suite,Software,Cloud,SKU-P101-4,8,710.32,0.1,5682.56,5114.3,USD,Partner,J. Chen,423.76,1724.25,Net Terms,Paid,2026-10-07,2026-10-15,Delivered,WH-East,0,Multi-year
SAL-00317,ORD-00159,2,2025-06-16,2025,2025-06,C005,Vertex Manufacturing,Enterprise,Manufacturing,Europe,Singapore,P103,Secure Access Kit,Hardware,Security,SKU-P103-4,25,306.38,0,7659.5,7659.5,USD,Online,J. Chen,169.71,3416.68,Credit Card,Paid,2025-06-23,2025-06-28,Delivered,WH-West,0,Annual
SAL-00318,ORD-00160,1,2026-07-18,2026,2026-07,C001,Northstar Retail,Retail,Consumer Goods,North America,Singapore,P104,Insight Pro License,Software,Licenses,SKU-P104-1,33,172.28,0.1,5685.24,5116.72,USD,Partner,J. Chen,105.0,1651.65,ACH,Pending,2026-07-30,2026-08-02,Delivered,WH-EU,0,Standard
SAL-00319,ORD-00160,2,2023-09-03,2023,2023-09,C005,Vertex Manufacturing,Enterprise,Manufacturing,Europe,Germany,P100,Analytics Platform,Software,Analytics,SKU-P100-1,19,1019.19,0.05,19364.61,18396.38,USD,Direct,A. Patel,501.07,8876.14,Credit Card,Paid,2023-09-13,2023-09-14,Delivered,WH-East,0,Annual
SAL-00320,ORD-00161,1,2025-10-11,2025,2025-10,C002,Blue Ridge Systems,Enterprise,Technology,North America,United Kingdom,P105,Storage Array,Hardware,Storage,SKU-P105-1,16,1215.26,0.05,19444.16,18471.95,USD,Online,M. Garcia,806.85,5562.33,Credit Card,Refunded,2025-10-15,2025-10-19,Delivered,WH-Central,0,Annual
SAL-00321,ORD-00161,2,2025-07-29,2025,2025-07,C009,Summit Logistics,Enterprise,Transportation,Asia Pacific,Germany,P105,Storage Array,Hardware,Storage,SKU-P105-1,31,1213.2,0.2,37609.2,30087.36,USD,Online,J. Chen,579.38,12126.54,Wire Transfer,Paid,2025-08-03,,Returned,WH-EU,19,Standard
SAL-00322,ORD-00162,1,2026-07-16,2026,2026-07,C007,Atlas Public Services,Public Sector,Government,North America,United Kingdom,P105,Storage Array,Hardware,Storage,SKU-P105-4,23,1257.45,0,28921.35,28921.35,USD,Online,R. Kim,930.2,7526.74,ACH,Paid,2026-07-29,2026-08-02,Delivered,WH-East,0,Multi-year
SAL-00323,ORD-00162,2,2023-05-22,2023,2023-05,C004,Cedar & Stone,SMB,Hospitality,Europe,Germany,P108,Mobile Scanner,Hardware,Devices,SKU-P108-2,10,201.11,0.15,2011.1,1709.43,USD,Partner,A. Patel,97.64,733.04,Net Terms,Paid,2023-05-26,2023-05-31,Delivered,WH-Central,0,Multi-year
SAL-00324,ORD-00163,1,2023-11-07,2023,2023-11,C002,Blue Ridge Systems,Enterprise,Technology,North America,Singapore,P106,Integration Services,Services,Consulting,SKU-P106-1,35,1593.45,0.05,55770.75,52982.21,USD,Marketplace,J. Chen,909.72,21141.86,Credit Card,Paid,2023-11-08,2023-11-14,Delivered,WH-West,0,Annual
SAL-00325,ORD-00163,2,2023-05-06,2023,2023-05,C008,Evergreen Labs,SMB,Healthcare,Europe,Germany,P102,Edge Gateway,Hardware,Networking,SKU-P102-2,23,418.48,0.05,9625.04,9143.79,USD,Partner,A. Patel,288.52,2507.75,Credit Card,Overdue,2023-05-15,2023-05-22,Delivered,WH-EU,0,Standard
SAL-00326,ORD-00164,1,2026-06-17,2026,2026-06,C007,Atlas Public Services,Public Sector,Government,North America,Brazil,P101,Cloud Data Suite,Software,Cloud,SKU-P101-1,3,780.11,0.1,2340.33,2106.3,USD,Partner,R. Kim,348.97,1059.39,Wire Transfer,Paid,2026-06-20,2026-06-22,Delivered,WH-Central,0,Annual
SAL-00327,ORD-00164,2,2026-02-02,2026,2026-02,C009,Summit Logistics,Enterprise,Transportation,Asia Pacific,United States,P105,Storage Array,Hardware,Storage,SKU-P105-1,31,1279.35,0,39659.85,39659.85,USD,Online,M. Garcia,736.31,16834.29,ACH,Paid,2026-02-07,2026-02-13,Delivered,WH-East,0,Multi-year
SAL-00328,ORD-00165,1,2023-10-30,2023,2023-10,C006,Sunrise Market,SMB,Retail,Asia Pacific,United States,P105,Storage Array,Hardware,Storage,SKU-P105-3,20,1273.9,0.05,25478.0,24204.1,USD,Online,A. Patel,762.81,8947.9,Credit Card,Pending,2023-11-02,2023-11-09,Delivered,WH-EU,0,Annual
SAL-00329,ORD-00165,2,2026-08-17,2026,2026-08,C008,Evergreen Labs,SMB,Healthcare,Europe,United States,P103,Secure Access Kit,Hardware,Security,SKU-P103-2,25,292.98,0,7324.5,7324.5,USD,Partner,M. Garcia,174.47,2962.79,Credit Card,Paid,2026-08-20,2026-08-23,Delivered,WH-Central,0,Multi-year
SAL-00330,ORD-00166,1,2023-02-17,2023,2023-02,C010,Golden Fields Co.,Mid-Market,Agriculture,Latin America,Brazil,P104,Insight Pro License,Software,Licenses,SKU-P104-4,22,201.09,0.1,4423.98,3981.58,USD,Direct,A. Patel,95.52,1880.21,Credit Card,Paid,2023-02-20,2023-02-21,Delivered,WH-East,0,Annual
SAL-00331,ORD-00166,2,2025-03-22,2025,2025-03,C010,Golden Fields Co.,Mid-Market,Agriculture,Latin America,United Kingdom,P107,Support Renewal,Services,Support,SKU-P107-4,34,331.61,0.1,11274.74,10147.27,USD,Marketplace,J. Chen,168.12,4431.26,Net Terms,Overdue,2025-04-02,,Processing,WH-EU,0,Annual
SAL-00332,ORD-00167,1,2026-03-24,2026,2026-03,C006,Sunrise Market,SMB,Retail,Asia Pacific,United States,P101,Cloud Data Suite,Software,Cloud,SKU-P101-4,17,732.32,0,12449.44,12449.44,USD,Partner,R. Kim,459.22,4642.65,Wire Transfer,Refunded,2026-04-05,,Processing,WH-EU,0,Standard
SAL-00333,ORD-00167,2,2023-05-02,2023,2023-05,C001,Northstar Retail,Retail,Consumer Goods,North America,Singapore,P101,Cloud Data Suite,Software,Cloud,SKU-P101-1,6,666.7,0.05,4000.2,3800.19,USD,Partner,J. Chen,327.44,1835.58,Net Terms,Paid,2023-05-15,2023-05-21,Delivered,WH-Central,0,Annual
SAL-00334,ORD-00168,1,2026-05-25,2026,2026-05,C002,Blue Ridge Systems,Enterprise,Technology,North America,Singapore,P104,Insight Pro License,Software,Licenses,SKU-P104-2,3,198.13,0.1,594.39,534.95,USD,Online,J. Chen,135.16,129.46,Net Terms,Paid,2026-06-05,2026-06-12,Delivered,WH-East,0,Standard
SAL-00335,ORD-00168,2,2025-12-22,2025,2025-12,C005,Vertex Manufacturing,Enterprise,Manufacturing,Europe,Brazil,P103,Secure Access Kit,Hardware,Security,SKU-P103-4,24,287.6,0,6902.4,6902.4,USD,Direct,S. Johnson,194.43,2235.96,Net Terms,Paid,2025-12-25,2026-01-01,Delivered,WH-East,0,Standard
SAL-00336,ORD-00169,1,2023-08-31,2023,2023-08,C001,Northstar Retail,Retail,Consumer Goods,North America,United Kingdom,P106,Integration Services,Services,Consulting,SKU-P106-2,28,1663.3,0.05,46572.4,44243.78,USD,Direct,J. Chen,1195.25,10776.9,Wire Transfer,Paid,2023-09-09,2023-09-12,Delivered,WH-West,0,Multi-year
SAL-00337,ORD-00169,2,2023-12-14,2023,2023-12,C006,Sunrise Market,SMB,Retail,Asia Pacific,United Kingdom,P101,Cloud Data Suite,Software,Cloud,SKU-P101-3,25,746.42,0.1,18660.5,16794.45,USD,Partner,S. Johnson,354.81,7924.19,Credit Card,Overdue,2023-12-23,2023-12-25,Delivered,WH-Central,0,Multi-year
SAL-00338,ORD-00170,1,2025-07-02,2025,2025-07,C009,Summit Logistics,Enterprise,Transportation,Asia Pacific,United States,P101,Cloud Data Suite,Software,Cloud,SKU-P101-2,28,671.48,0,18801.44,18801.44,USD,Marketplace,J. Chen,403.89,7492.52,Net Terms,Paid,2025-07-13,,Shipped,WH-West,0,Standard
SAL-00339,ORD-00170,2,2025-03-01,2025,2025-03,C006,Sunrise Market,SMB,Retail,Asia Pacific,Canada,P102,Edge Gateway,Hardware,Networking,SKU-P102-3,1,372.49,0.2,372.49,297.99,USD,Direct,M. Garcia,210.22,87.77,ACH,Paid,2025-03-04,2025-03-06,Delivered,WH-Central,0,Standard
SAL-00340,ORD-00171,1,2024-06-21,2024,2024-06,C002,Blue Ridge Systems,Enterprise,Technology,North America,Germany,P107,Support Renewal,Services,Support,SKU-P107-4,10,366.68,0,3666.8,3666.8,USD,Marketplace,R. Kim,223.93,1427.46,Wire Transfer,Paid,2024-06-29,,Shipped,WH-West,0,Multi-year
SAL-00341,ORD-00171,2,2026-04-14,2026,2026-04,C004,Cedar & Stone,SMB,Hospitality,Europe,Singapore,P107,Support Renewal,Services,Support,SKU-P107-2,16,380.27,0.1,6084.32,5475.89,USD,Partner,A. Patel,183.68,2536.98,Wire Transfer,Pending,2026-04-20,2026-04-28,Delivered,WH-Central,0,Multi-year
SAL-00342,ORD-00172,1,2026-09-09,2026,2026-09,C010,Golden Fields Co.,Mid-Market,Agriculture,Latin America,Germany,P101,Cloud Data Suite,Software,Cloud,SKU-P101-2,35,744.61,0.1,26061.35,23455.22,USD,Marketplace,S. Johnson,406.69,9221.23,ACH,Refunded,2026-09-19,2026-09-27,Delivered,WH-Central,0,Annual
SAL-00343,ORD-00172,2,2023-01-20,2023,2023-01,C004,Cedar & Stone,SMB,Hospitality,Europe,United Kingdom,P109,Forecasting Add-on,Software,Analytics,SKU-P109-2,12,354.25,0.1,4251.0,3825.9,USD,Partner,J. Chen,205.57,1359.07,ACH,Pending,2023-01-21,,Returned,WH-East,1,Standard
SAL-00344,ORD-00173,1,2023-08-19,2023,2023-08,C006,Sunrise Market,SMB,Retail,Asia Pacific,United Kingdom,P100,Analytics Platform,Software,Analytics,SKU-P100-4,2,903.17,0.05,1806.34,1716.02,USD,Marketplace,R. Kim,515.51,684.99,Wire Transfer,Overdue,2023-08-22,,Processing,WH-East,0,Standard
SAL-00345,ORD-00173,2,2024-11-22,2024,2024-11,C008,Evergreen Labs,SMB,Healthcare,Europe,Canada,P102,Edge Gateway,Hardware,Networking,SKU-P102-3,22,405.54,0.05,8921.88,8475.79,USD,Partner,R. Kim,235.94,3285.01,Credit Card,Pending,2024-12-08,2024-12-11,Delivered,WH-East,0,Multi-year
SAL-00346,ORD-00174,1,2025-12-01,2025,2025-12,C009,Summit Logistics,Enterprise,Transportation,Asia Pacific,United Kingdom,P104,Insight Pro License,Software,Licenses,SKU-P104-3,14,158.84,0,2223.76,2223.76,USD,Partner,J. Chen,103.61,773.22,Wire Transfer,Paid,2025-12-16,2025-12-18,Delivered,WH-Central,0,Annual
SAL-00347,ORD-00174,2,2024-08-13,2024,2024-08,C008,Evergreen Labs,SMB,Healthcare,Europe,United Kingdom,P102,Edge Gateway,Hardware,Networking,SKU-P102-4,9,377.59,0.2,3398.31,2718.65,USD,Partner,J. Chen,203.07,891.06,Net Terms,Paid,2024-08-18,2024-08-24,Delivered,WH-Central,0,Multi-year
SAL-00348,ORD-00175,1,2024-02-05,2024,2024-02,C009,Summit Logistics,Enterprise,Transportation,Asia Pacific,United States,P101,Cloud Data Suite,Software,Cloud,SKU-P101-1,35,786.45,0,27525.75,27525.75,USD,Partner,J. Chen,382.12,14151.54,Credit Card,Overdue,2024-02-20,2024-02-21,Delivered,WH-West,0,Standard
SAL-00349,ORD-00175,2,2024-08-06,2024,2024-08,C003,Harbor Health Group,Enterprise,Healthcare,North America,Canada,P109,Forecasting Add-on,Software,Analytics,SKU-P109-3,13,368.52,0,4790.76,4790.76,USD,Direct,J. Chen,197.52,2223.05,Wire Transfer,Paid,2024-08-19,2024-08-27,Delivered,WH-EU,0,Multi-year
SAL-00350,ORD-00176,1,2023-12-08,2023,2023-12,C009,Summit Logistics,Enterprise,Transportation,Asia Pacific,Brazil,P107,Support Renewal,Services,Support,SKU-P107-2,26,399.17,0.05,10378.42,9859.5,USD,Online,S. Johnson,249.2,3380.22,Credit Card,Overdue,2023-12-21,2023-12-22,Delivered,WH-West,0,Standard
SAL-00351,ORD-00176,2,2026-08-19,2026,2026-08,C007,Atlas Public Services,Public Sector,Government,North America,Brazil,P107,Support Renewal,Services,Support,SKU-P107-3,11,344.54,0.05,3789.94,3600.44,USD,Online,R. Kim,167.27,1760.44,Wire Transfer,Paid,2026-08-23,2026-08-26,Delivered,WH-West,0,Annual
SAL-00352,ORD-00177,1,2023-10-12,2023,2023-10,C007,Atlas Public Services,Public Sector,Government,North America,Canada,P101,Cloud Data Suite,Software,Cloud,SKU-P101-2,5,741.42,0.1,3707.1,3336.39,USD,Partner,A. Patel,435.13,1160.74,Credit Card,Paid,2023-10-19,2023-10-25,Delivered,WH-East,0,Standard
SAL-00353,ORD-00177,2,2026-07-28,2026,2026-07,C001,Northstar Retail,Retail,Consumer Goods,North America,United Kingdom,P101,Cloud Data Suite,Software,Cloud,SKU-P101-2,35,674.17,0.1,23595.95,21236.35,USD,Online,S. Johnson,395.27,7401.91,Credit Card,Paid,2026-07-29,2026-07-31,Delivered,WH-EU,0,Standard
SAL-00354,ORD-00178,1,2024-03-07,2024,2024-03,C008,Evergreen Labs,SMB,Healthcare,Europe,United Kingdom,P109,Forecasting Add-on,Software,Analytics,SKU-P109-3,30,325.13,0.1,9753.9,8778.51,USD,Marketplace,R. Kim,172.42,3605.85,ACH,Pending,2024-03-14,2024-03-17,Delivered,WH-West,0,Annual
SAL-00355,ORD-00178,2,2024-10-08,2024,2024-10,C006,Sunrise Market,SMB,Retail,Asia Pacific,United Kingdom,P105,Storage Array,Hardware,Storage,SKU-P105-4,14,1285.62,0.1,17998.68,16198.81,USD,Online,J. Chen,655.89,7016.3,Net Terms,Paid,2024-10-19,2024-10-23,Delivered,WH-East,0,Multi-year
SAL-00356,ORD-00179,1,2023-12-22,2023,2023-12,C010,Golden Fields Co.,Mid-Market,Agriculture,Latin America,Brazil,P105,Storage Array,Hardware,Storage,SKU-P105-2,3,1214.8,0.1,3644.4,3279.96,USD,Partner,A. Patel,719.72,1120.79,ACH,Pending,2024-01-03,2024-01-08,Delivered,WH-EU,0,Standard
SAL-00357,ORD-00179,2,2025-04-08,2025,2025-04,C001,Northstar Retail,Retail,Consumer Goods,North America,Singapore,P100,Analytics Platform,Software,Analytics,SKU-P100-1,16,843.86,0,13501.76,13501.76,USD,Online,R. Kim,559.16,4555.18,Wire Transfer,Paid,2025-04-17,2025-04-18,Delivered,WH-Central,0,Standard
SAL-00358,ORD-00180,1,2023-09-14,2023,2023-09,C008,Evergreen Labs,SMB,Healthcare,Europe,United Kingdom,P104,Insight Pro License,Software,Licenses,SKU-P104-4,8,171.46,0.05,1371.68,1303.1,USD,Online,A. Patel,122.51,323.02,Credit Card,Paid,2023-09-19,2023-09-23,Delivered,WH-West,0,Standard
SAL-00359,ORD-00180,2,2025-10-02,2025,2025-10,C004,Cedar & Stone,SMB,Hospitality,Europe,Brazil,P104,Insight Pro License,Software,Licenses,SKU-P104-1,16,186.32,0.05,2981.12,2832.06,USD,Direct,A. Patel,109.78,1075.65,Credit Card,Pending,2025-10-05,2025-10-06,Delivered,WH-Central,0,Annual
SAL-00360,ORD-00181,1,2023-06-06,2023,2023-06,C008,Evergreen Labs,SMB,Healthcare,Europe,Canada,P106,Integration Services,Services,Consulting,SKU-P106-1,8,1554.71,0,12437.68,12437.68,USD,Direct,J. Chen,868.25,5491.69,ACH,Paid,2023-06-12,2023-06-17,Delivered,WH-West,0,Standard
SAL-00361,ORD-00181,2,2024-10-24,2024,2024-10,C005,Vertex Manufacturing,Enterprise,Manufacturing,Europe,Brazil,P107,Support Renewal,Services,Support,SKU-P107-2,19,399.4,0,7588.6,7588.6,USD,Partner,M. Garcia,227.65,3263.24,Wire Transfer,Paid,2024-11-05,2024-11-09,Delivered,WH-East,0,Annual
SAL-00362,ORD-00182,1,2026-07-28,2026,2026-07,C002,Blue Ridge Systems,Enterprise,Technology,North America,Canada,P106,Integration Services,Services,Consulting,SKU-P106-1,4,1447.1,0,5788.4,5788.4,USD,Partner,J. Chen,1084.44,1450.63,ACH,Overdue,2026-08-08,,Shipped,WH-West,0,Multi-year
SAL-00363,ORD-00182,2,2025-03-14,2025,2025-03,C003,Harbor Health Group,Enterprise,Healthcare,North America,Brazil,P107,Support Renewal,Services,Support,SKU-P107-3,20,324.84,0.2,6496.8,5197.44,USD,Partner,A. Patel,151.72,2163.09,Credit Card,Pending,2025-03-24,2025-03-30,Delivered,WH-West,0,Standard
SAL-00364,ORD-00183,1,2024-07-11,2024,2024-07,C005,Vertex Manufacturing,Enterprise,Manufacturing,Europe,Germany,P104,Insight Pro License,Software,Licenses,SKU-P104-3,19,159.14,0.15,3023.66,2570.11,USD,Marketplace,S. Johnson,68.87,1261.62,Credit Card,Paid,2024-07-20,2024-07-21,Delivered,WH-East,0,Annual
SAL-00365,ORD-00183,2,2026-03-04,2026,2026-03,C008,Evergreen Labs,SMB,Healthcare,Europe,Canada,P101,Cloud Data Suite,Software,Cloud,SKU-P101-2,33,706.77,0.1,23323.41,20991.07,USD,Marketplace,J. Chen,450.42,6127.37,ACH,Pending,2026-03-15,2026-03-18,Delivered,WH-West,0,Standard
SAL-00366,ORD-00184,1,2025-06-05,2025,2025-06,C005,Vertex Manufacturing,Enterprise,Manufacturing,Europe,Germany,P105,Storage Array,Hardware,Storage,SKU-P105-4,1,1103.31,0.1,1103.31,992.98,USD,Online,A. Patel,582.92,410.06,Wire Transfer,Paid,2025-06-14,2025-06-19,Delivered,WH-EU,0,Multi-year
SAL-00367,ORD-00184,2,2026-07-03,2026,2026-07,C005,Vertex Manufacturing,Enterprise,Manufacturing,Europe,Singapore,P104,Insight Pro License,Software,Licenses,SKU-P104-1,33,196.06,0.15,6469.98,5499.48,USD,Online,J. Chen,112.25,1795.36,Net Terms,Refunded,2026-07-05,2026-07-09,Delivered,WH-East,0,Annual
SAL-00368,ORD-00185,1,2025-08-13,2025,2025-08,C009,Summit Logistics,Enterprise,Transportation,Asia Pacific,Brazil,P109,Forecasting Add-on,Software,Analytics,SKU-P109-1,19,296.49,0,5633.31,5633.31,USD,Online,R. Kim,224.6,1365.82,Net Terms,Pending,2025-08-20,2025-08-21,Delivered,WH-West,0,Multi-year
SAL-00369,ORD-00185,2,2024-01-05,2024,2024-01,C001,Northstar Retail,Retail,Consumer Goods,North America,Singapore,P107,Support Renewal,Services,Support,SKU-P107-2,24,341.48,0.05,8195.52,7785.74,USD,Marketplace,M. Garcia,244.03,1928.96,Credit Card,Paid,2024-01-14,2024-01-16,Delivered,WH-EU,0,Multi-year
SAL-00370,ORD-00186,1,2026-01-04,2026,2026-01,C006,Sunrise Market,SMB,Retail,Asia Pacific,United Kingdom,P109,Forecasting Add-on,Software,Analytics,SKU-P109-3,7,341.51,0.05,2390.57,2271.04,USD,Direct,J. Chen,199.29,875.98,ACH,Paid,2026-01-10,2026-01-18,Delivered,WH-Central,0,Multi-year
SAL-00371,ORD-00186,2,2024-08-26,2024,2024-08,C001,Northstar Retail,Retail,Consumer Goods,North America,Germany,P108,Mobile Scanner,Hardware,Devices,SKU-P108-4,2,174.13,0.2,348.26,278.61,USD,Direct,M. Garcia,79.36,119.88,Credit Card,Paid,2024-09-05,2024-09-10,Delivered,WH-West,0,Multi-year
SAL-00372,ORD-00187,1,2023-04-02,2023,2023-04,C008,Evergreen Labs,SMB,Healthcare,Europe,United States,P102,Edge Gateway,Hardware,Networking,SKU-P102-4,35,386.14,0.2,13514.9,10811.92,USD,Marketplace,R. Kim,155.89,5355.69,Credit Card,Pending,2023-04-05,2023-04-09,Delivered,WH-EU,0,Multi-year
SAL-00373,ORD-00187,2,2024-11-21,2024,2024-11,C007,Atlas Public Services,Public Sector,Government,North America,United States,P107,Support Renewal,Services,Support,SKU-P107-4,16,342.96,0,5487.36,5487.36,USD,Partner,M. Garcia,205.69,2196.27,Wire Transfer,Paid,2024-11-29,,Shipped,WH-EU,0,Multi-year
SAL-00374,ORD-00188,1,2024-06-08,2024,2024-06,C005,Vertex Manufacturing,Enterprise,Manufacturing,Europe,Singapore,P109,Forecasting Add-on,Software,Analytics,SKU-P109-1,14,308.24,0.05,4315.36,4099.59,USD,Marketplace,R. Kim,192.78,1400.65,ACH,Overdue,2024-06-15,2024-06-20,Delivered,WH-East,0,Annual
SAL-00375,ORD-00188,2,2024-11-07,2024,2024-11,C004,Cedar & Stone,SMB,Hospitality,Europe,Brazil,P109,Forecasting Add-on,Software,Analytics,SKU-P109-3,18,292.08,0.15,5257.44,4468.82,USD,Partner,J. Chen,149.98,1769.21,Net Terms,Paid,2024-11-16,,Shipped,WH-West,0,Annual
SAL-00376,ORD-00189,1,2025-06-20,2025,2025-06,C008,Evergreen Labs,SMB,Healthcare,Europe,United States,P106,Integration Services,Services,Consulting,SKU-P106-2,2,1420.7,0.05,2841.4,2699.33,USD,Direct,S. Johnson,779.0,1141.34,ACH,Paid,2025-06-25,2025-06-29,Delivered,WH-Central,0,Standard
SAL-00377,ORD-00189,2,2025-04-20,2025,2025-04,C002,Blue Ridge Systems,Enterprise,Technology,North America,United States,P106,Integration Services,Services,Consulting,SKU-P106-4,27,1351.58,0.1,36492.66,32843.39,USD,Online,R. Kim,813.08,10890.26,Credit Card,Paid,2025-04-23,2025-05-01,Delivered,WH-EU,0,Multi-year
SAL-00378,ORD-00190,1,2025-02-03,2025,2025-02,C002,Blue Ridge Systems,Enterprise,Technology,North America,Germany,P100,Analytics Platform,Software,Analytics,SKU-P100-2,33,1014.42,0.1,33475.86,30128.27,USD,Marketplace,S. Johnson,516.72,13076.62,Wire Transfer,Paid,2025-02-09,2025-02-10,Delivered,WH-Central,0,Multi-year
SAL-00379,ORD-00190,2,2023-08-10,2023,2023-08,C002,Blue Ridge Systems,Enterprise,Technology,North America,Brazil,P102,Edge Gateway,Hardware,Networking,SKU-P102-3,24,450.27,0.2,10806.48,8645.18,USD,Marketplace,J. Chen,212.36,3548.49,ACH,Pending,2023-08-23,,Shipped,WH-East,0,Annual
SAL-00380,ORD-00191,1,2024-08-26,2024,2024-08,C002,Blue Ridge Systems,Enterprise,Technology,North America,Brazil,P102,Edge Gateway,Hardware,Networking,SKU-P102-4,29,368.37,0,10682.73,10682.73,USD,Online,M. Garcia,235.11,3864.45,Wire Transfer,Paid,2024-09-02,2024-09-05,Delivered,WH-West,0,Multi-year
SAL-00381,ORD-00191,2,2025-09-28,2025,2025-09,C008,Evergreen Labs,SMB,Healthcare,Europe,Germany,P103,Secure Access Kit,Hardware,Security,SKU-P103-2,18,315.66,0.1,5681.88,5113.69,USD,Online,M. Garcia,210.95,1316.56,Net Terms,Pending,2025-09-29,2025-10-02,Delivered,WH-West,0,Multi-year
SAL-00382,ORD-00192,1,2025-10-04,2025,2025-10,C006,Sunrise Market,SMB,Retail,Asia Pacific,United Kingdom,P100,Analytics Platform,Software,Analytics,SKU-P100-4,2,1043.14,0.1,2086.28,1877.65,USD,Marketplace,A. Patel,576.07,725.52,ACH,Paid,2025-10-15,2025-10-18,Delivered,WH-West,0,Multi-year
SAL-00383,ORD-00192,2,2023-06-01,2023,2023-06,C007,Atlas Public Services,Public Sector,Government,North America,Germany,P101,Cloud Data Suite,Software,Cloud,SKU-P101-2,27,705.63,0.2,19052.01,15241.61,USD,Marketplace,M. Garcia,388.53,4751.28,Credit Card,Paid,2023-06-11,2023-06-14,Delivered,WH-Central,0,Annual
SAL-00384,ORD-00193,1,2024-03-01,2024,2024-03,C007,Atlas Public Services,Public Sector,Government,North America,Singapore,P101,Cloud Data Suite,Software,Cloud,SKU-P101-1,2,804.58,0.2,1609.16,1287.33,USD,Marketplace,S. Johnson,338.2,610.92,Credit Card,Paid,2024-03-05,2024-03-10,Delivered,WH-West,0,Standard
SAL-00385,ORD-00193,2,2026-01-30,2026,2026-01,C005,Vertex Manufacturing,Enterprise,Manufacturing,Europe,United States,P109,Forecasting Add-on,Software,Analytics,SKU-P109-3,7,306.28,0.1,2143.96,1929.56,USD,Partner,R. Kim,202.43,512.56,Wire Transfer,Paid,2026-02-09,2026-02-13,Delivered,WH-East,0,Standard
SAL-00386,ORD-00194,1,2023-08-15,2023,2023-08,C003,Harbor Health Group,Enterprise,Healthcare,North America,Canada,P108,Mobile Scanner,Hardware,Devices,SKU-P108-2,33,186.58,0.05,6157.14,5849.28,USD,Online,M. Garcia,118.56,1936.89,Net Terms,Pending,2023-08-28,2023-09-03,Delivered,WH-West,0,Standard
SAL-00387,ORD-00194,2,2025-08-26,2025,2025-08,C007,Atlas Public Services,Public Sector,Government,North America,United Kingdom,P101,Cloud Data Suite,Software,Cloud,SKU-P101-3,35,785.55,0.1,27494.25,24744.83,USD,Marketplace,J. Chen,489.79,7602.29,Wire Transfer,Paid,2025-08-27,2025-08-29,Delivered,WH-Central,0,Multi-year
SAL-00388,ORD-00195,1,2025-02-11,2025,2025-02,C003,Harbor Health Group,Enterprise,Healthcare,North America,United Kingdom,P104,Insight Pro License,Software,Licenses,SKU-P104-4,25,184.91,0,4622.75,4622.75,USD,Marketplace,A. Patel,97.56,2183.84,ACH,Refunded,2025-02-16,2025-02-17,Delivered,WH-West,0,Standard
SAL-00389,ORD-00195,2,2026-07-10,2026,2026-07,C005,Vertex Manufacturing,Enterprise,Manufacturing,Europe,United States,P107,Support Renewal,Services,Support,SKU-P107-3,21,395.75,0.15,8310.75,7064.14,USD,Marketplace,S. Johnson,185.51,3168.49,Credit Card,Overdue,2026-07-22,,Processing,WH-West,0,Standard
SAL-00390,ORD-00196,1,2024-07-17,2024,2024-07,C007,Atlas Public Services,Public Sector,Government,North America,Brazil,P107,Support Renewal,Services,Support,SKU-P107-1,3,383.79,0,1151.37,1151.37,USD,Partner,M. Garcia,272.34,334.35,ACH,Paid,2024-07-24,2024-07-30,Delivered,WH-East,0,Multi-year
SAL-00391,ORD-00196,2,2026-01-20,2026,2026-01,C002,Blue Ridge Systems,Enterprise,Technology,North America,United States,P106,Integration Services,Services,Consulting,SKU-P106-4,17,1378.09,0,23427.53,23427.53,USD,Marketplace,J. Chen,1008.41,6284.62,Net Terms,Pending,2026-01-30,,Processing,WH-West,0,Multi-year
SAL-00392,ORD-00197,1,2024-09-29,2024,2024-09,C010,Golden Fields Co.,Mid-Market,Agriculture,Latin America,Canada,P103,Secure Access Kit,Hardware,Security,SKU-P103-4,25,297.03,0.05,7425.75,7054.46,USD,Direct,S. Johnson,175.05,2678.1,Credit Card,Paid,2024-10-10,,Returned,WH-EU,22,Standard
SAL-00393,ORD-00197,2,2026-09-03,2026,2026-09,C007,Atlas Public Services,Public Sector,Government,North America,Canada,P102,Edge Gateway,Hardware,Networking,SKU-P102-2,21,394.36,0.15,8281.56,7039.33,USD,Partner,S. Johnson,244.11,1913.07,ACH,Paid,2026-09-14,2026-09-21,Delivered,WH-East,0,Multi-year
SAL-00394,ORD-00198,1,2023-03-22,2023,2023-03,C006,Sunrise Market,SMB,Retail,Asia Pacific,United Kingdom,P107,Support Renewal,Services,Support,SKU-P107-3,17,400.82,0,6813.94,6813.94,USD,Direct,A. Patel,286.74,1939.38,ACH,Overdue,2023-04-03,2023-04-09,Delivered,WH-West,0,Multi-year
SAL-00395,ORD-00198,2,2023-11-06,2023,2023-11,C007,Atlas Public Services,Public Sector,Government,North America,Singapore,P102,Edge Gateway,Hardware,Networking,SKU-P102-4,26,416.37,0.15,10825.62,9201.78,USD,Marketplace,A. Patel,243.9,2860.4,Credit Card,Paid,2023-11-22,,Processing,WH-EU,0,Multi-year
SAL-00396,ORD-00199,1,2025-06-19,2025,2025-06,C004,Cedar & Stone,SMB,Hospitality,Europe,Canada,P101,Cloud Data Suite,Software,Cloud,SKU-P101-4,28,643.78,0.1,18025.84,16223.26,USD,Marketplace,S. Johnson,434.87,4046.96,Net Terms,Paid,2025-06-24,2025-06-27,Delivered,WH-East,0,Standard
SAL-00397,ORD-00199,2,2024-04-13,2024,2024-04,C003,Harbor Health Group,Enterprise,Healthcare,North America,Brazil,P108,Mobile Scanner,Hardware,Devices,SKU-P108-1,29,186.19,0.15,5399.51,4589.58,USD,Direct,M. Garcia,99.92,1691.81,Net Terms,Paid,2024-04-25,2024-04-28,Delivered,WH-EU,0,Standard
SAL-00398,ORD-00200,1,2023-06-20,2023,2023-06,C006,Sunrise Market,SMB,Retail,Asia Pacific,Singapore,P108,Mobile Scanner,Hardware,Devices,SKU-P108-3,17,197.64,0.05,3359.88,3191.89,USD,Direct,M. Garcia,123.71,1088.83,Wire Transfer,Paid,2023-06-27,2023-06-29,Delivered,WH-EU,0,Multi-year
SAL-00399,ORD-00200,2,2024-01-01,2024,2024-01,C004,Cedar & Stone,SMB,Hospitality,Europe,United Kingdom,P108,Mobile Scanner,Hardware,Devices,SKU-P108-3,7,188.13,0.1,1316.91,1185.22,USD,Online,M. Garcia,119.57,348.26,Wire Transfer,Paid,2024-01-14,2024-01-17,Delivered,WH-West,0,Multi-year
SAL-00400,ORD-00201,1,2023-12-07,2023,2023-12,C010,Golden Fields Co.,Mid-Market,Agriculture,Latin America,United States,P105,Storage Array,Hardware,Storage,SKU-P105-2,2,1336.66,0,2673.32,2673.32,USD,Direct,A. Patel,865.62,942.09,ACH,Paid,2023-12-09,2023-12-12,Delivered,WH-EU,0,Annual
SAL-00401,ORD-00201,2,2024-02-12,2024,2024-02,C004,Cedar & Stone,SMB,Hospitality,Europe,Germany,P108,Mobile Scanner,Hardware,Devices,SKU-P108-3,18,182.83,0.15,3290.94,2797.3,USD,Direct,S. Johnson,112.53,771.77,Credit Card,Overdue,2024-02-27,2024-03-01,Delivered,WH-East,0,Standard
SAL-00402,ORD-00202,1,2024-11-25,2024,2024-11,C004,Cedar & Stone,SMB,Hospitality,Europe,Singapore,P106,Integration Services,Services,Consulting,SKU-P106-1,31,1565.58,0.05,48532.98,46106.33,USD,Online,J. Chen,901.03,18174.43,Wire Transfer,Pending,2024-12-04,,Cancelled,WH-East,0,Multi-year
SAL-00403,ORD-00202,2,2024-08-28,2024,2024-08,C009,Summit Logistics,Enterprise,Transportation,Asia Pacific,United States,P105,Storage Array,Hardware,Storage,SKU-P105-3,22,1174.99,0.1,25849.78,23264.8,USD,Marketplace,S. Johnson,734.43,7107.33,ACH,Paid,2024-09-03,2024-09-08,Delivered,WH-EU,0,Standard
SAL-00404,ORD-00203,1,2025-02-03,2025,2025-02,C007,Atlas Public Services,Public Sector,Government,North America,United States,P102,Edge Gateway,Hardware,Networking,SKU-P102-2,9,431.66,0.15,3884.94,3302.2,USD,Online,M. Garcia,258.42,976.44,ACH,Paid,2025-02-07,2025-02-12,Delivered,WH-East,0,Multi-year
SAL-00405,ORD-00203,2,2023-11-16,2023,2023-11,C004,Cedar & Stone,SMB,Hospitality,Europe,Brazil,P108,Mobile Scanner,Hardware,Devices,SKU-P108-1,35,179.48,0.1,6281.8,5653.62,USD,Marketplace,R. Kim,112.66,1710.42,Credit Card,Paid,2023-11-30,,Shipped,WH-West,0,Multi-year
SAL-00406,ORD-00204,1,2026-02-12,2026,2026-02,C001,Northstar Retail,Retail,Consumer Goods,North America,United Kingdom,P106,Integration Services,Services,Consulting,SKU-P106-3,11,1495.16,0.1,16446.76,14802.08,USD,Marketplace,R. Kim,722.76,6851.67,Wire Transfer,Paid,2026-02-25,2026-03-02,Delivered,WH-Central,0,Multi-year
SAL-00407,ORD-00204,2,2023-11-23,2023,2023-11,C003,Harbor Health Group,Enterprise,Healthcare,North America,United Kingdom,P105,Storage Array,Hardware,Storage,SKU-P105-3,6,1297.21,0,7783.26,7783.26,USD,Online,R. Kim,813.23,2903.87,Net Terms,Pending,2023-11-28,2023-12-05,Delivered,WH-West,0,Annual
SAL-00408,ORD-00205,1,2026-07-11,2026,2026-07,C002,Blue Ridge Systems,Enterprise,Technology,North America,United Kingdom,P106,Integration Services,Services,Consulting,SKU-P106-4,24,1399.42,0,33586.08,33586.08,USD,Marketplace,S. Johnson,944.32,10922.42,Net Terms,Paid,2026-07-25,,Shipped,WH-Central,0,Standard
SAL-00409,ORD-00205,2,2025-04-05,2025,2025-04,C007,Atlas Public Services,Public Sector,Government,North America,Germany,P109,Forecasting Add-on,Software,Analytics,SKU-P109-3,22,362.51,0.15,7975.22,6778.94,USD,Partner,S. Johnson,159.41,3271.88,Wire Transfer,Overdue,2025-04-17,2025-04-18,Delivered,WH-EU,0,Annual
SAL-00410,ORD-00206,1,2025-11-10,2025,2025-11,C002,Blue Ridge Systems,Enterprise,Technology,North America,Germany,P105,Storage Array,Hardware,Storage,SKU-P105-4,22,1379.46,0.2,30348.12,24278.5,USD,Marketplace,M. Garcia,575.3,11621.86,ACH,Pending,2025-11-23,,Shipped,WH-Central,0,Standard
SAL-00411,ORD-00206,2,2023-03-14,2023,2023-03,C007,Atlas Public Services,Public Sector,Government,North America,United States,P102,Edge Gateway,Hardware,Networking,SKU-P102-1,28,438.76,0.05,12285.28,11671.02,USD,Direct,M. Garcia,224.68,5380.09,Net Terms,Overdue,2023-03-27,,Shipped,WH-EU,0,Standard
SAL-00412,ORD-00207,1,2023-06-01,2023,2023-06,C010,Golden Fields Co.,Mid-Market,Agriculture,Latin America,Singapore,P101,Cloud Data Suite,Software,Cloud,SKU-P101-3,16,637.36,0,10197.76,10197.76,USD,Online,R. Kim,342.88,4711.7,ACH,Paid,2023-06-06,,Shipped,WH-East,0,Multi-year
SAL-00413,ORD-00207,2,2025-11-01,2025,2025-11,C008,Evergreen Labs,SMB,Healthcare,Europe,United States,P106,Integration Services,Services,Consulting,SKU-P106-4,27,1638.24,0.15,44232.48,37597.61,USD,Marketplace,S. Johnson,871.11,14077.56,Wire Transfer,Pending,2025-11-06,,Shipped,WH-West,0,Multi-year
SAL-00414,ORD-00208,1,2023-02-04,2023,2023-02,C006,Sunrise Market,SMB,Retail,Asia Pacific,United Kingdom,P108,Mobile Scanner,Hardware,Devices,SKU-P108-2,15,198.95,0,2984.25,2984.25,USD,Online,M. Garcia,98.79,1502.42,Credit Card,Paid,2023-02-13,,Shipped,WH-East,0,Annual
SAL-00415,ORD-00208,2,2023-08-29,2023,2023-08,C008,Evergreen Labs,SMB,Healthcare,Europe,Singapore,P108,Mobile Scanner,Hardware,Devices,SKU-P108-4,28,204.51,0,5726.28,5726.28,USD,Direct,R. Kim,111.63,2600.76,ACH,Overdue,2023-09-10,2023-09-18,Delivered,WH-EU,0,Standard
SAL-00416,ORD-00209,1,2025-02-26,2025,2025-02,C006,Sunrise Market,SMB,Retail,Asia Pacific,Brazil,P104,Insight Pro License,Software,Licenses,SKU-P104-3,21,161.63,0.1,3394.23,3054.81,USD,Partner,M. Garcia,90.69,1150.38,Wire Transfer,Paid,2025-03-06,2025-03-13,Delivered,WH-East,0,Multi-year
SAL-00417,ORD-00209,2,2023-09-14,2023,2023-09,C010,Golden Fields Co.,Mid-Market,Agriculture,Latin America,Brazil,P103,Secure Access Kit,Hardware,Security,SKU-P103-4,19,260.95,0.1,4958.05,4462.24,USD,Direct,R. Kim,120.4,2174.72,ACH,Paid,2023-09-30,2023-10-04,Delivered,WH-East,0,Annual
SAL-00418,ORD-00210,1,2026-03-31,2026,2026-03,C001,Northstar Retail,Retail,Consumer Goods,North America,Singapore,P108,Mobile Scanner,Hardware,Devices,SKU-P108-2,23,198.95,0,4575.85,4575.85,USD,Direct,J. Chen,140.4,1346.76,ACH,Paid,2026-04-14,,Shipped,WH-Central,0,Standard
SAL-00419,ORD-00210,2,2023-03-09,2023,2023-03,C004,Cedar & Stone,SMB,Hospitality,Europe,Canada,P103,Secure Access Kit,Hardware,Security,SKU-P103-3,24,264.12,0.1,6338.88,5704.99,USD,Direct,R. Kim,118.36,2864.38,Credit Card,Paid,2023-03-25,,Returned,WH-Central,19,Standard
SAL-00420,ORD-00211,1,2024-10-31,2024,2024-10,C008,Evergreen Labs,SMB,Healthcare,Europe,Brazil,P101,Cloud Data Suite,Software,Cloud,SKU-P101-2,15,733.98,0.2,11009.7,8807.76,USD,Partner,A. Patel,377.82,3140.47,Credit Card,Paid,2024-11-13,,Cancelled,WH-Central,0,Annual
SAL-00421,ORD-00211,2,2023-03-09,2023,2023-03,C005,Vertex Manufacturing,Enterprise,Manufacturing,Europe,Brazil,P104,Insight Pro License,Software,Licenses,SKU-P104-4,25,171.51,0.15,4287.75,3644.59,USD,Marketplace,M. Garcia,95.88,1247.59,Net Terms,Paid,2023-03-15,2023-03-22,Delivered,WH-East,0,Multi-year
SAL-00422,ORD-00212,1,2026-07-28,2026,2026-07,C003,Harbor Health Group,Enterprise,Healthcare,North America,United Kingdom,P102,Edge Gateway,Hardware,Networking,SKU-P102-1,10,376.87,0.05,3768.7,3580.26,USD,Marketplace,S. Johnson,259.72,983.07,ACH,Paid,2026-08-07,2026-08-10,Delivered,WH-Central,0,Multi-year
SAL-00423,ORD-00212,2,2025-02-10,2025,2025-02,C006,Sunrise Market,SMB,Retail,Asia Pacific,Canada,P100,Analytics Platform,Software,Analytics,SKU-P100-3,8,839.37,0.1,6714.96,6043.46,USD,Marketplace,M. Garcia,542.34,1704.72,Wire Transfer,Paid,2025-02-13,2025-02-16,Delivered,WH-East,0,Annual
SAL-00424,ORD-00213,1,2023-01-01,2023,2023-01,C010,Golden Fields Co.,Mid-Market,Agriculture,Latin America,United Kingdom,P105,Storage Array,Hardware,Storage,SKU-P105-4,31,1285.16,0,39839.96,39839.96,USD,Partner,R. Kim,690.63,18430.57,Credit Card,Paid,2023-01-17,2023-01-21,Delivered,WH-EU,0,Annual
SAL-00425,ORD-00213,2,2025-03-21,2025,2025-03,C006,Sunrise Market,SMB,Retail,Asia Pacific,United Kingdom,P107,Support Renewal,Services,Support,SKU-P107-4,31,360.54,0.05,11176.74,10617.9,USD,Direct,A. Patel,212.95,4016.56,Credit Card,Paid,2025-03-27,2025-03-28,Delivered,WH-Central,0,Annual
SAL-00426,ORD-00214,1,2026-09-25,2026,2026-09,C003,Harbor Health Group,Enterprise,Healthcare,North America,Canada,P108,Mobile Scanner,Hardware,Devices,SKU-P108-3,25,199.86,0.1,4996.5,4496.85,USD,Marketplace,A. Patel,109.24,1765.76,Net Terms,Paid,2026-10-03,2026-10-11,Delivered,WH-EU,0,Multi-year
SAL-00427,ORD-00214,2,2024-07-30,2024,2024-07,C010,Golden Fields Co.,Mid-Market,Agriculture,Latin America,United States,P107,Support Renewal,Services,Support,SKU-P107-4,32,359.24,0.05,11495.68,10920.9,USD,Partner,M. Garcia,235.01,3400.7,Net Terms,Paid,2024-08-08,,Shipped,WH-EU,0,Multi-year
SAL-00428,ORD-00215,1,2026-07-22,2026,2026-07,C006,Sunrise Market,SMB,Retail,Asia Pacific,United States,P104,Insight Pro License,Software,Licenses,SKU-P104-3,17,177.3,0,3014.1,3014.1,USD,Partner,M. Garcia,105.36,1223.06,Net Terms,Overdue,2026-07-23,,Processing,WH-West,0,Standard
SAL-00429,ORD-00215,2,2025-07-24,2025,2025-07,C008,Evergreen Labs,SMB,Healthcare,Europe,Brazil,P102,Edge Gateway,Hardware,Networking,SKU-P102-3,4,387.36,0.15,1549.44,1317.02,USD,Direct,S. Johnson,172.35,627.6,Credit Card,Paid,2025-08-06,2025-08-09,Delivered,WH-EU,0,Standard
SAL-00430,ORD-00216,1,2025-05-22,2025,2025-05,C008,Evergreen Labs,SMB,Healthcare,Europe,Canada,P102,Edge Gateway,Hardware,Networking,SKU-P102-3,30,406.82,0.1,12204.6,10984.14,USD,Marketplace,S. Johnson,213.7,4573.09,Credit Card,Paid,2025-06-04,2025-06-09,Delivered,WH-EU,0,Multi-year
SAL-00431,ORD-00216,2,2024-03-30,2024,2024-03,C006,Sunrise Market,SMB,Retail,Asia Pacific,Singapore,P108,Mobile Scanner,Hardware,Devices,SKU-P108-4,31,212.73,0.15,6594.63,5605.44,USD,Direct,S. Johnson,92.37,2741.88,ACH,Paid,2024-04-15,,Returned,WH-EU,7,Annual
SAL-00432,ORD-00217,1,2025-06-01,2025,2025-06,C005,Vertex Manufacturing,Enterprise,Manufacturing,Europe,United States,P103,Secure Access Kit,Hardware,Security,SKU-P103-2,11,314.58,0.15,3460.38,2941.32,USD,Direct,R. Kim,164.42,1132.69,ACH,Paid,2025-06-02,2025-06-06,Delivered,WH-West,0,Annual
SAL-00433,ORD-00217,2,2026-07-28,2026,2026-07,C006,Sunrise Market,SMB,Retail,Asia Pacific,Germany,P103,Secure Access Kit,Hardware,Security,SKU-P103-3,22,259.66,0,5712.52,5712.52,USD,Partner,J. Chen,144.84,2526.12,ACH,Overdue,2026-08-05,2026-08-09,Delivered,WH-Central,0,Multi-year
SAL-00434,ORD-00218,1,2024-02-10,2024,2024-02,C008,Evergreen Labs,SMB,Healthcare,Europe,Canada,P102,Edge Gateway,Hardware,Networking,SKU-P102-3,24,379.64,0.05,9111.36,8655.79,USD,Direct,S. Johnson,195.2,3971.01,Credit Card,Paid,2024-02-23,2024-02-26,Delivered,WH-Central,0,Multi-year
SAL-00435,ORD-00218,2,2023-05-27,2023,2023-05,C001,Northstar Retail,Retail,Consumer Goods,North America,Germany,P106,Integration Services,Services,Consulting,SKU-P106-3,22,1591.0,0.05,35002.0,33251.9,USD,Direct,A. Patel,852.0,14507.95,Net Terms,Paid,2023-06-07,2023-06-13,Delivered,WH-Central,0,Standard
SAL-00436,ORD-00219,1,2023-12-27,2023,2023-12,C009,Summit Logistics,Enterprise,Transportation,Asia Pacific,Brazil,P104,Insight Pro License,Software,Licenses,SKU-P104-2,20,164.88,0.15,3297.6,2802.96,USD,Direct,A. Patel,79.28,1217.27,Net Terms,Paid,2023-12-31,2024-01-08,Delivered,WH-West,0,Annual
SAL-00437,ORD-00219,2,2023-03-03,2023,2023-03,C008,Evergreen Labs,SMB,Healthcare,Europe,Germany,P107,Support Renewal,Services,Support,SKU-P107-2,16,377.91,0,6046.56,6046.56,USD,Online,A. Patel,188.94,3023.48,Net Terms,Refunded,2023-03-05,2023-03-09,Delivered,WH-East,0,Annual
SAL-00438,ORD-00220,1,2026-08-26,2026,2026-08,C002,Blue Ridge Systems,Enterprise,Technology,North America,Singapore,P102,Edge Gateway,Hardware,Networking,SKU-P102-4,17,403.98,0,6867.66,6867.66,USD,Partner,S. Johnson,298.31,1796.38,ACH,Paid,2026-09-04,2026-09-06,Delivered,WH-East,0,Annual
SAL-00439,ORD-00220,2,2024-10-01,2024,2024-10,C009,Summit Logistics,Enterprise,Transportation,Asia Pacific,Germany,P108,Mobile Scanner,Hardware,Devices,SKU-P108-3,31,195.53,0.1,6061.43,5455.29,USD,Online,A. Patel,112.02,1982.63,Wire Transfer,Pending,2024-10-17,2024-10-19,Delivered,WH-EU,0,Standard
SAL-00440,ORD-00221,1,2023-05-02,2023,2023-05,C010,Golden Fields Co.,Mid-Market,Agriculture,Latin America,Brazil,P107,Support Renewal,Services,Support,SKU-P107-4,5,334.95,0,1674.75,1674.75,USD,Direct,R. Kim,208.41,632.72,ACH,Paid,2023-05-16,,Shipped,WH-East,0,Standard
SAL-00441,ORD-00221,2,2024-12-16,2024,2024-12,C007,Atlas Public Services,Public Sector,Government,North America,Brazil,P106,Integration Services,Services,Consulting,SKU-P106-3,10,1625.55,0.1,16255.5,14629.95,USD,Partner,M. Garcia,718.31,7446.84,Credit Card,Paid,2024-12-23,,Shipped,WH-EU,0,Multi-year
SAL-00442,ORD-00222,1,2023-01-20,2023,2023-01,C001,Northstar Retail,Retail,Consumer Goods,North America,Canada,P103,Secure Access Kit,Hardware,Security,SKU-P103-1,25,254.46,0,6361.5,6361.5,USD,Marketplace,S. Johnson,160.42,2350.98,Wire Transfer,Paid,2023-01-23,,Processing,WH-EU,0,Standard
SAL-00443,ORD-00222,2,2025-05-23,2025,2025-05,C006,Sunrise Market,SMB,Retail,Asia Pacific,Brazil,P103,Secure Access Kit,Hardware,Security,SKU-P103-2,24,303.09,0,7274.16,7274.16,USD,Direct,R. Kim,190.69,2697.61,Net Terms,Pending,2025-05-28,2025-05-31,Delivered,WH-West,0,Standard
SAL-00444,ORD-00223,1,2023-07-31,2023,2023-07,C005,Vertex Manufacturing,Enterprise,Manufacturing,Europe,United States,P109,Forecasting Add-on,Software,Analytics,SKU-P109-1,30,346.88,0.2,10406.4,8325.12,USD,Direct,R. Kim,134.14,4300.86,Wire Transfer,Pending,2023-08-07,2023-08-09,Delivered,WH-EU,0,Standard
SAL-00445,ORD-00223,2,2023-12-15,2023,2023-12,C009,Summit Logistics,Enterprise,Transportation,Asia Pacific,Singapore,P103,Secure Access Kit,Hardware,Security,SKU-P103-3,31,309.49,0.05,9594.19,9114.48,USD,Marketplace,M. Garcia,173.47,3736.79,Net Terms,Paid,2023-12-29,2024-01-05,Delivered,WH-EU,0,Multi-year
SAL-00446,ORD-00224,1,2026-09-26,2026,2026-09,C001,Northstar Retail,Retail,Consumer Goods,North America,United States,P103,Secure Access Kit,Hardware,Security,SKU-P103-2,25,253.41,0.1,6335.25,5701.73,USD,Marketplace,M. Garcia,141.19,2172.08,ACH,Paid,2026-10-06,2026-10-09,Delivered,WH-EU,0,Multi-year
SAL-00447,ORD-00224,2,2025-08-27,2025,2025-08,C004,Cedar & Stone,SMB,Hospitality,Europe,Germany,P102,Edge Gateway,Hardware,Networking,SKU-P102-3,22,388.83,0.1,8554.26,7698.83,USD,Direct,R. Kim,231.22,2612.05,Wire Transfer,Paid,2025-09-01,2025-09-08,Delivered,WH-EU,0,Multi-year
SAL-00448,ORD-00225,1,2024-01-28,2024,2024-01,C007,Atlas Public Services,Public Sector,Government,North America,Singapore,P108,Mobile Scanner,Hardware,Devices,SKU-P108-1,19,206.49,0.1,3923.31,3530.98,USD,Online,A. Patel,106.24,1512.42,Wire Transfer,Paid,2024-02-09,2024-02-11,Delivered,WH-Central,0,Multi-year
SAL-00449,ORD-00225,2,2023-11-11,2023,2023-11,C005,Vertex Manufacturing,Enterprise,Manufacturing,Europe,Canada,P107,Support Renewal,Services,Support,SKU-P107-2,8,344.11,0.05,2752.88,2615.24,USD,Direct,R. Kim,177.44,1195.74,Credit Card,Paid,2023-11-24,,Shipped,WH-Central,0,Multi-year
SAL-00450,ORD-00226,1,2024-06-08,2024,2024-06,C006,Sunrise Market,SMB,Retail,Asia Pacific,United States,P101,Cloud Data Suite,Software,Cloud,SKU-P101-1,5,772.24,0.15,3861.2,3282.02,USD,Direct,J. Chen,319.73,1683.38,Credit Card,Paid,2024-06-17,2024-06-21,Delivered,WH-Central,0,Standard
SAL-00451,ORD-00226,2,2024-02-20,2024,2024-02,C001,Northstar Retail,Retail,Consumer Goods,North America,Singapore,P107,Support Renewal,Services,Support,SKU-P107-4,22,374.64,0,8242.08,8242.08,USD,Online,S. Johnson,227.84,3229.52,ACH,Overdue,2024-03-01,2024-03-02,Delivered,WH-EU,0,Annual
SAL-00452,ORD-00227,1,2025-11-17,2025,2025-11,C007,Atlas Public Services,Public Sector,Government,North America,United Kingdom,P108,Mobile Scanner,Hardware,Devices,SKU-P108-2,35,193.25,0,6763.75,6763.75,USD,Direct,A. Patel,97.07,3366.37,ACH,Pending,2025-11-26,,Processing,WH-East,0,Standard
SAL-00453,ORD-00227,2,2025-02-17,2025,2025-02,C005,Vertex Manufacturing,Enterprise,Manufacturing,Europe,Canada,P108,Mobile Scanner,Hardware,Devices,SKU-P108-4,4,182.55,0.1,730.2,657.18,USD,Online,S. Johnson,87.95,305.38,ACH,Paid,2025-02-28,,Processing,WH-East,0,Multi-year
SAL-00454,ORD-00228,1,2025-05-21,2025,2025-05,C007,Atlas Public Services,Public Sector,Government,North America,Germany,P105,Storage Array,Hardware,Storage,SKU-P105-3,19,1131.03,0,21489.57,21489.57,USD,Partner,M. Garcia,638.51,9357.85,ACH,Overdue,2025-06-03,,Returned,WH-West,5,Multi-year
SAL-00455,ORD-00228,2,2025-01-12,2025,2025-01,C004,Cedar & Stone,SMB,Hospitality,Europe,Singapore,P103,Secure Access Kit,Hardware,Security,SKU-P103-3,5,288.71,0.15,1443.55,1227.02,USD,Direct,S. Johnson,147.5,489.54,Credit Card,Paid,2025-01-27,2025-01-29,Delivered,WH-Central,0,Standard
SAL-00456,ORD-00229,1,2024-09-13,2024,2024-09,C002,Blue Ridge Systems,Enterprise,Technology,North America,Singapore,P105,Storage Array,Hardware,Storage,SKU-P105-4,1,1335.55,0,1335.55,1335.55,USD,Partner,R. Kim,937.51,398.04,Wire Transfer,Paid,2024-09-27,,Shipped,WH-Central,0,Standard
SAL-00457,ORD-00229,2,2024-09-18,2024,2024-09,C008,Evergreen Labs,SMB,Healthcare,Europe,United States,P102,Edge Gateway,Hardware,Networking,SKU-P102-2,21,454.71,0,9548.91,9548.91,USD,Partner,R. Kim,246.91,4363.77,Wire Transfer,Paid,2024-09-21,2024-09-25,Delivered,WH-Central,0,Annual
SAL-00458,ORD-00230,1,2026-02-07,2026,2026-02,C010,Golden Fields Co.,Mid-Market,Agriculture,Latin America,Brazil,P107,Support Renewal,Services,Support,SKU-P107-4,3,354.44,0,1063.32,1063.32,USD,Partner,S. Johnson,235.3,357.42,Net Terms,Paid,2026-02-12,2026-02-15,Delivered,WH-Central,0,Annual
SAL-00459,ORD-00230,2,2025-06-09,2025,2025-06,C002,Blue Ridge Systems,Enterprise,Technology,North America,Canada,P107,Support Renewal,Services,Support,SKU-P107-1,16,393.04,0.05,6288.64,5974.21,USD,Direct,S. Johnson,225.85,2360.54,ACH,Paid,2025-06-12,2025-06-18,Delivered,WH-EU,0,Multi-year
SAL-00460,ORD-00231,1,2026-06-27,2026,2026-06,C008,Evergreen Labs,SMB,Healthcare,Europe,Singapore,P107,Support Renewal,Services,Support,SKU-P107-4,31,330.45,0.1,10243.95,9219.56,USD,Marketplace,M. Garcia,165.88,4077.3,ACH,Paid,2026-07-09,,Shipped,WH-East,0,Multi-year
SAL-00461,ORD-00231,2,2025-03-10,2025,2025-03,C007,Atlas Public Services,Public Sector,Government,North America,Singapore,P109,Forecasting Add-on,Software,Analytics,SKU-P109-2,28,345.7,0.05,9679.6,9195.62,USD,Marketplace,A. Patel,173.93,4325.6,Net Terms,Paid,2025-03-15,2025-03-17,Delivered,WH-West,0,Multi-year
SAL-00462,ORD-00232,1,2025-07-19,2025,2025-07,C002,Blue Ridge Systems,Enterprise,Technology,North America,United States,P104,Insight Pro License,Software,Licenses,SKU-P104-2,2,175.77,0.15,351.54,298.81,USD,Marketplace,M. Garcia,98.44,101.93,ACH,Paid,2025-07-27,2025-07-29,Delivered,WH-Central,0,Multi-year
SAL-00463,ORD-00232,2,2024-01-08,2024,2024-01,C003,Harbor Health Group,Enterprise,Healthcare,North America,United Kingdom,P105,Storage Array,Hardware,Storage,SKU-P105-3,25,1120.69,0.1,28017.25,25215.53,USD,Direct,R. Kim,553.52,11377.57,Credit Card,Paid,2024-01-09,,Processing,WH-EU,0,Annual
SAL-00464,ORD-00233,1,2024-06-07,2024,2024-06,C007,Atlas Public Services,Public Sector,Government,North America,Brazil,P106,Integration Services,Services,Consulting,SKU-P106-1,28,1333.61,0,37341.08,37341.08,USD,Direct,M. Garcia,688.61,18059.97,ACH,Paid,2024-06-22,,Returned,WH-EU,2,Multi-year
SAL-00465,ORD-00233,2,2025-09-21,2025,2025-09,C004,Cedar & Stone,SMB,Hospitality,Europe,United Kingdom,P107,Support Renewal,Services,Support,SKU-P107-2,34,356.91,0.15,12134.94,10314.7,USD,Marketplace,M. Garcia,178.93,4231.18,Net Terms,Paid,2025-10-06,2025-10-09,Delivered,WH-West,0,Annual
SAL-00466,ORD-00234,1,2023-07-04,2023,2023-07,C003,Harbor Health Group,Enterprise,Healthcare,North America,United States,P100,Analytics Platform,Software,Analytics,SKU-P100-3,28,982.42,0,27507.76,27507.76,USD,Online,J. Chen,495.34,13638.31,Credit Card,Paid,2023-07-12,,Cancelled,WH-West,0,Standard
SAL-00467,ORD-00234,2,2026-10-02,2026,2026-10,C002,Blue Ridge Systems,Enterprise,Technology,North America,United States,P109,Forecasting Add-on,Software,Analytics,SKU-P109-3,26,340.47,0.1,8852.22,7967.0,USD,Partner,M. Garcia,210.96,2482.0,Credit Card,Paid,2026-10-04,2026-10-05,Delivered,WH-East,0,Multi-year
SAL-00468,ORD-00235,1,2024-02-05,2024,2024-02,C003,Harbor Health Group,Enterprise,Healthcare,North America,Brazil,P102,Edge Gateway,Hardware,Networking,SKU-P102-2,27,453.87,0.1,12254.49,11029.04,USD,Partner,A. Patel,228.28,4865.59,Wire Transfer,Paid,2024-02-19,,Processing,WH-Central,0,Multi-year
SAL-00469,ORD-00235,2,2025-01-02,2025,2025-01,C007,Atlas Public Services,Public Sector,Government,North America,United Kingdom,P104,Insight Pro License,Software,Licenses,SKU-P104-2,33,167.66,0.05,5532.78,5256.14,USD,Online,J. Chen,109.85,1631.04,Wire Transfer,Paid,2025-01-06,,Shipped,WH-Central,0,Multi-year
SAL-00470,ORD-00236,1,2024-07-12,2024,2024-07,C010,Golden Fields Co.,Mid-Market,Agriculture,Latin America,Singapore,P106,Integration Services,Services,Consulting,SKU-P106-4,23,1666.52,0.05,38329.96,36413.46,USD,Direct,A. Patel,987.64,13697.67,Credit Card,Refunded,2024-07-19,,Shipped,WH-East,0,Standard
SAL-00471,ORD-00236,2,2024-08-19,2024,2024-08,C008,Evergreen Labs,SMB,Healthcare,Europe,Brazil,P101,Cloud Data Suite,Software,Cloud,SKU-P101-1,13,801.73,0.1,10422.49,9380.24,USD,Partner,M. Garcia,446.26,3578.84,ACH,Paid,2024-08-29,,Processing,WH-East,0,Standard
SAL-00472,ORD-00237,1,2025-10-26,2025,2025-10,C007,Atlas Public Services,Public Sector,Government,North America,United States,P106,Integration Services,Services,Consulting,SKU-P106-4,31,1569.19,0.05,48644.89,46212.65,USD,Direct,J. Chen,877.83,18999.82,Credit Card,Pending,2025-10-27,2025-10-29,Delivered,WH-West,0,Standard
SAL-00473,ORD-00237,2,2024-12-14,2024,2024-12,C005,Vertex Manufacturing,Enterprise,Manufacturing,Europe,United States,P102,Edge Gateway,Hardware,Networking,SKU-P102-4,26,393.01,0.1,10218.26,9196.43,USD,Partner,M. Garcia,191.38,4220.6,ACH,Paid,2024-12-21,2024-12-29,Delivered,WH-West,0,Standard
SAL-00474,ORD-00238,1,2024-03-28,2024,2024-03,C003,Harbor Health Group,Enterprise,Healthcare,North America,United States,P106,Integration Services,Services,Consulting,SKU-P106-1,17,1479.64,0,25153.88,25153.88,USD,Marketplace,A. Patel,710.34,13078.14,Net Terms,Refunded,2024-04-06,2024-04-09,Delivered,WH-EU,0,Standard
SAL-00475,ORD-00238,2,2024-10-02,2024,2024-10,C010,Golden Fields Co.,Mid-Market,Agriculture,Latin America,Singapore,P102,Edge Gateway,Hardware,Networking,SKU-P102-4,32,438.07,0.05,14018.24,13317.33,USD,Partner,A. Patel,312.52,3316.64,Net Terms,Refunded,2024-10-18,2024-10-24,Delivered,WH-West,0,Annual
SAL-00476,ORD-00239,1,2025-07-24,2025,2025-07,C004,Cedar & Stone,SMB,Hospitality,Europe,Canada,P107,Support Renewal,Services,Support,SKU-P107-2,21,400.53,0,8411.13,8411.13,USD,Online,S. Johnson,242.03,3328.54,Wire Transfer,Paid,2025-07-30,2025-08-01,Delivered,WH-EU,0,Standard
SAL-00477,ORD-00239,2,2025-03-04,2025,2025-03,C005,Vertex Manufacturing,Enterprise,Manufacturing,Europe,Canada,P100,Analytics Platform,Software,Analytics,SKU-P100-1,9,865.98,0.05,7793.82,7404.13,USD,Direct,R. Kim,446.03,3389.9,Net Terms,Paid,2025-03-07,2025-03-08,Delivered,WH-Central,0,Standard
SAL-00478,ORD-00240,1,2025-03-25,2025,2025-03,C001,Northstar Retail,Retail,Consumer Goods,North America,Canada,P103,Secure Access Kit,Hardware,Security,SKU-P103-4,28,278.09,0.05,7786.52,7397.19,USD,Partner,A. Patel,134.34,3635.67,Net Terms,Paid,2025-03-30,2025-04-04,Delivered,WH-Central,0,Annual
SAL-00479,ORD-00240,2,2025-03-11,2025,2025-03,C004,Cedar & Stone,SMB,Hospitality,Europe,Canada,P101,Cloud Data Suite,Software,Cloud,SKU-P101-2,2,798.08,0,1596.16,1596.16,USD,Online,J. Chen,387.82,820.52,ACH,Paid,2025-03-14,2025-03-19,Delivered,WH-Central,0,Annual
SAL-00480,ORD-00241,1,2025-08-19,2025,2025-08,C003,Harbor Health Group,Enterprise,Healthcare,North America,Singapore,P101,Cloud Data Suite,Software,Cloud,SKU-P101-4,28,634.87,0.1,17776.36,15998.72,USD,Direct,A. Patel,297.24,7676.05,Credit Card,Pending,2025-08-27,2025-08-29,Delivered,WH-West,0,Multi-year
SAL-00481,ORD-00241,2,2023-01-03,2023,2023-01,C005,Vertex Manufacturing,Enterprise,Manufacturing,Europe,Singapore,P108,Mobile Scanner,Hardware,Devices,SKU-P108-3,6,181.52,0.05,1089.12,1034.66,USD,Partner,A. Patel,124.42,288.14,Net Terms,Paid,2023-01-18,2023-01-21,Delivered,WH-West,0,Annual
SAL-00482,ORD-00242,1,2025-02-20,2025,2025-02,C001,Northstar Retail,Retail,Consumer Goods,North America,Singapore,P108,Mobile Scanner,Hardware,Devices,SKU-P108-1,31,172.11,0,5335.41,5335.41,USD,Partner,R. Kim,113.83,1806.8,ACH,Paid,2025-02-27,2025-03-03,Delivered,WH-Central,0,Standard
SAL-00483,ORD-00242,2,2025-07-27,2025,2025-07,C008,Evergreen Labs,SMB,Healthcare,Europe,United Kingdom,P108,Mobile Scanner,Hardware,Devices,SKU-P108-3,23,180.21,0,4144.83,4144.83,USD,Partner,J. Chen,86.84,2147.61,Wire Transfer,Paid,2025-08-03,,Shipped,WH-West,0,Annual
SAL-00484,ORD-00243,1,2024-12-28,2024,2024-12,C003,Harbor Health Group,Enterprise,Healthcare,North America,Canada,P101,Cloud Data Suite,Software,Cloud,SKU-P101-1,35,676.93,0,23692.55,23692.55,USD,Online,M. Garcia,417.91,9065.67,Wire Transfer,Pending,2025-01-06,2025-01-09,Delivered,WH-West,0,Multi-year
SAL-00485,ORD-00243,2,2024-11-05,2024,2024-11,C001,Northstar Retail,Retail,Consumer Goods,North America,United Kingdom,P104,Insight Pro License,Software,Licenses,SKU-P104-4,14,195.78,0.05,2740.92,2603.87,USD,Partner,J. Chen,111.73,1039.63,Wire Transfer,Paid,2024-11-09,,Shipped,WH-East,0,Multi-year
SAL-00486,ORD-00244,1,2024-06-01,2024,2024-06,C002,Blue Ridge Systems,Enterprise,Technology,North America,Singapore,P104,Insight Pro License,Software,Licenses,SKU-P104-3,13,199.85,0,2598.05,2598.05,USD,Online,M. Garcia,139.57,783.69,Credit Card,Paid,2024-06-08,2024-06-10,Delivered,WH-EU,0,Standard
SAL-00487,ORD-00244,2,2023-11-12,2023,2023-11,C004,Cedar & Stone,SMB,Hospitality,Europe,Germany,P108,Mobile Scanner,Hardware,Devices,SKU-P108-2,3,203.71,0.15,611.13,519.46,USD,Partner,A. Patel,119.79,160.1,Net Terms,Pending,2023-11-18,,Returned,WH-East,3,Multi-year
SAL-00488,ORD-00245,1,2026-01-07,2026,2026-01,C007,Atlas Public Services,Public Sector,Government,North America,Germany,P105,Storage Array,Hardware,Storage,SKU-P105-3,7,1328.7,0.05,9300.9,8835.85,USD,Marketplace,R. Kim,751.02,3578.74,Credit Card,Pending,2026-01-12,2026-01-20,Delivered,WH-East,0,Standard
SAL-00489,ORD-00245,2,2023-07-19,2023,2023-07,C010,Golden Fields Co.,Mid-Market,Agriculture,Latin America,Germany,P106,Integration Services,Services,Consulting,SKU-P106-3,34,1569.37,0,53358.58,53358.58,USD,Partner,S. Johnson,977.3,20130.37,Wire Transfer,Paid,2023-08-01,2023-08-03,Delivered,WH-East,0,Annual
SAL-00490,ORD-00246,1,2025-09-11,2025,2025-09,C008,Evergreen Labs,SMB,Healthcare,Europe,United Kingdom,P106,Integration Services,Services,Consulting,SKU-P106-4,6,1658.01,0.1,9948.06,8953.25,USD,Partner,M. Garcia,722.36,4619.08,Net Terms,Paid,2025-09-23,2025-09-24,Delivered,WH-EU,0,Standard
SAL-00491,ORD-00246,2,2025-07-31,2025,2025-07,C009,Summit Logistics,Enterprise,Transportation,Asia Pacific,Singapore,P101,Cloud Data Suite,Software,Cloud,SKU-P101-3,31,651.72,0.1,20203.32,18182.99,USD,Direct,J. Chen,408.27,5526.67,ACH,Paid,2025-08-01,2025-08-08,Delivered,WH-EU,0,Multi-year
SAL-00492,ORD-00247,1,2025-01-22,2025,2025-01,C007,Atlas Public Services,Public Sector,Government,North America,Germany,P104,Insight Pro License,Software,Licenses,SKU-P104-3,15,175.59,0.1,2633.85,2370.47,USD,Online,J. Chen,115.7,634.91,Credit Card,Paid,2025-01-28,,Processing,WH-East,0,Standard
SAL-00493,ORD-00247,2,2026-01-04,2026,2026-01,C009,Summit Logistics,Enterprise,Transportation,Asia Pacific,Brazil,P109,Forecasting Add-on,Software,Analytics,SKU-P109-1,23,301.25,0,6928.75,6928.75,USD,Marketplace,S. Johnson,214.88,1986.53,Wire Transfer,Paid,2026-01-14,,Returned,WH-East,5,Multi-year
SAL-00494,ORD-00248,1,2026-05-17,2026,2026-05,C003,Harbor Health Group,Enterprise,Healthcare,North America,Germany,P105,Storage Array,Hardware,Storage,SKU-P105-4,15,1316.21,0.1,19743.15,17768.84,USD,Direct,A. Patel,791.03,5903.35,Credit Card,Paid,2026-05-27,2026-05-31,Delivered,WH-Central,0,Multi-year
SAL-00495,ORD-00248,2,2024-08-03,2024,2024-08,C004,Cedar & Stone,SMB,Hospitality,Europe,Germany,P108,Mobile Scanner,Hardware,Devices,SKU-P108-3,24,194.44,0.05,4666.56,4433.23,USD,Marketplace,A. Patel,119.06,1575.86,Wire Transfer,Overdue,2024-08-16,2024-08-24,Delivered,WH-East,0,Multi-year
SAL-00496,ORD-00249,1,2025-09-09,2025,2025-09,C004,Cedar & Stone,SMB,Hospitality,Europe,United Kingdom,P102,Edge Gateway,Hardware,Networking,SKU-P102-4,33,395.21,0.15,13041.93,11085.64,USD,Direct,A. Patel,218.1,3888.25,Net Terms,Paid,2025-09-10,2025-09-12,Delivered,WH-EU,0,Standard
SAL-00497,ORD-00249,2,2023-07-04,2023,2023-07,C003,Harbor Health Group,Enterprise,Healthcare,North America,Singapore,P107,Support Renewal,Services,Support,SKU-P107-2,28,374.66,0.1,10490.48,9441.43,USD,Online,A. Patel,171.19,4648.21,Net Terms,Paid,2023-07-17,2023-07-22,Delivered,WH-East,0,Multi-year
SAL-00498,ORD-00250,1,2026-02-15,2026,2026-02,C003,Harbor Health Group,Enterprise,Healthcare,North America,United Kingdom,P109,Forecasting Add-on,Software,Analytics,SKU-P109-4,9,316.58,0.15,2849.22,2421.84,USD,Partner,J. Chen,147.48,1094.53,Net Terms,Pending,2026-03-01,2026-03-08,Delivered,WH-Central,0,Annual
SAL-00499,ORD-00250,2,2026-01-04,2026,2026-01,C002,Blue Ridge Systems,Enterprise,Technology,North America,Brazil,P102,Edge Gateway,Hardware,Networking,SKU-P102-3,7,434.65,0.1,3042.55,2738.3,USD,Online,J. Chen,249.61,991.04,Net Terms,Paid,2026-01-09,2026-01-14,Delivered,WH-EU,0,Multi-year
SAL-00500,ORD-00251,1,2026-06-08,2026,2026-06,C009,Summit Logistics,Enterprise,Transportation,Asia Pacific,Germany,P102,Edge Gateway,Hardware,Networking,SKU-P102-4,19,408.17,0,7755.23,7755.23,USD,Marketplace,S. Johnson,230.56,3374.64,ACH,Paid,2026-06-17,2026-06-23,Delivered,WH-Central,0,Annual
SAL-00501,ORD-00251,2,2024-12-11,2024,2024-12,C003,Harbor Health Group,Enterprise,Healthcare,North America,United Kingdom,P109,Forecasting Add-on,Software,Analytics,SKU-P109-4,2,332.05,0.1,664.1,597.69,USD,Online,A. Patel,212.75,172.19,ACH,Paid,2024-12-26,2025-01-02,Delivered,WH-East,0,Annual
SAL-00502,ORD-00252,1,2026-01-08,2026,2026-01,C007,Atlas Public Services,Public Sector,Government,North America,Germany,P106,Integration Services,Services,Consulting,SKU-P106-2,2,1518.63,0.1,3037.26,2733.53,USD,Partner,A. Patel,689.87,1353.79,Wire Transfer,Paid,2026-01-20,,Processing,WH-EU,0,Standard
SAL-00503,ORD-00252,2,2024-04-07,2024,2024-04,C009,Summit Logistics,Enterprise,Transportation,Asia Pacific,Canada,P102,Edge Gateway,Hardware,Networking,SKU-P102-4,17,386.79,0.1,6575.43,5917.89,USD,Partner,M. Garcia,190.91,2672.34,Credit Card,Paid,2024-04-11,,Cancelled,WH-EU,0,Multi-year
SAL-00504,ORD-00253,1,2023-12-19,2023,2023-12,C005,Vertex Manufacturing,Enterprise,Manufacturing,Europe,Brazil,P102,Edge Gateway,Hardware,Networking,SKU-P102-4,20,436.09,0,8721.8,8721.8,USD,Direct,S. Johnson,220.71,4307.54,Net Terms,Pending,2023-12-22,2023-12-29,Delivered,WH-West,0,Multi-year
SAL-00505,ORD-00253,2,2025-11-26,2025,2025-11,C007,Atlas Public Services,Public Sector,Government,North America,Canada,P104,Insight Pro License,Software,Licenses,SKU-P104-3,33,179.75,0.05,5931.75,5635.16,USD,Direct,A. Patel,125.35,1498.65,Wire Transfer,Paid,2025-12-12,,Processing,WH-West,0,Multi-year
SAL-00506,ORD-00254,1,2023-05-10,2023,2023-05,C005,Vertex Manufacturing,Enterprise,Manufacturing,Europe,United States,P102,Edge Gateway,Hardware,Networking,SKU-P102-4,32,399.85,0,12795.2,12795.2,USD,Direct,R. Kim,230.33,5424.66,Wire Transfer,Paid,2023-05-19,2023-05-23,Delivered,WH-Central,0,Annual
SAL-00507,ORD-00254,2,2023-11-24,2023,2023-11,C007,Atlas Public Services,Public Sector,Government,North America,Singapore,P107,Support Renewal,Services,Support,SKU-P107-1,24,388.66,0,9327.84,9327.84,USD,Direct,J. Chen,273.44,2765.38,Credit Card,Pending,2023-12-01,,Cancelled,WH-East,0,Standard
SAL-00508,ORD-00255,1,2024-01-02,2024,2024-01,C001,Northstar Retail,Retail,Consumer Goods,North America,United States,P103,Secure Access Kit,Hardware,Security,SKU-P103-4,26,292.89,0.15,7615.14,6472.87,USD,Partner,S. Johnson,148.23,2618.86,Wire Transfer,Pending,2024-01-07,2024-01-13,Delivered,WH-West,0,Annual
SAL-00509,ORD-00255,2,2024-09-04,2024,2024-09,C007,Atlas Public Services,Public Sector,Government,North America,Germany,P109,Forecasting Add-on,Software,Analytics,SKU-P109-3,23,361.36,0,8311.28,8311.28,USD,Partner,S. Johnson,271.55,2065.52,Wire Transfer,Paid,2024-09-15,2024-09-19,Delivered,WH-West,0,Multi-year
SAL-00510,ORD-00256,1,2026-02-08,2026,2026-02,C002,Blue Ridge Systems,Enterprise,Technology,North America,Canada,P104,Insight Pro License,Software,Licenses,SKU-P104-3,10,162.41,0,1624.1,1624.1,USD,Online,S. Johnson,93.91,684.96,Wire Transfer,Paid,2026-02-15,2026-02-20,Delivered,WH-East,0,Multi-year
SAL-00511,ORD-00256,2,2026-01-30,2026,2026-01,C007,Atlas Public Services,Public Sector,Government,North America,United Kingdom,P102,Edge Gateway,Hardware,Networking,SKU-P102-4,6,453.98,0,2723.88,2723.88,USD,Marketplace,R. Kim,335.2,712.65,Wire Transfer,Refunded,2026-02-02,2026-02-04,Delivered,WH-EU,0,Annual
SAL-00512,ORD-00257,1,2023-03-31,2023,2023-03,C005,Vertex Manufacturing,Enterprise,Manufacturing,Europe,Germany,P100,Analytics Platform,Software,Analytics,SKU-P100-4,23,955.25,0.1,21970.75,19773.67,USD,Direct,A. Patel,558.9,6918.91,Credit Card,Paid,2023-04-06,2023-04-08,Delivered,WH-East,0,Annual
SAL-00513,ORD-00257,2,2026-07-08,2026,2026-07,C001,Northstar Retail,Retail,Consumer Goods,North America,United States,P107,Support Renewal,Services,Support,SKU-P107-3,24,339.9,0.05,8157.6,7749.72,USD,Direct,M. Garcia,171.73,3628.22,ACH,Paid,2026-07-13,2026-07-17,Delivered,WH-Central,0,Standard
SAL-00514,ORD-00258,1,2024-05-27,2024,2024-05,C001,Northstar Retail,Retail,Consumer Goods,North America,Germany,P109,Forecasting Add-on,Software,Analytics,SKU-P109-2,34,333.78,0.05,11348.52,10781.09,USD,Direct,J. Chen,158.63,5387.73,Wire Transfer,Paid,2024-06-04,2024-06-05,Delivered,WH-EU,0,Standard
SAL-00515,ORD-00258,2,2026-01-03,2026,2026-01,C003,Harbor Health Group,Enterprise,Healthcare,North America,Germany,P107,Support Renewal,Services,Support,SKU-P107-4,24,385.1,0.1,9242.4,8318.16,USD,Marketplace,S. Johnson,212.57,3216.47,ACH,Paid,2026-01-09,2026-01-10,Delivered,WH-EU,0,Standard
SAL-00516,ORD-00259,1,2025-02-11,2025,2025-02,C002,Blue Ridge Systems,Enterprise,Technology,North America,Germany,P104,Insight Pro License,Software,Licenses,SKU-P104-2,24,188.43,0,4522.32,4522.32,USD,Online,A. Patel,102.29,2067.27,Credit Card,Paid,2025-02-20,,Shipped,WH-Central,0,Standard
SAL-00517,ORD-00259,2,2025-07-09,2025,2025-07,C008,Evergreen Labs,SMB,Healthcare,Europe,United States,P101,Cloud Data Suite,Software,Cloud,SKU-P101-3,14,768.57,0.15,10759.98,9145.98,USD,Online,M. Garcia,435.48,3049.31,Credit Card,Paid,2025-07-12,,Processing,WH-West,0,Standard
SAL-00518,ORD-00260,1,2025-05-25,2025,2025-05,C003,Harbor Health Group,Enterprise,Healthcare,North America,Germany,P101,Cloud Data Suite,Software,Cloud,SKU-P101-4,12,676.67,0.2,8120.04,6496.03,USD,Direct,R. Kim,322.21,2629.56,Wire Transfer,Paid,2025-06-07,2025-06-15,Delivered,WH-East,0,Multi-year
SAL-00519,ORD-00260,2,2023-03-01,2023,2023-03,C009,Summit Logistics,Enterprise,Transportation,Asia Pacific,United States,P106,Integration Services,Services,Consulting,SKU-P106-2,33,1523.74,0.15,50283.42,42740.91,USD,Partner,R. Kim,623.34,22170.68,Net Terms,Paid,2023-03-03,2023-03-04,Delivered,WH-EU,0,Annual
SAL-00520,ORD-00261,1,2023-04-25,2023,2023-04,C001,Northstar Retail,Retail,Consumer Goods,North America,United Kingdom,P105,Storage Array,Hardware,Storage,SKU-P105-1,13,1138.24,0.05,14797.12,14057.26,USD,Marketplace,J. Chen,691.12,5072.73,Credit Card,Paid,2023-04-26,,Shipped,WH-EU,0,Multi-year
SAL-00521,ORD-00261,2,2024-10-17,2024,2024-10,C003,Harbor Health Group,Enterprise,Healthcare,North America,Canada,P106,Integration Services,Services,Consulting,SKU-P106-2,10,1402.7,0.15,14027.0,11922.95,USD,Direct,A. Patel,621.19,5711.06,Net Terms,Paid,2024-10-19,,Shipped,WH-West,0,Annual
SAL-00522,ORD-00262,1,2023-06-23,2023,2023-06,C005,Vertex Manufacturing,Enterprise,Manufacturing,Europe,Brazil,P104,Insight Pro License,Software,Licenses,SKU-P104-3,35,178.4,0.15,6244.0,5307.4,USD,Direct,J. Chen,102.27,1727.86,ACH,Paid,2023-07-09,2023-07-16,Delivered,WH-East,0,Multi-year
SAL-00523,ORD-00262,2,2026-08-28,2026,2026-08,C002,Blue Ridge Systems,Enterprise,Technology,North America,Singapore,P107,Support Renewal,Services,Support,SKU-P107-3,8,382.66,0,3061.28,3061.28,USD,Online,S. Johnson,186.09,1572.52,Net Terms,Paid,2026-09-02,2026-09-09,Delivered,WH-EU,0,Standard
SAL-00524,ORD-00263,1,2023-06-02,2023,2023-06,C008,Evergreen Labs,SMB,Healthcare,Europe,Canada,P106,Integration Services,Services,Consulting,SKU-P106-4,34,1512.13,0.1,51412.42,46271.18,USD,Direct,R. Kim,731.73,21392.22,Net Terms,Overdue,2023-06-12,2023-06-13,Delivered,WH-West,0,Annual
SAL-00525,ORD-00263,2,2025-04-06,2025,2025-04,C003,Harbor Health Group,Enterprise,Healthcare,North America,Germany,P105,Storage Array,Hardware,Storage,SKU-P105-4,5,1126.74,0.15,5633.7,4788.64,USD,Partner,A. Patel,718.56,1195.84,Net Terms,Paid,2025-04-17,,Processing,WH-West,0,Multi-year
SAL-00526,ORD-00264,1,2023-02-02,2023,2023-02,C003,Harbor Health Group,Enterprise,Healthcare,North America,United States,P100,Analytics Platform,Software,Analytics,SKU-P100-3,22,988.14,0.1,21739.08,19565.17,USD,Marketplace,M. Garcia,631.36,5675.34,Credit Card,Paid,2023-02-18,2023-02-20,Delivered,WH-Central,0,Annual
SAL-00527,ORD-00264,2,2026-06-02,2026,2026-06,C005,Vertex Manufacturing,Enterprise,Manufacturing,Europe,Singapore,P101,Cloud Data Suite,Software,Cloud,SKU-P101-3,26,798.08,0.05,20750.08,19712.58,USD,Online,J. Chen,570.72,4873.98,Credit Card,Paid,2026-06-16,2026-06-22,Delivered,WH-West,0,Annual
SAL-00528,ORD-00265,1,2024-04-24,2024,2024-04,C007,Atlas Public Services,Public Sector,Government,North America,Canada,P109,Forecasting Add-on,Software,Analytics,SKU-P109-3,26,353.53,0.05,9191.78,8732.19,USD,Partner,S. Johnson,217.91,3066.65,ACH,Paid,2024-05-02,2024-05-07,Delivered,WH-Central,0,Standard
SAL-00529,ORD-00265,2,2023-09-02,2023,2023-09,C008,Evergreen Labs,SMB,Healthcare,Europe,United Kingdom,P109,Forecasting Add-on,Software,Analytics,SKU-P109-3,5,314.88,0,1574.4,1574.4,USD,Marketplace,S. Johnson,160.8,770.39,ACH,Paid,2023-09-14,2023-09-15,Delivered,WH-Central,0,Annual
SAL-00530,ORD-00266,1,2024-02-18,2024,2024-02,C002,Blue Ridge Systems,Enterprise,Technology,North America,United Kingdom,P109,Forecasting Add-on,Software,Analytics,SKU-P109-2,34,294.44,0,10010.96,10010.96,USD,Direct,S. Johnson,208.58,2919.22,Net Terms,Paid,2024-02-29,,Cancelled,WH-East,0,Standard
SAL-00531,ORD-00266,2,2023-01-19,2023,2023-01,C006,Sunrise Market,SMB,Retail,Asia Pacific,United Kingdom,P109,Forecasting Add-on,Software,Analytics,SKU-P109-2,16,298.81,0.15,4780.96,4063.82,USD,Marketplace,S. Johnson,176.29,1243.15,Wire Transfer,Paid,2023-01-27,2023-02-04,Delivered,WH-West,0,Multi-year
SAL-00532,ORD-00267,1,2023-05-14,2023,2023-05,C008,Evergreen Labs,SMB,Healthcare,Europe,Germany,P108,Mobile Scanner,Hardware,Devices,SKU-P108-3,13,213.24,0,2772.12,2772.12,USD,Online,S. Johnson,116.62,1256.07,Wire Transfer,Paid,2023-05-27,2023-06-01,Delivered,WH-Central,0,Annual
SAL-00533,ORD-00267,2,2023-10-12,2023,2023-10,C006,Sunrise Market,SMB,Retail,Asia Pacific,Brazil,P104,Insight Pro License,Software,Licenses,SKU-P104-4,31,170.83,0,5295.73,5295.73,USD,Partner,M. Garcia,92.31,2434.1,Credit Card,Paid,2023-10-28,,Returned,WH-Central,25,Multi-year
SAL-00534,ORD-00268,1,2026-06-20,2026,2026-06,C007,Atlas Public Services,Public Sector,Government,North America,Brazil,P101,Cloud Data Suite,Software,Cloud,SKU-P101-2,22,760.62,0.1,16733.64,15060.28,USD,Online,R. Kim,329.33,7815.1,Credit Card,Paid,2026-07-04,2026-07-06,Delivered,WH-EU,0,Standard
SAL-00535,ORD-00268,2,2026-05-04,2026,2026-05,C006,Sunrise Market,SMB,Retail,Asia Pacific,Singapore,P105,Storage Array,Hardware,Storage,SKU-P105-4,18,1390.64,0.1,25031.52,22528.37,USD,Marketplace,S. Johnson,833.99,7516.5,Credit Card,Pending,2026-05-17,,Shipped,WH-EU,0,Standard
SAL-00536,ORD-00269,1,2023-01-26,2023,2023-01,C003,Harbor Health Group,Enterprise,Healthcare,North America,Brazil,P104,Insight Pro License,Software,Licenses,SKU-P104-2,19,167.32,0.1,3179.08,2861.17,USD,Marketplace,A. Patel,88.75,1174.86,Net Terms,Overdue,2023-02-06,2023-02-07,Delivered,WH-Central,0,Standard
SAL-00537,ORD-00269,2,2024-09-02,2024,2024-09,C006,Sunrise Market,SMB,Retail,Asia Pacific,Singapore,P103,Secure Access Kit,Hardware,Security,SKU-P103-3,33,270.94,0,8941.02,8941.02,USD,Online,A. Patel,185.95,2804.71,Credit Card,Paid,2024-09-13,,Shipped,WH-East,0,Standard
SAL-00538,ORD-00270,1,2026-09-16,2026,2026-09,C007,Atlas Public Services,Public Sector,Government,North America,Germany,P102,Edge Gateway,Hardware,Networking,SKU-P102-2,33,395.18,0.2,13040.94,10432.75,USD,Marketplace,J. Chen,215.07,3335.28,Credit Card,Paid,2026-09-26,2026-09-28,Delivered,WH-EU,0,Standard
SAL-00539,ORD-00270,2,2025-02-12,2025,2025-02,C009,Summit Logistics,Enterprise,Transportation,Asia Pacific,Brazil,P108,Mobile Scanner,Hardware,Devices,SKU-P108-3,6,185.75,0.1,1114.5,1003.05,USD,Marketplace,R. Kim,112.56,327.7,ACH,Paid,2025-02-15,2025-02-20,Delivered,WH-Central,0,Annual
SAL-00540,ORD-00271,1,2025-07-20,2025,2025-07,C007,Atlas Public Services,Public Sector,Government,North America,United States,P103,Secure Access Kit,Hardware,Security,SKU-P103-2,12,307.64,0.05,3691.68,3507.1,USD,Online,S. Johnson,172.92,1432.06,Net Terms,Paid,2025-07-29,,Returned,WH-East,3,Standard
SAL-00541,ORD-00271,2,2025-09-14,2025,2025-09,C002,Blue Ridge Systems,Enterprise,Technology,North America,Germany,P106,Integration Services,Services,Consulting,SKU-P106-4,17,1630.33,0,27715.61,27715.61,USD,Online,A. Patel,1121.05,8657.81,Wire Transfer,Paid,2025-09-16,2025-09-17,Delivered,WH-EU,0,Standard
SAL-00542,ORD-00272,1,2023-10-07,2023,2023-10,C010,Golden Fields Co.,Mid-Market,Agriculture,Latin America,United Kingdom,P108,Mobile Scanner,Hardware,Devices,SKU-P108-3,32,209.08,0.05,6690.56,6356.03,USD,Partner,M. Garcia,131.91,2135.01,Credit Card,Overdue,2023-10-12,2023-10-14,Delivered,WH-East,0,Annual
SAL-00543,ORD-00272,2,2023-08-28,2023,2023-08,C003,Harbor Health Group,Enterprise,Healthcare,North America,Brazil,P100,Analytics Platform,Software,Analytics,SKU-P100-2,2,907.37,0.2,1814.74,1451.79,USD,Marketplace,M. Garcia,371.46,708.86,Credit Card,Overdue,2023-09-13,2023-09-16,Delivered,WH-Central,0,Multi-year
SAL-00544,ORD-00273,1,2024-09-26,2024,2024-09,C007,Atlas Public Services,Public Sector,Government,North America,Brazil,P109,Forecasting Add-on,Software,Analytics,SKU-P109-4,16,345.48,0.1,5527.68,4974.91,USD,Partner,R. Kim,195.14,1852.61,ACH,Paid,2024-10-11,2024-10-14,Delivered,WH-Central,0,Annual
SAL-00545,ORD-00273,2,2024-05-18,2024,2024-05,C005,Vertex Manufacturing,Enterprise,Manufacturing,Europe,Germany,P107,Support Renewal,Services,Support,SKU-P107-1,23,333.47,0,7669.81,7669.81,USD,Online,M. Garcia,176.89,3601.28,Wire Transfer,Paid,2024-05-24,,Returned,WH-West,8,Annual
SAL-00546,ORD-00274,1,2024-10-08,2024,2024-10,C005,Vertex Manufacturing,Enterprise,Manufacturing,Europe,Brazil,P104,Insight Pro License,Software,Licenses,SKU-P104-1,31,159.65,0.15,4949.15,4206.78,USD,Marketplace,J. Chen,76.22,1843.95,ACH,Paid,2024-10-10,2024-10-17,Delivered,WH-West,0,Annual
SAL-00547,ORD-00274,2,2025-10-12,2025,2025-10,C010,Golden Fields Co.,Mid-Market,Agriculture,Latin America,Germany,P108,Mobile Scanner,Hardware,Devices,SKU-P108-4,32,197.59,0.05,6322.88,6006.74,USD,Partner,J. Chen,105.52,2630.09,Wire Transfer,Paid,2025-10-17,2025-10-19,Delivered,WH-East,0,Multi-year
SAL-00548,ORD-00275,1,2023-03-16,2023,2023-03,C002,Blue Ridge Systems,Enterprise,Technology,North America,Singapore,P106,Integration Services,Services,Consulting,SKU-P106-2,30,1663.29,0,49898.7,49898.7,USD,Direct,A. Patel,1230.36,12987.94,Credit Card,Paid,2023-03-18,,Processing,WH-West,0,Standard
SAL-00549,ORD-00275,2,2026-01-06,2026,2026-01,C009,Summit Logistics,Enterprise,Transportation,Asia Pacific,Germany,P107,Support Renewal,Services,Support,SKU-P107-1,2,365.17,0.1,730.34,657.31,USD,Marketplace,R. Kim,159.95,337.41,Credit Card,Paid,2026-01-10,2026-01-11,Delivered,WH-East,0,Standard
SAL-00550,ORD-00276,1,2026-08-14,2026,2026-08,C004,Cedar & Stone,SMB,Hospitality,Europe,United States,P102,Edge Gateway,Hardware,Networking,SKU-P102-2,32,446.8,0.1,14297.6,12867.84,USD,Marketplace,S. Johnson,302.99,3172.24,Credit Card,Paid,2026-08-21,2026-08-24,Delivered,WH-Central,0,Multi-year
SAL-00551,ORD-00276,2,2026-06-29,2026,2026-06,C009,Summit Logistics,Enterprise,Transportation,Asia Pacific,Canada,P109,Forecasting Add-on,Software,Analytics,SKU-P109-2,23,330.33,0.1,7597.59,6837.83,USD,Direct,R. Kim,153.71,3302.54,Net Terms,Refunded,2026-07-05,2026-07-10,Delivered,WH-East,0,Standard
SAL-00552,ORD-00277,1,2024-05-03,2024,2024-05,C006,Sunrise Market,SMB,Retail,Asia Pacific,United States,P103,Secure Access Kit,Hardware,Security,SKU-P103-4,13,276.04,0.05,3588.52,3409.09,USD,Marketplace,R. Kim,131.36,1701.35,ACH,Paid,2024-05-16,,Cancelled,WH-Central,0,Standard
SAL-00553,ORD-00277,2,2024-07-19,2024,2024-07,C001,Northstar Retail,Retail,Consumer Goods,North America,United Kingdom,P109,Forecasting Add-on,Software,Analytics,SKU-P109-4,34,355.13,0.05,12074.42,11470.7,USD,Partner,S. Johnson,205.08,4497.9,Wire Transfer,Paid,2024-08-02,,Cancelled,WH-East,0,Annual
SAL-00554,ORD-00278,1,2025-08-09,2025,2025-08,C005,Vertex Manufacturing,Enterprise,Manufacturing,Europe,Brazil,P103,Secure Access Kit,Hardware,Security,SKU-P103-4,16,290.38,0.1,4646.08,4181.47,USD,Direct,A. Patel,134.87,2023.55,Wire Transfer,Pending,2025-08-23,2025-08-30,Delivered,WH-Central,0,Multi-year
SAL-00555,ORD-00278,2,2024-10-27,2024,2024-10,C002,Blue Ridge Systems,Enterprise,Technology,North America,United States,P106,Integration Services,Services,Consulting,SKU-P106-3,5,1496.49,0.05,7482.45,7108.33,USD,Marketplace,A. Patel,1014.3,2036.82,Credit Card,Paid,2024-11-05,2024-11-06,Delivered,WH-EU,0,Annual
SAL-00556,ORD-00279,1,2024-06-07,2024,2024-06,C005,Vertex Manufacturing,Enterprise,Manufacturing,Europe,United Kingdom,P107,Support Renewal,Services,Support,SKU-P107-2,24,325.06,0,7801.44,7801.44,USD,Direct,M. Garcia,215.88,2620.43,ACH,Paid,2024-06-09,2024-06-13,Delivered,WH-East,0,Multi-year
SAL-00557,ORD-00279,2,2026-03-13,2026,2026-03,C007,Atlas Public Services,Public Sector,Government,North America,Canada,P108,Mobile Scanner,Hardware,Devices,SKU-P108-4,5,192.63,0,963.15,963.15,USD,Partner,A. Patel,93.06,497.85,Credit Card,Paid,2026-03-18,,Returned,WH-EU,5,Multi-year
SAL-00558,ORD-00280,1,2025-06-04,2025,2025-06,C006,Sunrise Market,SMB,Retail,Asia Pacific,Germany,P104,Insight Pro License,Software,Licenses,SKU-P104-2,25,198.25,0.05,4956.25,4708.44,USD,Online,R. Kim,110.35,1949.59,ACH,Paid,2025-06-19,2025-06-23,Delivered,WH-West,0,Multi-year
SAL-00559,ORD-00280,2,2023-04-09,2023,2023-04,C001,Northstar Retail,Retail,Consumer Goods,North America,Germany,P102,Edge Gateway,Hardware,Networking,SKU-P102-1,6,430.45,0.05,2582.7,2453.56,USD,Marketplace,J. Chen,200.76,1248.97,ACH,Pending,2023-04-25,2023-04-30,Delivered,WH-EU,0,Standard
SAL-00560,ORD-00281,1,2026-04-04,2026,2026-04,C005,Vertex Manufacturing,Enterprise,Manufacturing,Europe,United States,P103,Secure Access Kit,Hardware,Security,SKU-P103-2,15,267.93,0.05,4018.95,3818.0,USD,Online,M. Garcia,130.45,1861.25,Net Terms,Paid,2026-04-19,2026-04-27,Delivered,WH-East,0,Annual
SAL-00561,ORD-00281,2,2026-01-06,2026,2026-01,C005,Vertex Manufacturing,Enterprise,Manufacturing,Europe,Germany,P103,Secure Access Kit,Hardware,Security,SKU-P103-2,24,253.6,0,6086.4,6086.4,USD,Online,A. Patel,148.68,2518.12,Net Terms,Paid,2026-01-12,2026-01-15,Delivered,WH-East,0,Annual
SAL-00562,ORD-00282,1,2024-03-09,2024,2024-03,C007,Atlas Public Services,Public Sector,Government,North America,United Kingdom,P109,Forecasting Add-on,Software,Analytics,SKU-P109-3,25,334.45,0.05,8361.25,7943.19,USD,Online,M. Garcia,223.22,2362.81,ACH,Paid,2024-03-15,2024-03-19,Delivered,WH-EU,0,Standard
SAL-00563,ORD-00282,2,2024-01-14,2024,2024-01,C001,Northstar Retail,Retail,Consumer Goods,North America,Canada,P109,Forecasting Add-on,Software,Analytics,SKU-P109-4,3,300.56,0.15,901.68,766.43,USD,Marketplace,R. Kim,150.02,316.38,Net Terms,Paid,2024-01-15,,Processing,WH-Central,0,Multi-year
SAL-00564,ORD-00283,1,2023-01-02,2023,2023-01,C004,Cedar & Stone,SMB,Hospitality,Europe,Brazil,P100,Analytics Platform,Software,Analytics,SKU-P100-4,12,920.24,0.15,11042.88,9386.45,USD,Direct,R. Kim,542.07,2881.64,Net Terms,Pending,2023-01-15,,Shipped,WH-EU,0,Annual
SAL-00565,ORD-00283,2,2026-05-07,2026,2026-05,C008,Evergreen Labs,SMB,Healthcare,Europe,United Kingdom,P103,Secure Access Kit,Hardware,Security,SKU-P103-1,16,281.23,0.15,4499.68,3824.73,USD,Partner,M. Garcia,141.89,1554.56,Wire Transfer,Paid,2026-05-18,2026-05-26,Delivered,WH-East,0,Multi-year
SAL-00566,ORD-00284,1,2025-10-31,2025,2025-10,C003,Harbor Health Group,Enterprise,Healthcare,North America,Canada,P109,Forecasting Add-on,Software,Analytics,SKU-P109-1,29,311.7,0,9039.3,9039.3,USD,Partner,J. Chen,204.22,3116.9,ACH,Overdue,2025-11-14,,Shipped,WH-East,0,Multi-year
SAL-00567,ORD-00284,2,2025-08-09,2025,2025-08,C005,Vertex Manufacturing,Enterprise,Manufacturing,Europe,Germany,P101,Cloud Data Suite,Software,Cloud,SKU-P101-1,34,794.52,0.1,27013.68,24312.31,USD,Direct,R. Kim,543.04,5849.02,ACH,Overdue,2025-08-11,,Processing,WH-Central,0,Multi-year
SAL-00568,ORD-00285,1,2026-04-06,2026,2026-04,C001,Northstar Retail,Retail,Consumer Goods,North America,Germany,P105,Storage Array,Hardware,Storage,SKU-P105-1,34,1256.86,0.05,42733.24,40596.58,USD,Online,M. Garcia,679.57,17491.07,ACH,Pending,2026-04-14,,Shipped,WH-EU,0,Multi-year
SAL-00569,ORD-00285,2,2024-07-23,2024,2024-07,C007,Atlas Public Services,Public Sector,Government,North America,United Kingdom,P100,Analytics Platform,Software,Analytics,SKU-P100-3,9,1014.13,0.1,9127.17,8214.45,USD,Direct,R. Kim,553.26,3235.15,ACH,Paid,2024-07-26,2024-08-02,Delivered,WH-EU,0,Multi-year
SAL-00570,ORD-00286,1,2023-12-17,2023,2023-12,C009,Summit Logistics,Enterprise,Transportation,Asia Pacific,United Kingdom,P107,Support Renewal,Services,Support,SKU-P107-4,31,361.03,0.05,11191.93,10632.33,USD,Partner,J. Chen,179.95,5053.99,ACH,Paid,2023-12-26,2024-01-03,Delivered,WH-East,0,Multi-year
SAL-00571,ORD-00286,2,2025-08-11,2025,2025-08,C005,Vertex Manufacturing,Enterprise,Manufacturing,Europe,Brazil,P102,Edge Gateway,Hardware,Networking,SKU-P102-3,18,368.43,0.15,6631.74,5636.98,USD,Marketplace,R. Kim,156.49,2820.16,Net Terms,Paid,2025-08-26,,Shipped,WH-Central,0,Annual
SAL-00572,ORD-00287,1,2023-03-03,2023,2023-03,C004,Cedar & Stone,SMB,Hospitality,Europe,Singapore,P105,Storage Array,Hardware,Storage,SKU-P105-4,15,1294.17,0.15,19412.55,16500.67,USD,Online,M. Garcia,682.0,6270.61,Net Terms,Paid,2023-03-08,2023-03-13,Delivered,WH-East,0,Standard
SAL-00573,ORD-00287,2,2026-05-28,2026,2026-05,C010,Golden Fields Co.,Mid-Market,Agriculture,Latin America,Canada,P103,Secure Access Kit,Hardware,Security,SKU-P103-3,20,296.67,0.1,5933.4,5340.06,USD,Online,A. Patel,161.82,2103.63,Credit Card,Paid,2026-06-12,2026-06-13,Delivered,WH-West,0,Annual
SAL-00574,ORD-00288,1,2025-08-26,2025,2025-08,C005,Vertex Manufacturing,Enterprise,Manufacturing,Europe,United States,P109,Forecasting Add-on,Software,Analytics,SKU-P109-3,10,369.6,0,3696.0,3696.0,USD,Online,S. Johnson,250.02,1195.78,Net Terms,Paid,2025-09-01,2025-09-02,Delivered,WH-EU,0,Standard
SAL-00575,ORD-00288,2,2025-02-16,2025,2025-02,C010,Golden Fields Co.,Mid-Market,Agriculture,Latin America,Singapore,P105,Storage Array,Hardware,Storage,SKU-P105-2,29,1308.05,0.2,37933.45,30346.76,USD,Marketplace,M. Garcia,774.07,7898.74,Credit Card,Paid,2025-03-02,,Shipped,WH-EU,0,Multi-year
SAL-00576,ORD-00289,1,2026-06-16,2026,2026-06,C010,Golden Fields Co.,Mid-Market,Agriculture,Latin America,Singapore,P104,Insight Pro License,Software,Licenses,SKU-P104-1,23,168.19,0,3868.37,3868.37,USD,Partner,S. Johnson,86.13,1887.3,Wire Transfer,Paid,2026-06-24,,Shipped,WH-EU,0,Annual
SAL-00577,ORD-00289,2,2023-10-21,2023,2023-10,C004,Cedar & Stone,SMB,Hospitality,Europe,Germany,P107,Support Renewal,Services,Support,SKU-P107-2,22,367.59,0,8086.98,8086.98,USD,Direct,J. Chen,263.34,2293.42,Credit Card,Paid,2023-10-29,2023-10-30,Delivered,WH-EU,0,Multi-year
SAL-00578,ORD-00290,1,2023-02-23,2023,2023-02,C001,Northstar Retail,Retail,Consumer Goods,North America,Singapore,P107,Support Renewal,Services,Support,SKU-P107-4,5,344.0,0,1720.0,1720.0,USD,Partner,M. Garcia,188.43,777.87,ACH,Paid,2023-03-01,2023-03-06,Delivered,WH-Central,0,Multi-year
SAL-00579,ORD-00290,2,2023-12-24,2023,2023-12,C004,Cedar & Stone,SMB,Hospitality,Europe,Brazil,P107,Support Renewal,Services,Support,SKU-P107-3,8,342.0,0.05,2736.0,2599.2,USD,Partner,M. Garcia,166.44,1267.72,Credit Card,Pending,2023-12-31,2024-01-01,Delivered,WH-Central,0,Standard
SAL-00580,ORD-00291,1,2023-08-29,2023,2023-08,C002,Blue Ridge Systems,Enterprise,Technology,North America,Singapore,P104,Insight Pro License,Software,Licenses,SKU-P104-1,3,197.85,0.1,593.55,534.19,USD,Partner,M. Garcia,97.74,240.98,Credit Card,Paid,2023-09-04,,Cancelled,WH-East,0,Annual
SAL-00581,ORD-00291,2,2024-12-30,2024,2024-12,C004,Cedar & Stone,SMB,Hospitality,Europe,United States,P107,Support Renewal,Services,Support,SKU-P107-3,11,319.06,0.05,3509.66,3334.18,USD,Marketplace,S. Johnson,170.12,1462.89,ACH,Paid,2025-01-12,2025-01-14,Delivered,WH-Central,0,Annual
SAL-00582,ORD-00292,1,2025-04-25,2025,2025-04,C005,Vertex Manufacturing,Enterprise,Manufacturing,Europe,Canada,P100,Analytics Platform,Software,Analytics,SKU-P100-1,8,867.61,0.05,6940.88,6593.84,USD,Online,S. Johnson,404.81,3355.39,Wire Transfer,Refunded,2025-05-06,2025-05-08,Delivered,WH-East,0,Multi-year
SAL-00583,ORD-00292,2,2025-01-05,2025,2025-01,C006,Sunrise Market,SMB,Retail,Asia Pacific,Singapore,P102,Edge Gateway,Hardware,Networking,SKU-P102-3,12,413.11,0,4957.32,4957.32,USD,Direct,J. Chen,278.55,1614.73,Net Terms,Paid,2025-01-19,2025-01-21,Delivered,WH-Central,0,Annual
SAL-00584,ORD-00293,1,2024-05-25,2024,2024-05,C002,Blue Ridge Systems,Enterprise,Technology,North America,Germany,P100,Analytics Platform,Software,Analytics,SKU-P100-4,28,1034.36,0,28962.08,28962.08,USD,Online,J. Chen,730.73,8501.75,Wire Transfer,Pending,2024-06-08,2024-06-15,Delivered,WH-East,0,Annual
SAL-00585,ORD-00293,2,2023-12-14,2023,2023-12,C003,Harbor Health Group,Enterprise,Healthcare,North America,Germany,P102,Edge Gateway,Hardware,Networking,SKU-P102-1,8,411.27,0.15,3290.16,2796.64,USD,Marketplace,S. Johnson,223.19,1011.16,Net Terms,Refunded,2023-12-18,,Shipped,WH-Central,0,Annual
SAL-00586,ORD-00294,1,2024-12-11,2024,2024-12,C007,Atlas Public Services,Public Sector,Government,North America,Brazil,P102,Edge Gateway,Hardware,Networking,SKU-P102-2,10,369.59,0.05,3695.9,3511.11,USD,Direct,A. Patel,216.52,1345.89,Wire Transfer,Paid,2024-12-16,2024-12-23,Delivered,WH-EU,0,Standard
SAL-00587,ORD-00294,2,2025-11-27,2025,2025-11,C007,Atlas Public Services,Public Sector,Government,North America,Germany,P101,Cloud Data Suite,Software,Cloud,SKU-P101-1,18,804.09,0.05,14473.62,13749.94,USD,Marketplace,R. Kim,410.21,6366.19,ACH,Paid,2025-12-04,,Shipped,WH-East,0,Annual
SAL-00588,ORD-00295,1,2025-10-05,2025,2025-10,C002,Blue Ridge Systems,Enterprise,Technology,North America,Singapore,P100,Analytics Platform,Software,Analytics,SKU-P100-4,24,910.95,0.05,21862.8,20769.66,USD,Partner,A. Patel,647.07,5239.99,ACH,Paid,2025-10-19,2025-10-24,Delivered,WH-Central,0,Multi-year
SAL-00589,ORD-00295,2,2025-10-09,2025,2025-10,C003,Harbor Health Group,Enterprise,Healthcare,North America,United States,P108,Mobile Scanner,Hardware,Devices,SKU-P108-2,30,180.11,0.15,5403.3,4592.81,USD,Online,J. Chen,93.87,1776.82,Net Terms,Paid,2025-10-24,2025-10-26,Delivered,WH-East,0,Standard
SAL-00590,ORD-00296,1,2026-07-21,2026,2026-07,C005,Vertex Manufacturing,Enterprise,Manufacturing,Europe,Brazil,P109,Forecasting Add-on,Software,Analytics,SKU-P109-3,7,293.09,0.05,2051.63,1949.05,USD,Partner,J. Chen,182.33,672.76,ACH,Paid,2026-07-29,2026-08-06,Delivered,WH-East,0,Standard
SAL-00591,ORD-00296,2,2025-02-18,2025,2025-02,C005,Vertex Manufacturing,Enterprise,Manufacturing,Europe,United States,P101,Cloud Data Suite,Software,Cloud,SKU-P101-3,19,662.3,0,12583.7,12583.7,USD,Partner,R. Kim,443.62,4154.96,Wire Transfer,Paid,2025-02-25,2025-03-04,Delivered,WH-Central,0,Annual
SAL-00592,ORD-00297,1,2025-03-26,2025,2025-03,C004,Cedar & Stone,SMB,Hospitality,Europe,Brazil,P107,Support Renewal,Services,Support,SKU-P107-1,6,333.27,0,1999.62,1999.62,USD,Partner,M. Garcia,230.37,617.38,Credit Card,Refunded,2025-03-28,,Shipped,WH-Central,0,Standard
SAL-00593,ORD-00297,2,2026-07-01,2026,2026-07,C010,Golden Fields Co.,Mid-Market,Agriculture,Latin America,Canada,P104,Insight Pro License,Software,Licenses,SKU-P104-4,24,173.02,0.1,4152.48,3737.23,USD,Online,A. Patel,80.45,1806.35,ACH,Paid,2026-07-09,2026-07-15,Delivered,WH-Central,0,Annual
SAL-00594,ORD-00298,1,2025-12-23,2025,2025-12,C010,Golden Fields Co.,Mid-Market,Agriculture,Latin America,United Kingdom,P101,Cloud Data Suite,Software,Cloud,SKU-P101-1,2,657.91,0.15,1315.82,1118.45,USD,Marketplace,M. Garcia,295.42,527.62,ACH,Paid,2025-12-30,,Cancelled,WH-West,0,Multi-year
SAL-00595,ORD-00298,2,2023-10-04,2023,2023-10,C006,Sunrise Market,SMB,Retail,Asia Pacific,United States,P100,Analytics Platform,Software,Analytics,SKU-P100-4,31,862.42,0.15,26735.02,22724.77,USD,Marketplace,J. Chen,353.95,11752.34,ACH,Pending,2023-10-15,2023-10-16,Delivered,WH-East,0,Annual
SAL-00596,ORD-00299,1,2025-06-02,2025,2025-06,C010,Golden Fields Co.,Mid-Market,Agriculture,Latin America,United Kingdom,P105,Storage Array,Hardware,Storage,SKU-P105-1,35,1280.01,0.05,44800.35,42560.33,USD,Direct,M. Garcia,680.68,18736.5,Net Terms,Paid,2025-06-15,2025-06-16,Delivered,WH-Central,0,Annual
SAL-00597,ORD-00299,2,2024-09-15,2024,2024-09,C009,Summit Logistics,Enterprise,Transportation,Asia Pacific,Brazil,P102,Edge Gateway,Hardware,Networking,SKU-P102-4,29,458.44,0,13294.76,13294.76,USD,Online,S. Johnson,237.11,6418.5,ACH,Paid,2024-09-24,2024-09-28,Delivered,WH-Central,0,Multi-year
SAL-00598,ORD-00300,1,2026-08-22,2026,2026-08,C009,Summit Logistics,Enterprise,Transportation,Asia Pacific,United States,P107,Support Renewal,Services,Support,SKU-P107-2,11,363.01,0,3993.11,3993.11,USD,Partner,S. Johnson,250.26,1240.28,Credit Card,Paid,2026-08-31,,Returned,WH-West,1,Multi-year
SAL-00599,ORD-00300,2,2026-02-06,2026,2026-02,C008,Evergreen Labs,SMB,Healthcare,Europe,Brazil,P107,Support Renewal,Services,Support,SKU-P107-3,24,318.41,0,7641.84,7641.84,USD,Online,M. Garcia,194.47,2974.52,Credit Card,Paid,2026-02-11,,Shipped,WH-Central,0,Multi-year
SAL-00600,ORD-00301,1,2025-01-27,2025,2025-01,C005,Vertex Manufacturing,Enterprise,Manufacturing,Europe,United States,P101,Cloud Data Suite,Software,Cloud,SKU-P101-1,14,659.9,0.1,9238.6,8314.74,USD,Online,A. Patel,336.61,3602.27,Net Terms,Pending,2025-01-30,,Shipped,WH-West,0,Annual
SAL-00601,ORD-00301,2,2023-02-16,2023,2023-02,C010,Golden Fields Co.,Mid-Market,Agriculture,Latin America,United States,P106,Integration Services,Services,Consulting,SKU-P106-2,23,1375.1,0.1,31627.3,28464.57,USD,Online,S. Johnson,604.04,14571.74,Net Terms,Paid,2023-03-01,2023-03-02,Delivered,WH-EU,0,Multi-year
SAL-00602,ORD-00302,1,2026-03-10,2026,2026-03,C008,Evergreen Labs,SMB,Healthcare,Europe,Brazil,P101,Cloud Data Suite,Software,Cloud,SKU-P101-3,21,654.72,0,13749.12,13749.12,USD,Direct,R. Kim,375.1,5872.06,Net Terms,Paid,2026-03-21,2026-03-26,Delivered,WH-East,0,Annual
SAL-00603,ORD-00302,2,2026-01-15,2026,2026-01,C002,Blue Ridge Systems,Enterprise,Technology,North America,Singapore,P100,Analytics Platform,Software,Analytics,SKU-P100-3,15,896.85,0.15,13452.75,11434.84,USD,Marketplace,J. Chen,497.43,3973.41,Net Terms,Pending,2026-01-17,2026-01-22,Delivered,WH-West,0,Multi-year
SAL-00604,ORD-00303,1,2025-05-07,2025,2025-05,C008,Evergreen Labs,SMB,Healthcare,Europe,Canada,P103,Secure Access Kit,Hardware,Security,SKU-P103-2,33,285.55,0.2,9423.15,7538.52,USD,Direct,A. Patel,131.66,3193.61,Net Terms,Paid,2025-05-22,2025-05-25,Delivered,WH-West,0,Multi-year
SAL-00605,ORD-00303,2,2026-02-19,2026,2026-02,C007,Atlas Public Services,Public Sector,Government,North America,United Kingdom,P102,Edge Gateway,Hardware,Networking,SKU-P102-4,17,436.62,0.1,7422.54,6680.29,USD,Marketplace,S. Johnson,192.47,3408.38,Credit Card,Pending,2026-02-26,2026-03-02,Delivered,WH-East,0,Multi-year
SAL-00606,ORD-00304,1,2024-10-16,2024,2024-10,C001,Northstar Retail,Retail,Consumer Goods,North America,Canada,P100,Analytics Platform,Software,Analytics,SKU-P100-3,26,914.17,0,23768.42,23768.42,USD,Direct,M. Garcia,486.62,11116.42,Wire Transfer,Pending,2024-11-01,2024-11-06,Delivered,WH-West,0,Multi-year
SAL-00607,ORD-00304,2,2023-08-30,2023,2023-08,C007,Atlas Public Services,Public Sector,Government,North America,United Kingdom,P104,Insight Pro License,Software,Licenses,SKU-P104-3,19,191.27,0.1,3634.13,3270.72,USD,Direct,S. Johnson,126.58,865.63,Credit Card,Paid,2023-09-08,2023-09-14,Delivered,WH-East,0,Annual
SAL-00608,ORD-00305,1,2025-12-29,2025,2025-12,C010,Golden Fields Co.,Mid-Market,Agriculture,Latin America,Canada,P108,Mobile Scanner,Hardware,Devices,SKU-P108-2,14,190.56,0.1,2667.84,2401.06,USD,Partner,A. Patel,119.44,728.84,Wire Transfer,Paid,2026-01-10,2026-01-11,Delivered,WH-East,0,Annual
SAL-00609,ORD-00305,2,2025-09-16,2025,2025-09,C007,Atlas Public Services,Public Sector,Government,North America,United Kingdom,P100,Analytics Platform,Software,Analytics,SKU-P100-4,8,982.13,0,7857.04,7857.04,USD,Direct,J. Chen,471.54,4084.71,Net Terms,Overdue,2025-09-25,,Processing,WH-West,0,Standard
SAL-00610,ORD-00306,1,2023-11-18,2023,2023-11,C006,Sunrise Market,SMB,Retail,Asia Pacific,Germany,P108,Mobile Scanner,Hardware,Devices,SKU-P108-2,4,211.43,0.1,845.72,761.15,USD,Partner,J. Chen,110.95,317.35,Credit Card,Paid,2023-11-26,2023-12-01,Delivered,WH-West,0,Multi-year
SAL-00611,ORD-00306,2,2025-06-28,2025,2025-06,C007,Atlas Public Services,Public Sector,Government,North America,United States,P105,Storage Array,Hardware,Storage,SKU-P105-4,33,1395.4,0,46048.2,46048.2,USD,Partner,A. Patel,696.4,23067.1,Net Terms,Paid,2025-07-11,,Shipped,WH-EU,0,Annual
SAL-00612,ORD-00307,1,2026-08-06,2026,2026-08,C008,Evergreen Labs,SMB,Healthcare,Europe,United States,P100,Analytics Platform,Software,Analytics,SKU-P100-4,16,1024.12,0,16385.92,16385.92,USD,Online,M. Garcia,588.37,6972.07,Net Terms,Paid,2026-08-22,2026-08-23,Delivered,WH-EU,0,Multi-year
SAL-00613,ORD-00307,2,2026-07-18,2026,2026-07,C003,Harbor Health Group,Enterprise,Healthcare,North America,Brazil,P107,Support Renewal,Services,Support,SKU-P107-1,18,387.65,0.05,6977.7,6628.81,USD,Online,A. Patel,197.37,3076.12,Credit Card,Paid,2026-07-25,2026-08-02,Delivered,WH-Central,0,Standard
SAL-00614,ORD-00308,1,2023-12-22,2023,2023-12,C005,Vertex Manufacturing,Enterprise,Manufacturing,Europe,United States,P106,Integration Services,Services,Consulting,SKU-P106-2,20,1623.77,0,32475.4,32475.4,USD,Marketplace,A. Patel,908.11,14313.24,Credit Card,Paid,2023-12-23,,Shipped,WH-EU,0,Standard
SAL-00615,ORD-00308,2,2025-08-12,2025,2025-08,C007,Atlas Public Services,Public Sector,Government,North America,Brazil,P104,Insight Pro License,Software,Licenses,SKU-P104-3,28,181.49,0.1,5081.72,4573.55,USD,Online,R. Kim,97.09,1855.16,Wire Transfer,Paid,2025-08-24,2025-08-27,Delivered,WH-West,0,Annual
SAL-00616,ORD-00309,1,2025-01-10,2025,2025-01,C007,Atlas Public Services,Public Sector,Government,North America,Canada,P105,Storage Array,Hardware,Storage,SKU-P105-1,5,1207.03,0.15,6035.15,5129.88,USD,Online,R. Kim,642.91,1915.31,Credit Card,Paid,2025-01-12,,Returned,WH-Central,1,Annual
SAL-00617,ORD-00309,2,2023-09-30,2023,2023-09,C009,Summit Logistics,Enterprise,Transportation,Asia Pacific,United Kingdom,P106,Integration Services,Services,Consulting,SKU-P106-2,34,1667.78,0.15,56704.52,48198.84,USD,Partner,A. Patel,1074.86,11653.76,Net Terms,Overdue,2023-10-08,2023-10-14,Delivered,WH-West,0,Annual
SAL-00618,ORD-00310,1,2025-08-13,2025,2025-08,C005,Vertex Manufacturing,Enterprise,Manufacturing,Europe,Canada,P100,Analytics Platform,Software,Analytics,SKU-P100-3,1,973.11,0,973.11,973.11,USD,Marketplace,S. Johnson,607.88,365.23,Net Terms,Paid,2025-08-18,2025-08-24,Delivered,WH-West,0,Standard
SAL-00619,ORD-00310,2,2025-04-23,2025,2025-04,C003,Harbor Health Group,Enterprise,Healthcare,North America,United States,P104,Insight Pro License,Software,Licenses,SKU-P104-2,35,164.19,0,5746.65,5746.65,USD,Partner,J. Chen,95.38,2408.25,ACH,Paid,2025-05-03,2025-05-11,Delivered,WH-West,0,Annual
SAL-00620,ORD-00311,1,2024-07-13,2024,2024-07,C008,Evergreen Labs,SMB,Healthcare,Europe,United Kingdom,P104,Insight Pro License,Software,Licenses,SKU-P104-4,29,195.54,0,5670.66,5670.66,USD,Direct,J. Chen,133.91,1787.24,Credit Card,Overdue,2024-07-16,2024-07-23,Delivered,WH-East,0,Standard
SAL-00621,ORD-00311,2,2023-06-05,2023,2023-06,C008,Evergreen Labs,SMB,Healthcare,Europe,Germany,P103,Secure Access Kit,Hardware,Security,SKU-P103-4,17,280.4,0.05,4766.8,4528.46,USD,Direct,M. Garcia,142.31,2109.14,ACH,Paid,2023-06-15,2023-06-16,Delivered,WH-EU,0,Annual
SAL-00622,ORD-00312,1,2025-09-16,2025,2025-09,C004,Cedar & Stone,SMB,Hospitality,Europe,Singapore,P101,Cloud Data Suite,Software,Cloud,SKU-P101-2,15,803.95,0.1,12059.25,10853.33,USD,Online,J. Chen,442.73,4212.4,ACH,Overdue,2025-09-19,2025-09-27,Delivered,WH-West,0,Standard
SAL-00623,ORD-00312,2,2025-09-01,2025,2025-09,C007,Atlas Public Services,Public Sector,Government,North America,Singapore,P103,Secure Access Kit,Hardware,Security,SKU-P103-2,25,303.77,0.1,7594.25,6834.82,USD,Marketplace,J. Chen,202.98,1760.39,ACH,Paid,2025-09-13,2025-09-21,Delivered,WH-East,0,Standard
SAL-00624,ORD-00313,1,2025-10-14,2025,2025-10,C001,Northstar Retail,Retail,Consumer Goods,North America,United Kingdom,P103,Secure Access Kit,Hardware,Security,SKU-P103-1,30,251.27,0,7538.1,7538.1,USD,Online,S. Johnson,131.63,3589.11,Net Terms,Paid,2025-10-19,2025-10-20,Delivered,WH-EU,0,Standard
SAL-00625,ORD-00313,2,2023-02-21,2023,2023-02,C003,Harbor Health Group,Enterprise,Healthcare,North America,Brazil,P102,Edge Gateway,Hardware,Networking,SKU-P102-3,31,363.67,0,11273.77,11273.77,USD,Online,M. Garcia,243.56,3723.35,Credit Card,Pending,2023-03-02,2023-03-09,Delivered,WH-West,0,Standard
SAL-00626,ORD-00314,1,2025-08-20,2025,2025-08,C006,Sunrise Market,SMB,Retail,Asia Pacific,United Kingdom,P101,Cloud Data Suite,Software,Cloud,SKU-P101-1,14,707.43,0.1,9904.02,8913.62,USD,Marketplace,S. Johnson,402.48,3278.92,Credit Card,Paid,2025-08-28,2025-08-30,Delivered,WH-West,0,Standard
SAL-00627,ORD-00314,2,2023-01-07,2023,2023-01,C007,Atlas Public Services,Public Sector,Government,North America,Germany,P100,Analytics Platform,Software,Analytics,SKU-P100-4,32,912.72,0.1,29207.04,26286.34,USD,Partner,M. Garcia,545.51,8830.06,Net Terms,Paid,2023-01-12,2023-01-13,Delivered,WH-Central,0,Annual
SAL-00628,ORD-00315,1,2026-04-01,2026,2026-04,C005,Vertex Manufacturing,Enterprise,Manufacturing,Europe,United Kingdom,P102,Edge Gateway,Hardware,Networking,SKU-P102-3,35,436.81,0,15288.35,15288.35,USD,Online,S. Johnson,234.66,7075.18,Wire Transfer,Paid,2026-04-16,2026-04-17,Delivered,WH-West,0,Standard
SAL-00629,ORD-00315,2,2025-01-06,2025,2025-01,C004,Cedar & Stone,SMB,Hospitality,Europe,United Kingdom,P101,Cloud Data Suite,Software,Cloud,SKU-P101-4,27,654.13,0,17661.51,17661.51,USD,Direct,J. Chen,327.92,8807.56,Net Terms,Paid,2025-01-22,2025-01-23,Delivered,WH-EU,0,Annual
SAL-00630,ORD-00316,1,2026-04-11,2026,2026-04,C001,Northstar Retail,Retail,Consumer Goods,North America,United States,P100,Analytics Platform,Software,Analytics,SKU-P100-3,15,1040.36,0,15605.4,15605.4,USD,Marketplace,M. Garcia,558.94,7221.25,ACH,Overdue,2026-04-16,2026-04-18,Delivered,WH-East,0,Standard
SAL-00631,ORD-00316,2,2023-10-18,2023,2023-10,C002,Blue Ridge Systems,Enterprise,Technology,North America,United Kingdom,P102,Edge Gateway,Hardware,Networking,SKU-P102-2,13,452.1,0.05,5877.3,5583.43,USD,Online,S. Johnson,291.66,1791.82,Wire Transfer,Overdue,2023-10-25,2023-10-31,Delivered,WH-East,0,Standard
SAL-00632,ORD-00317,1,2026-04-22,2026,2026-04,C001,Northstar Retail,Retail,Consumer Goods,North America,Brazil,P106,Integration Services,Services,Consulting,SKU-P106-4,24,1623.41,0.1,38961.84,35065.66,USD,Marketplace,R. Kim,889.48,13718.09,Wire Transfer,Paid,2026-05-07,2026-05-09,Delivered,WH-West,0,Annual
SAL-00633,ORD-00317,2,2025-01-22,2025,2025-01,C007,Atlas Public Services,Public Sector,Government,North America,Germany,P102,Edge Gateway,Hardware,Networking,SKU-P102-3,25,381.29,0.1,9532.25,8579.02,USD,Direct,A. Patel,230.75,2810.37,Wire Transfer,Paid,2025-01-31,2025-02-04,Delivered,WH-EU,0,Annual
SAL-00634,ORD-00318,1,2023-11-17,2023,2023-11,C010,Golden Fields Co.,Mid-Market,Agriculture,Latin America,Brazil,P108,Mobile Scanner,Hardware,Devices,SKU-P108-4,10,201.4,0.15,2014.0,1711.9,USD,Marketplace,S. Johnson,128.37,428.2,Credit Card,Paid,2023-12-01,2023-12-05,Delivered,WH-East,0,Standard
SAL-00635,ORD-00318,2,2025-11-20,2025,2025-11,C009,Summit Logistics,Enterprise,Transportation,Asia Pacific,Singapore,P104,Insight Pro License,Software,Licenses,SKU-P104-2,30,165.5,0.1,4965.0,4468.5,USD,Partner,J. Chen,110.39,1156.79,Credit Card,Paid,2025-11-28,,Processing,WH-West,0,Standard
SAL-00636,ORD-00319,1,2024-03-30,2024,2024-03,C009,Summit Logistics,Enterprise,Transportation,Asia Pacific,Brazil,P101,Cloud Data Suite,Software,Cloud,SKU-P101-3,7,677.58,0,4743.06,4743.06,USD,Online,S. Johnson,387.76,2028.72,Credit Card,Overdue,2024-04-11,2024-04-12,Delivered,WH-Central,0,Annual
SAL-00637,ORD-00319,2,2026-08-25,2026,2026-08,C004,Cedar & Stone,SMB,Hospitality,Europe,United States,P102,Edge Gateway,Hardware,Networking,SKU-P102-4,16,389.52,0.15,6232.32,5297.47,USD,Direct,A. Patel,161.91,2706.89,Net Terms,Paid,2026-08-26,2026-08-27,Delivered,WH-Central,0,Standard
SAL-00638,ORD-00320,1,2024-12-20,2024,2024-12,C002,Blue Ridge Systems,Enterprise,Technology,North America,Brazil,P100,Analytics Platform,Software,Analytics,SKU-P100-4,29,935.67,0.15,27134.43,23064.27,USD,Direct,J. Chen,584.1,6125.31,Credit Card,Paid,2025-01-02,2025-01-10,Delivered,WH-East,0,Multi-year
SAL-00639,ORD-00320,2,2026-02-07,2026,2026-02,C009,Summit Logistics,Enterprise,Transportation,Asia Pacific,Germany,P104,Insight Pro License,Software,Licenses,SKU-P104-4,26,200.88,0.05,5222.88,4961.74,USD,Partner,R. Kim,113.64,2007.19,Wire Transfer,Paid,2026-02-16,,Returned,WH-Central,18,Multi-year
SAL-00640,ORD-00321,1,2026-06-15,2026,2026-06,C009,Summit Logistics,Enterprise,Transportation,Asia Pacific,Singapore,P108,Mobile Scanner,Hardware,Devices,SKU-P108-1,10,206.16,0.05,2061.6,1958.52,USD,Partner,A. Patel,110.06,857.95,Credit Card,Paid,2026-06-29,,Cancelled,WH-East,0,Standard
SAL-00641,ORD-00321,2,2026-03-16,2026,2026-03,C010,Golden Fields Co.,Mid-Market,Agriculture,Latin America,Singapore,P106,Integration Services,Services,Consulting,SKU-P106-1,31,1333.27,0.05,41331.37,39264.8,USD,Marketplace,J. Chen,884.45,11846.86,ACH,Paid,2026-03-28,2026-03-30,Delivered,WH-EU,0,Standard
SAL-00642,ORD-00322,1,2025-03-08,2025,2025-03,C002,Blue Ridge Systems,Enterprise,Technology,North America,Germany,P102,Edge Gateway,Hardware,Networking,SKU-P102-2,25,387.83,0.1,9695.75,8726.18,USD,Direct,M. Garcia,233.47,2889.52,Credit Card,Paid,2025-03-14,2025-03-21,Delivered,WH-EU,0,Standard
SAL-00643,ORD-00322,2,2025-12-20,2025,2025-12,C008,Evergreen Labs,SMB,Healthcare,Europe,Brazil,P100,Analytics Platform,Software,Analytics,SKU-P100-1,12,900.77,0,10809.24,10809.24,USD,Direct,M. Garcia,544.67,4273.18,Wire Transfer,Paid,2025-12-31,2026-01-01,Delivered,WH-West,0,Annual
SAL-00644,ORD-00323,1,2024-08-30,2024,2024-08,C009,Summit Logistics,Enterprise,Transportation,Asia Pacific,United Kingdom,P103,Secure Access Kit,Hardware,Security,SKU-P103-2,14,252.07,0,3528.98,3528.98,USD,Direct,R. Kim,132.75,1670.46,Wire Transfer,Paid,2024-09-05,,Returned,WH-East,8,Annual
SAL-00645,ORD-00323,2,2026-05-29,2026,2026-05,C007,Atlas Public Services,Public Sector,Government,North America,United Kingdom,P106,Integration Services,Services,Consulting,SKU-P106-1,19,1471.83,0.15,27964.77,23770.05,USD,Partner,R. Kim,797.18,8623.7,Credit Card,Paid,2026-06-09,2026-06-10,Delivered,WH-East,0,Multi-year
SAL-00646,ORD-00324,1,2025-05-29,2025,2025-05,C003,Harbor Health Group,Enterprise,Healthcare,North America,Germany,P108,Mobile Scanner,Hardware,Devices,SKU-P108-2,14,217.95,0,3051.3,3051.3,USD,Direct,R. Kim,112.55,1475.57,Net Terms,Paid,2025-06-06,,Processing,WH-East,0,Standard
SAL-00647,ORD-00324,2,2024-08-17,2024,2024-08,C001,Northstar Retail,Retail,Consumer Goods,North America,Canada,P103,Secure Access Kit,Hardware,Security,SKU-P103-4,8,313.68,0,2509.44,2509.44,USD,Online,A. Patel,182.52,1049.28,Net Terms,Refunded,2024-08-31,,Shipped,WH-Central,0,Annual
SAL-00648,ORD-00325,1,2023-05-17,2023,2023-05,C001,Northstar Retail,Retail,Consumer Goods,North America,Germany,P108,Mobile Scanner,Hardware,Devices,SKU-P108-3,7,191.16,0.15,1338.12,1137.4,USD,Online,J. Chen,93.96,479.66,Credit Card,Paid,2023-05-18,2023-05-21,Delivered,WH-West,0,Annual
SAL-00649,ORD-00325,2,2023-06-08,2023,2023-06,C006,Sunrise Market,SMB,Retail,Asia Pacific,United States,P109,Forecasting Add-on,Software,Analytics,SKU-P109-2,29,353.11,0.05,10240.19,9728.18,USD,Online,A. Patel,178.13,4562.52,ACH,Paid,2023-06-10,2023-06-15,Delivered,WH-East,0,Standard
SAL-00650,ORD-00326,1,2026-07-14,2026,2026-07,C006,Sunrise Market,SMB,Retail,Asia Pacific,Canada,P103,Secure Access Kit,Hardware,Security,SKU-P103-1,34,291.57,0.1,9913.38,8922.04,USD,Direct,M. Garcia,185.37,2619.49,Wire Transfer,Paid,2026-07-24,2026-07-31,Delivered,WH-West,0,Standard
SAL-00651,ORD-00326,2,2024-01-12,2024,2024-01,C006,Sunrise Market,SMB,Retail,Asia Pacific,United States,P107,Support Renewal,Services,Support,SKU-P107-1,12,357.21,0.2,4286.52,3429.22,USD,Online,A. Patel,151.25,1614.21,ACH,Paid,2024-01-17,2024-01-21,Delivered,WH-East,0,Multi-year
SAL-00652,ORD-00327,1,2023-01-08,2023,2023-01,C010,Golden Fields Co.,Mid-Market,Agriculture,Latin America,United States,P105,Storage Array,Hardware,Storage,SKU-P105-4,11,1114.22,0.1,12256.42,11030.78,USD,Partner,R. Kim,611.46,4304.74,Net Terms,Paid,2023-01-21,2023-01-28,Delivered,WH-West,0,Annual
SAL-00653,ORD-00327,2,2023-05-05,2023,2023-05,C010,Golden Fields Co.,Mid-Market,Agriculture,Latin America,Singapore,P106,Integration Services,Services,Consulting,SKU-P106-1,23,1507.86,0,34680.78,34680.78,USD,Partner,M. Garcia,862.74,14837.67,Credit Card,Paid,2023-05-16,,Processing,WH-EU,0,Annual
SAL-00654,ORD-00328,1,2023-11-14,2023,2023-11,C007,Atlas Public Services,Public Sector,Government,North America,Germany,P102,Edge Gateway,Hardware,Networking,SKU-P102-4,5,367.75,0,1838.75,1838.75,USD,Online,M. Garcia,255.0,563.74,ACH,Paid,2023-11-20,2023-11-28,Delivered,WH-West,0,Annual
SAL-00655,ORD-00328,2,2024-12-10,2024,2024-12,C004,Cedar & Stone,SMB,Hospitality,Europe,Canada,P103,Secure Access Kit,Hardware,Security,SKU-P103-1,16,287.68,0.1,4602.88,4142.59,USD,Marketplace,S. Johnson,141.27,1882.32,ACH,Paid,2024-12-15,,Shipped,WH-West,0,Standard
SAL-00656,ORD-00329,1,2025-09-14,2025,2025-09,C004,Cedar & Stone,SMB,Hospitality,Europe,United States,P100,Analytics Platform,Software,Analytics,SKU-P100-2,4,868.65,0.1,3474.6,3127.14,USD,Marketplace,M. Garcia,393.8,1551.96,Wire Transfer,Overdue,2025-09-19,,Shipped,WH-East,0,Standard
SAL-00657,ORD-00329,2,2026-07-08,2026,2026-07,C006,Sunrise Market,SMB,Retail,Asia Pacific,Canada,P102,Edge Gateway,Hardware,Networking,SKU-P102-4,1,432.44,0.2,432.44,345.95,USD,Partner,R. Kim,178.83,167.12,Wire Transfer,Paid,2026-07-22,2026-07-27,Delivered,WH-West,0,Multi-year
SAL-00658,ORD-00330,1,2023-11-06,2023,2023-11,C009,Summit Logistics,Enterprise,Transportation,Asia Pacific,Canada,P105,Storage Array,Hardware,Storage,SKU-P105-3,34,1206.17,0,41009.78,41009.78,USD,Direct,A. Patel,691.14,17511.12,Credit Card,Paid,2023-11-15,2023-11-23,Delivered,WH-West,0,Annual
SAL-00659,ORD-00330,2,2026-05-06,2026,2026-05,C010,Golden Fields Co.,Mid-Market,Agriculture,Latin America,Canada,P108,Mobile Scanner,Hardware,Devices,SKU-P108-4,13,173.19,0,2251.47,2251.47,USD,Direct,R. Kim,110.47,815.31,Credit Card,Paid,2026-05-20,2026-05-23,Delivered,WH-EU,0,Standard
SAL-00660,ORD-00331,1,2023-01-05,2023,2023-01,C004,Cedar & Stone,SMB,Hospitality,Europe,United States,P106,Integration Services,Services,Consulting,SKU-P106-4,22,1556.68,0,34246.96,34246.96,USD,Partner,R. Kim,1097.23,10107.87,Net Terms,Paid,2023-01-20,2023-01-26,Delivered,WH-Central,0,Standard
SAL-00661,ORD-00331,2,2024-05-13,2024,2024-05,C003,Harbor Health Group,Enterprise,Healthcare,North America,United Kingdom,P104,Insight Pro License,Software,Licenses,SKU-P104-2,4,164.22,0,656.88,656.88,USD,Online,A. Patel,94.58,278.56,Credit Card,Pending,2024-05-16,2024-05-19,Delivered,WH-East,0,Annual
SAL-00662,ORD-00332,1,2023-10-19,2023,2023-10,C009,Summit Logistics,Enterprise,Transportation,Asia Pacific,United States,P106,Integration Services,Services,Consulting,SKU-P106-4,27,1578.03,0,42606.81,42606.81,USD,Online,S. Johnson,904.46,18186.45,Net Terms,Paid,2023-10-24,2023-10-26,Delivered,WH-West,0,Multi-year
SAL-00663,ORD-00332,2,2024-02-27,2024,2024-02,C010,Golden Fields Co.,Mid-Market,Agriculture,Latin America,Germany,P108,Mobile Scanner,Hardware,Devices,SKU-P108-3,18,198.0,0.1,3564.0,3207.6,USD,Marketplace,S. Johnson,102.62,1360.49,Wire Transfer,Paid,2024-03-09,2024-03-13,Delivered,WH-Central,0,Multi-year
SAL-00664,ORD-00333,1,2026-09-11,2026,2026-09,C010,Golden Fields Co.,Mid-Market,Agriculture,Latin America,United States,P105,Storage Array,Hardware,Storage,SKU-P105-2,5,1364.59,0,6822.95,6822.95,USD,Direct,J. Chen,681.46,3415.64,Credit Card,Pending,2026-09-20,2026-09-27,Delivered,WH-East,0,Annual
SAL-00665,ORD-00333,2,2023-11-27,2023,2023-11,C001,Northstar Retail,Retail,Consumer Goods,North America,United States,P100,Analytics Platform,Software,Analytics,SKU-P100-3,4,871.9,0.15,3487.6,2964.46,USD,Partner,R. Kim,554.85,745.08,Wire Transfer,Paid,2023-12-01,,Shipped,WH-West,0,Annual
SAL-00666,ORD-00334,1,2026-05-15,2026,2026-05,C002,Blue Ridge Systems,Enterprise,Technology,North America,Germany,P107,Support Renewal,Services,Support,SKU-P107-3,5,343.32,0,1716.6,1716.6,USD,Direct,A. Patel,195.35,739.84,Net Terms,Paid,2026-05-19,2026-05-24,Delivered,WH-Central,0,Multi-year
SAL-00667,ORD-00334,2,2025-11-25,2025,2025-11,C008,Evergreen Labs,SMB,Healthcare,Europe,United Kingdom,P105,Storage Array,Hardware,Storage,SKU-P105-2,1,1103.61,0.05,1103.61,1048.43,USD,Direct,A. Patel,702.22,346.21,Credit Card,Paid,2025-11-29,2025-11-30,Delivered,WH-EU,0,Standard
SAL-00668,ORD-00335,1,2023-01-07,2023,2023-01,C009,Summit Logistics,Enterprise,Transportation,Asia Pacific,Germany,P106,Integration Services,Services,Consulting,SKU-P106-3,2,1476.93,0.1,2953.86,2658.47,USD,Online,J. Chen,703.88,1250.71,ACH,Paid,2023-01-10,,Shipped,WH-EU,0,Annual
SAL-00669,ORD-00335,2,2026-06-30,2026,2026-06,C004,Cedar & Stone,SMB,Hospitality,Europe,Brazil,P102,Edge Gateway,Hardware,Networking,SKU-P102-3,18,440.43,0.1,7927.74,7134.97,USD,Direct,R. Kim,268.51,2301.83,Net Terms,Paid,2026-07-03,,Shipped,WH-Central,0,Annual
SAL-00670,ORD-00336,1,2025-05-05,2025,2025-05,C002,Blue Ridge Systems,Enterprise,Technology,North America,Brazil,P104,Insight Pro License,Software,Licenses,SKU-P104-1,29,186.11,0.15,5397.19,4587.61,USD,Direct,S. Johnson,97.93,1747.63,Net Terms,Paid,2025-05-18,2025-05-22,Delivered,WH-East,0,Multi-year
SAL-00671,ORD-00336,2,2025-07-16,2025,2025-07,C002,Blue Ridge Systems,Enterprise,Technology,North America,Brazil,P102,Edge Gateway,Hardware,Networking,SKU-P102-4,25,367.9,0,9197.5,9197.5,USD,Online,S. Johnson,267.19,2517.71,Credit Card,Pending,2025-07-25,2025-07-30,Delivered,WH-East,0,Annual
SAL-00672,ORD-00337,1,2026-06-16,2026,2026-06,C008,Evergreen Labs,SMB,Healthcare,Europe,Canada,P105,Storage Array,Hardware,Storage,SKU-P105-1,22,1284.6,0.1,28261.2,25435.08,USD,Marketplace,J. Chen,756.89,8783.52,ACH,Pending,2026-07-01,2026-07-02,Delivered,WH-East,0,Multi-year
SAL-00673,ORD-00337,2,2025-01-01,2025,2025-01,C009,Summit Logistics,Enterprise,Transportation,Asia Pacific,United States,P105,Storage Array,Hardware,Storage,SKU-P105-1,20,1159.06,0,23181.2,23181.2,USD,Direct,A. Patel,606.62,11048.82,ACH,Paid,2025-01-15,2025-01-22,Delivered,WH-West,0,Multi-year
SAL-00674,ORD-00338,1,2024-11-27,2024,2024-11,C009,Summit Logistics,Enterprise,Transportation,Asia Pacific,United States,P104,Insight Pro License,Software,Licenses,SKU-P104-1,7,171.61,0.1,1201.27,1081.14,USD,Partner,M. Garcia,81.53,510.42,Wire Transfer,Paid,2024-12-01,2024-12-06,Delivered,WH-Central,0,Standard
SAL-00675,ORD-00338,2,2024-05-14,2024,2024-05,C006,Sunrise Market,SMB,Retail,Asia Pacific,United States,P107,Support Renewal,Services,Support,SKU-P107-1,16,340.59,0.15,5449.44,4632.02,USD,Direct,R. Kim,186.45,1648.76,Wire Transfer,Paid,2024-05-30,,Processing,WH-West,0,Multi-year
SAL-00676,ORD-00339,1,2024-02-06,2024,2024-02,C004,Cedar & Stone,SMB,Hospitality,Europe,United Kingdom,P106,Integration Services,Services,Consulting,SKU-P106-4,11,1553.25,0.1,17085.75,15377.18,USD,Partner,R. Kim,763.97,6973.51,Credit Card,Paid,2024-02-09,2024-02-13,Delivered,WH-East,0,Multi-year
SAL-00677,ORD-00339,2,2025-05-27,2025,2025-05,C003,Harbor Health Group,Enterprise,Healthcare,North America,Singapore,P107,Support Renewal,Services,Support,SKU-P107-4,33,323.78,0,10684.74,10684.74,USD,Direct,R. Kim,165.24,5231.88,Credit Card,Pending,2025-06-03,2025-06-05,Delivered,WH-West,0,Annual
SAL-00678,ORD-00340,1,2026-01-25,2026,2026-01,C007,Atlas Public Services,Public Sector,Government,North America,Brazil,P107,Support Renewal,Services,Support,SKU-P107-2,34,363.08,0.1,12344.72,11110.25,USD,Marketplace,A. Patel,166.24,5457.95,Net Terms,Paid,2026-02-10,2026-02-18,Delivered,WH-Central,0,Multi-year
SAL-00679,ORD-00340,2,2023-11-10,2023,2023-11,C003,Harbor Health Group,Enterprise,Healthcare,North America,United States,P102,Edge Gateway,Hardware,Networking,SKU-P102-3,12,395.18,0,4742.16,4742.16,USD,Direct,S. Johnson,215.65,2154.38,Wire Transfer,Paid,2023-11-14,,Shipped,WH-Central,0,Annual
SAL-00680,ORD-00341,1,2024-09-23,2024,2024-09,C003,Harbor Health Group,Enterprise,Healthcare,North America,Canada,P100,Analytics Platform,Software,Analytics,SKU-P100-2,5,998.34,0.1,4991.7,4492.53,USD,Direct,R. Kim,634.06,1322.23,ACH,Paid,2024-09-29,2024-10-03,Delivered,WH-Central,0,Standard
SAL-00681,ORD-00341,2,2026-01-15,2026,2026-01,C005,Vertex Manufacturing,Enterprise,Manufacturing,Europe,Canada,P102,Edge Gateway,Hardware,Networking,SKU-P102-3,31,430.61,0.15,13348.91,11346.57,USD,Direct,S. Johnson,235.78,4037.49,Credit Card,Paid,2026-01-27,2026-02-04,Delivered,WH-West,0,Multi-year
SAL-00682,ORD-00342,1,2025-04-16,2025,2025-04,C006,Sunrise Market,SMB,Retail,Asia Pacific,Canada,P100,Analytics Platform,Software,Analytics,SKU-P100-4,15,1011.93,0,15178.95,15178.95,USD,Marketplace,J. Chen,706.51,4581.29,Credit Card,Paid,2025-04-21,2025-04-22,Delivered,WH-East,0,Annual
SAL-00683,ORD-00342,2,2023-04-12,2023,2023-04,C010,Golden Fields Co.,Mid-Market,Agriculture,Latin America,United States,P100,Analytics Platform,Software,Analytics,SKU-P100-1,22,922.27,0.1,20289.94,18260.95,USD,Online,A. Patel,482.39,7648.44,Credit Card,Paid,2023-04-23,,Shipped,WH-Central,0,Multi-year
SAL-00684,ORD-00343,1,2025-07-12,2025,2025-07,C008,Evergreen Labs,SMB,Healthcare,Europe,Germany,P108,Mobile Scanner,Hardware,Devices,SKU-P108-4,22,183.22,0.05,4030.84,3829.3,USD,Online,J. Chen,119.05,1210.16,Credit Card,Paid,2025-07-23,2025-07-26,Delivered,WH-West,0,Annual
SAL-00685,ORD-00343,2,2023-06-07,2023,2023-06,C007,Atlas Public Services,Public Sector,Government,North America,United States,P103,Secure Access Kit,Hardware,Security,SKU-P103-4,28,299.07,0.15,8373.96,7117.87,USD,Online,S. Johnson,155.38,2767.2,Wire Transfer,Paid,2023-06-08,2023-06-16,Delivered,WH-West,0,Standard
SAL-00686,ORD-00344,1,2025-09-10,2025,2025-09,C002,Blue Ridge Systems,Enterprise,Technology,North America,United States,P109,Forecasting Add-on,Software,Analytics,SKU-P109-3,33,348.17,0,11489.61,11489.61,USD,Marketplace,J. Chen,181.14,5512.12,Net Terms,Paid,2025-09-11,,Cancelled,WH-East,0,Multi-year
SAL-00687,ORD-00344,2,2023-06-11,2023,2023-06,C002,Blue Ridge Systems,Enterprise,Technology,North America,Brazil,P109,Forecasting Add-on,Software,Analytics,SKU-P109-4,9,308.59,0.2,2777.31,2221.85,USD,Direct,A. Patel,172.24,671.68,Wire Transfer,Paid,2023-06-27,2023-07-05,Delivered,WH-Central,0,Standard
SAL-00688,ORD-00345,1,2026-06-25,2026,2026-06,C005,Vertex Manufacturing,Enterprise,Manufacturing,Europe,Brazil,P104,Insight Pro License,Software,Licenses,SKU-P104-4,34,189.27,0,6435.18,6435.18,USD,Partner,R. Kim,102.98,2933.76,Wire Transfer,Refunded,2026-07-05,2026-07-11,Delivered,WH-Central,0,Standard
SAL-00689,ORD-00345,2,2024-12-13,2024,2024-12,C008,Evergreen Labs,SMB,Healthcare,Europe,Germany,P105,Storage Array,Hardware,Storage,SKU-P105-2,6,1191.45,0.05,7148.7,6791.26,USD,Partner,A. Patel,697.99,2603.3,Credit Card,Paid,2024-12-19,2024-12-26,Delivered,WH-Central,0,Standard
SAL-00690,ORD-00346,1,2023-03-20,2023,2023-03,C010,Golden Fields Co.,Mid-Market,Agriculture,Latin America,Canada,P101,Cloud Data Suite,Software,Cloud,SKU-P101-3,23,749.73,0.05,17243.79,16381.6,USD,Online,J. Chen,476.37,5425.03,Net Terms,Paid,2023-03-30,2023-04-02,Delivered,WH-Central,0,Standard
SAL-00691,ORD-00346,2,2023-07-14,2023,2023-07,C008,Evergreen Labs,SMB,Healthcare,Europe,United Kingdom,P106,Integration Services,Services,Consulting,SKU-P106-4,16,1323.41,0,21174.56,21174.56,USD,Marketplace,R. Kim,906.91,6663.94,ACH,Paid,2023-07-17,,Shipped,WH-West,0,Annual
SAL-00692,ORD-00347,1,2023-09-01,2023,2023-09,C007,Atlas Public Services,Public Sector,Government,North America,Canada,P104,Insight Pro License,Software,Licenses,SKU-P104-1,21,172.3,0.1,3618.3,3256.47,USD,Online,J. Chen,116.35,813.19,ACH,Paid,2023-09-12,,Processing,WH-EU,0,Standard
SAL-00693,ORD-00347,2,2025-08-07,2025,2025-08,C006,Sunrise Market,SMB,Retail,Asia Pacific,Singapore,P105,Storage Array,Hardware,Storage,SKU-P105-2,11,1219.5,0.1,13414.5,12073.05,USD,Partner,A. Patel,774.85,3549.65,Credit Card,Paid,2025-08-18,2025-08-21,Delivered,WH-East,0,Annual
SAL-00694,ORD-00348,1,2025-08-24,2025,2025-08,C008,Evergreen Labs,SMB,Healthcare,Europe,Canada,P104,Insight Pro License,Software,Licenses,SKU-P104-2,12,191.89,0,2302.68,2302.68,USD,Direct,J. Chen,120.85,852.48,ACH,Overdue,2025-09-09,2025-09-15,Delivered,WH-EU,0,Annual
SAL-00695,ORD-00348,2,2025-06-08,2025,2025-06,C003,Harbor Health Group,Enterprise,Healthcare,North America,Germany,P102,Edge Gateway,Hardware,Networking,SKU-P102-3,35,417.17,0.1,14600.95,13140.86,USD,Online,R. Kim,219.98,5441.67,ACH,Refunded,2025-06-16,2025-06-17,Delivered,WH-Central,0,Annual
SAL-00696,ORD-00349,1,2025-01-21,2025,2025-01,C003,Harbor Health Group,Enterprise,Healthcare,North America,Germany,P107,Support Renewal,Services,Support,SKU-P107-3,27,323.46,0,8733.42,8733.42,USD,Direct,J. Chen,165.1,4275.69,Net Terms,Overdue,2025-02-03,,Cancelled,WH-East,0,Standard
SAL-00697,ORD-00349,2,2024-11-30,2024,2024-11,C009,Summit Logistics,Enterprise,Transportation,Asia Pacific,Brazil,P100,Analytics Platform,Software,Analytics,SKU-P100-3,12,1042.51,0,12510.12,12510.12,USD,Direct,S. Johnson,666.06,4517.42,ACH,Pending,2024-12-07,2024-12-15,Delivered,WH-Central,0,Standard
SAL-00698,ORD-00350,1,2024-10-22,2024,2024-10,C001,Northstar Retail,Retail,Consumer Goods,North America,Brazil,P107,Support Renewal,Services,Support,SKU-P107-1,32,342.83,0,10970.56,10970.56,USD,Online,A. Patel,232.89,3518.1,Net Terms,Overdue,2024-10-28,,Shipped,WH-EU,0,Multi-year
SAL-00699,ORD-00350,2,2023-10-22,2023,2023-10,C005,Vertex Manufacturing,Enterprise,Manufacturing,Europe,Brazil,P103,Secure Access Kit,Hardware,Security,SKU-P103-1,19,250.84,0.05,4765.96,4527.66,USD,Direct,S. Johnson,174.3,1215.88,Credit Card,Paid,2023-11-07,2023-11-11,Delivered,WH-East,0,Standard
SAL-00700,ORD-00351,1,2024-04-11,2024,2024-04,C003,Harbor Health Group,Enterprise,Healthcare,North America,Singapore,P103,Secure Access Kit,Hardware,Security,SKU-P103-1,10,292.7,0.1,2927.0,2634.3,USD,Online,A. Patel,168.96,944.7,Credit Card,Pending,2024-04-22,2024-04-23,Delivered,WH-Central,0,Multi-year
SAL-00701,ORD-00351,2,2024-05-08,2024,2024-05,C009,Summit Logistics,Enterprise,Transportation,Asia Pacific,United States,P103,Secure Access Kit,Hardware,Security,SKU-P103-2,32,306.87,0.15,9819.84,8346.86,USD,Partner,S. Johnson,179.71,2596.03,ACH,Pending,2024-05-10,2024-05-17,Delivered,WH-West,0,Standard
SAL-00702,ORD-00352,1,2024-05-31,2024,2024-05,C006,Sunrise Market,SMB,Retail,Asia Pacific,Brazil,P101,Cloud Data Suite,Software,Cloud,SKU-P101-4,15,732.68,0.2,10990.2,8792.16,USD,Marketplace,S. Johnson,301.81,4265.06,Net Terms,Pending,2024-06-12,2024-06-20,Delivered,WH-Central,0,Annual
SAL-00703,ORD-00352,2,2026-08-25,2026,2026-08,C010,Golden Fields Co.,Mid-Market,Agriculture,Latin America,United Kingdom,P102,Edge Gateway,Hardware,Networking,SKU-P102-3,8,443.19,0.05,3545.52,3368.24,USD,Partner,J. Chen,279.29,1133.94,Net Terms,Pending,2026-08-28,,Cancelled,WH-West,0,Annual
SAL-00704,ORD-00353,1,2023-02-24,2023,2023-02,C006,Sunrise Market,SMB,Retail,Asia Pacific,Singapore,P108,Mobile Scanner,Hardware,Devices,SKU-P108-3,3,177.89,0.1,533.67,480.3,USD,Direct,A. Patel,100.16,179.81,Credit Card,Refunded,2023-03-11,2023-03-18,Delivered,WH-Central,0,Standard
SAL-00705,ORD-00353,2,2025-08-20,2025,2025-08,C001,Northstar Retail,Retail,Consumer Goods,North America,Brazil,P105,Storage Array,Hardware,Storage,SKU-P105-2,24,1247.67,0,29944.08,29944.08,USD,Online,M. Garcia,840.02,9783.71,Credit Card,Overdue,2025-08-22,2025-08-23,Delivered,WH-EU,0,Annual
SAL-00706,ORD-00354,1,2026-09-11,2026,2026-09,C010,Golden Fields Co.,Mid-Market,Agriculture,Latin America,Germany,P103,Secure Access Kit,Hardware,Security,SKU-P103-1,17,318.93,0,5421.81,5421.81,USD,Direct,S. Johnson,200.43,2014.48,Credit Card,Paid,2026-09-22,2026-09-27,Delivered,WH-Central,0,Annual
SAL-00707,ORD-00354,2,2025-05-14,2025,2025-05,C004,Cedar & Stone,SMB,Hospitality,Europe,Singapore,P106,Integration Services,Services,Consulting,SKU-P106-4,21,1326.14,0.15,27848.94,23671.6,USD,Partner,M. Garcia,833.47,6168.77,Net Terms,Pending,2025-05-30,2025-06-02,Delivered,WH-Central,0,Annual
SAL-00708,ORD-00355,1,2024-01-29,2024,2024-01,C001,Northstar Retail,Retail,Consumer Goods,North America,Germany,P108,Mobile Scanner,Hardware,Devices,SKU-P108-1,1,191.59,0,191.59,191.59,USD,Marketplace,M. Garcia,100.64,90.95,ACH,Paid,2024-02-04,,Shipped,WH-West,0,Standard
SAL-00709,ORD-00355,2,2026-07-04,2026,2026-07,C004,Cedar & Stone,SMB,Hospitality,Europe,Canada,P105,Storage Array,Hardware,Storage,SKU-P105-2,25,1382.22,0.1,34555.5,31099.95,USD,Online,M. Garcia,738.07,12648.28,Credit Card,Paid,2026-07-19,2026-07-22,Delivered,WH-West,0,Annual
SAL-00710,ORD-00356,1,2026-08-13,2026,2026-08,C003,Harbor Health Group,Enterprise,Healthcare,North America,Canada,P108,Mobile Scanner,Hardware,Devices,SKU-P108-3,2,207.62,0.15,415.24,352.95,USD,Marketplace,J. Chen,119.2,114.54,ACH,Paid,2026-08-27,,Shipped,WH-East,0,Annual
SAL-00711,ORD-00356,2,2024-05-25,2024,2024-05,C005,Vertex Manufacturing,Enterprise,Manufacturing,Europe,United Kingdom,P105,Storage Array,Hardware,Storage,SKU-P105-4,24,1210.53,0.15,29052.72,24694.81,USD,Partner,A. Patel,518.0,12262.79,Net Terms,Paid,2024-06-04,2024-06-10,Delivered,WH-EU,0,Multi-year
SAL-00712,ORD-00357,1,2024-10-14,2024,2024-10,C004,Cedar & Stone,SMB,Hospitality,Europe,United Kingdom,P108,Mobile Scanner,Hardware,Devices,SKU-P108-2,3,202.06,0,606.18,606.18,USD,Partner,R. Kim,136.76,195.91,Wire Transfer,Paid,2024-10-22,2024-10-27,Delivered,WH-East,0,Annual
SAL-00713,ORD-00357,2,2026-08-26,2026,2026-08,C006,Sunrise Market,SMB,Retail,Asia Pacific,United States,P103,Secure Access Kit,Hardware,Security,SKU-P103-1,4,253.94,0,1015.76,1015.76,USD,Marketplace,R. Kim,142.55,445.56,ACH,Paid,2026-09-06,2026-09-08,Delivered,WH-Central,0,Annual
SAL-00714,ORD-00358,1,2026-07-07,2026,2026-07,C007,Atlas Public Services,Public Sector,Government,North America,United Kingdom,P103,Secure Access Kit,Hardware,Security,SKU-P103-1,17,311.87,0.1,5301.79,4771.61,USD,Online,R. Kim,142.89,2342.43,Wire Transfer,Refunded,2026-07-20,2026-07-23,Delivered,WH-Central,0,Standard
SAL-00715,ORD-00358,2,2026-02-02,2026,2026-02,C001,Northstar Retail,Retail,Consumer Goods,North America,Germany,P107,Support Renewal,Services,Support,SKU-P107-2,19,350.47,0.1,6658.93,5993.04,USD,Partner,J. Chen,239.46,1443.28,Net Terms,Paid,2026-02-11,2026-02-18,Delivered,WH-Central,0,Multi-year
SAL-00716,ORD-00359,1,2026-01-22,2026,2026-01,C008,Evergreen Labs,SMB,Healthcare,Europe,Germany,P109,Forecasting Add-on,Software,Analytics,SKU-P109-2,24,357.02,0,8568.48,8568.48,USD,Partner,R. Kim,172.92,4418.29,Credit Card,Overdue,2026-02-01,2026-02-07,Delivered,WH-West,0,Standard
SAL-00717,ORD-00359,2,2025-06-24,2025,2025-06,C009,Summit Logistics,Enterprise,Transportation,Asia Pacific,Canada,P100,Analytics Platform,Software,Analytics,SKU-P100-2,27,915.62,0.1,24721.74,22249.57,USD,Direct,J. Chen,562.49,7062.28,ACH,Paid,2025-06-27,2025-07-02,Delivered,WH-Central,0,Standard
SAL-00718,ORD-00360,1,2025-03-16,2025,2025-03,C010,Golden Fields Co.,Mid-Market,Agriculture,Latin America,Brazil,P101,Cloud Data Suite,Software,Cloud,SKU-P101-4,5,753.45,0.1,3767.25,3390.53,USD,Partner,S. Johnson,442.09,1180.1,Credit Card,Pending,2025-03-29,2025-03-30,Delivered,WH-West,0,Standard
SAL-00719,ORD-00360,2,2023-02-06,2023,2023-02,C007,Atlas Public Services,Public Sector,Government,North America,United Kingdom,P105,Storage Array,Hardware,Storage,SKU-P105-2,11,1262.6,0,13888.6,13888.6,USD,Partner,J. Chen,647.04,6771.15,Wire Transfer,Paid,2023-02-09,2023-02-15,Delivered,WH-Central,0,Multi-year
SAL-00720,ORD-00361,1,2024-01-20,2024,2024-01,C007,Atlas Public Services,Public Sector,Government,North America,Singapore,P106,Integration Services,Services,Consulting,SKU-P106-2,13,1482.3,0.15,19269.9,16379.42,USD,Direct,R. Kim,949.24,4039.3,Credit Card,Overdue,2024-02-04,2024-02-11,Delivered,WH-EU,0,Standard
SAL-00721,ORD-00361,2,2025-07-09,2025,2025-07,C009,Summit Logistics,Enterprise,Transportation,Asia Pacific,United States,P105,Storage Array,Hardware,Storage,SKU-P105-3,7,1149.92,0.1,8049.44,7244.5,USD,Partner,J. Chen,755.82,1953.79,Credit Card,Overdue,2025-07-11,2025-07-18,Delivered,WH-Central,0,Standard
SAL-00722,ORD-00362,1,2023-07-01,2023,2023-07,C009,Summit Logistics,Enterprise,Transportation,Asia Pacific,United States,P105,Storage Array,Hardware,Storage,SKU-P105-1,26,1380.87,0.1,35902.62,32312.36,USD,Marketplace,R. Kim,810.65,11235.39,ACH,Paid,2023-07-17,2023-07-23,Delivered,WH-East,0,Annual
SAL-00723,ORD-00362,2,2025-07-07,2025,2025-07,C004,Cedar & Stone,SMB,Hospitality,Europe,Canada,P105,Storage Array,Hardware,Storage,SKU-P105-1,16,1248.56,0.15,19976.96,16980.42,USD,Direct,J. Chen,583.91,7637.87,ACH,Overdue,2025-07-21,2025-07-25,Delivered,WH-West,0,Standard
SAL-00724,ORD-00363,1,2024-03-12,2024,2024-03,C006,Sunrise Market,SMB,Retail,Asia Pacific,Brazil,P106,Integration Services,Services,Consulting,SKU-P106-4,28,1580.48,0.1,44253.44,39828.1,USD,Online,A. Patel,890.65,14889.88,ACH,Paid,2024-03-23,2024-03-28,Delivered,WH-Central,0,Multi-year
SAL-00725,ORD-00363,2,2024-11-14,2024,2024-11,C007,Atlas Public Services,Public Sector,Government,North America,United Kingdom,P106,Integration Services,Services,Consulting,SKU-P106-1,31,1679.36,0,52060.16,52060.16,USD,Online,A. Patel,1011.02,20718.6,ACH,Paid,2024-11-20,,Processing,WH-East,0,Standard
SAL-00726,ORD-00364,1,2025-06-12,2025,2025-06,C002,Blue Ridge Systems,Enterprise,Technology,North America,United Kingdom,P101,Cloud Data Suite,Software,Cloud,SKU-P101-1,29,734.8,0.1,21309.2,19178.28,USD,Marketplace,A. Patel,329.61,9619.72,ACH,Paid,2025-06-27,2025-07-01,Delivered,WH-East,0,Annual
SAL-00727,ORD-00364,2,2023-06-08,2023,2023-06,C005,Vertex Manufacturing,Enterprise,Manufacturing,Europe,Germany,P107,Support Renewal,Services,Support,SKU-P107-1,11,338.18,0.05,3719.98,3533.98,USD,Direct,S. Johnson,198.03,1355.69,Wire Transfer,Paid,2023-06-10,,Returned,WH-West,11,Multi-year
SAL-00728,ORD-00365,1,2026-05-24,2026,2026-05,C010,Golden Fields Co.,Mid-Market,Agriculture,Latin America,United States,P102,Edge Gateway,Hardware,Networking,SKU-P102-4,14,455.02,0.1,6370.28,5733.25,USD,Direct,J. Chen,282.02,1784.96,Wire Transfer,Paid,2026-06-05,2026-06-13,Delivered,WH-East,0,Annual
SAL-00729,ORD-00365,2,2025-08-26,2025,2025-08,C006,Sunrise Market,SMB,Retail,Asia Pacific,Canada,P106,Integration Services,Services,Consulting,SKU-P106-1,13,1345.09,0.1,17486.17,15737.55,USD,Partner,M. Garcia,616.55,7722.43,Net Terms,Paid,2025-09-06,2025-09-14,Delivered,WH-EU,0,Multi-year
SAL-00730,ORD-00366,1,2024-08-24,2024,2024-08,C006,Sunrise Market,SMB,Retail,Asia Pacific,Canada,P106,Integration Services,Services,Consulting,SKU-P106-3,35,1659.14,0,58069.9,58069.9,USD,Online,R. Kim,1106.23,19351.85,Wire Transfer,Paid,2024-09-07,2024-09-10,Delivered,WH-West,0,Annual
SAL-00731,ORD-00366,2,2025-12-30,2025,2025-12,C010,Golden Fields Co.,Mid-Market,Agriculture,Latin America,Germany,P103,Secure Access Kit,Hardware,Security,SKU-P103-1,13,309.11,0.15,4018.43,3415.67,USD,Marketplace,R. Kim,171.33,1188.33,Wire Transfer,Pending,2026-01-14,2026-01-22,Delivered,WH-West,0,Multi-year
SAL-00732,ORD-00367,1,2026-02-27,2026,2026-02,C002,Blue Ridge Systems,Enterprise,Technology,North America,United States,P106,Integration Services,Services,Consulting,SKU-P106-3,31,1369.34,0.1,42449.54,38204.59,USD,Partner,A. Patel,673.8,17316.78,Net Terms,Pending,2026-03-11,2026-03-16,Delivered,WH-Central,0,Multi-year
SAL-00733,ORD-00367,2,2023-05-14,2023,2023-05,C001,Northstar Retail,Retail,Consumer Goods,North America,United Kingdom,P102,Edge Gateway,Hardware,Networking,SKU-P102-3,4,382.61,0.1,1530.44,1377.4,USD,Direct,J. Chen,186.78,630.28,Net Terms,Paid,2023-05-28,2023-05-30,Delivered,WH-EU,0,Multi-year
SAL-00734,ORD-00368,1,2023-08-04,2023,2023-08,C006,Sunrise Market,SMB,Retail,Asia Pacific,United Kingdom,P104,Insight Pro License,Software,Licenses,SKU-P104-1,24,176.62,0,4238.88,4238.88,USD,Partner,M. Garcia,127.72,1173.55,Wire Transfer,Refunded,2023-08-15,2023-08-18,Delivered,WH-Central,0,Standard
SAL-00735,ORD-00368,2,2023-08-25,2023,2023-08,C005,Vertex Manufacturing,Enterprise,Manufacturing,Europe,Singapore,P105,Storage Array,Hardware,Storage,SKU-P105-4,2,1117.82,0.05,2235.64,2123.86,USD,Online,J. Chen,522.78,1078.29,Credit Card,Paid,2023-09-04,2023-09-10,Delivered,WH-EU,0,Annual
SAL-00736,ORD-00369,1,2025-11-30,2025,2025-11,C002,Blue Ridge Systems,Enterprise,Technology,North America,Singapore,P100,Analytics Platform,Software,Analytics,SKU-P100-2,2,876.52,0.1,1753.04,1577.74,USD,Online,A. Patel,412.89,751.96,ACH,Paid,2025-12-04,2025-12-05,Delivered,WH-Central,0,Annual
SAL-00737,ORD-00369,2,2023-07-02,2023,2023-07,C010,Golden Fields Co.,Mid-Market,Agriculture,Latin America,Brazil,P100,Analytics Platform,Software,Analytics,SKU-P100-1,2,847.44,0.05,1694.88,1610.14,USD,Direct,J. Chen,561.12,487.91,Net Terms,Pending,2023-07-06,2023-07-09,Delivered,WH-EU,0,Standard
SAL-00738,ORD-00370,1,2023-08-28,2023,2023-08,C005,Vertex Manufacturing,Enterprise,Manufacturing,Europe,United Kingdom,P102,Edge Gateway,Hardware,Networking,SKU-P102-2,2,456.5,0.1,913.0,821.7,USD,Online,M. Garcia,261.57,298.55,ACH,Paid,2023-09-07,2023-09-11,Delivered,WH-East,0,Multi-year
SAL-00739,ORD-00370,2,2026-05-15,2026,2026-05,C003,Harbor Health Group,Enterprise,Healthcare,North America,Germany,P101,Cloud Data Suite,Software,Cloud,SKU-P101-4,12,660.75,0,7929.0,7929.0,USD,Marketplace,M. Garcia,444.04,2600.58,Net Terms,Pending,2026-05-30,,Processing,WH-Central,0,Multi-year
SAL-00740,ORD-00371,1,2026-04-01,2026,2026-04,C003,Harbor Health Group,Enterprise,Healthcare,North America,Brazil,P107,Support Renewal,Services,Support,SKU-P107-4,19,317.67,0.1,6035.73,5432.16,USD,Online,A. Patel,213.56,1374.43,Wire Transfer,Pending,2026-04-09,,Returned,WH-East,8,Annual
SAL-00741,ORD-00371,2,2023-06-20,2023,2023-06,C004,Cedar & Stone,SMB,Hospitality,Europe,Brazil,P100,Analytics Platform,Software,Analytics,SKU-P100-2,35,846.96,0.15,29643.6,25197.06,USD,Online,M. Garcia,507.04,7450.63,Net Terms,Pending,2023-06-27,2023-07-01,Delivered,WH-West,0,Standard
SAL-00742,ORD-00372,1,2025-04-03,2025,2025-04,C005,Vertex Manufacturing,Enterprise,Manufacturing,Europe,United States,P103,Secure Access Kit,Hardware,Security,SKU-P103-2,31,307.28,0,9525.68,9525.68,USD,Marketplace,M. Garcia,199.63,3337.25,Net Terms,Paid,2025-04-04,2025-04-08,Delivered,WH-EU,0,Multi-year
SAL-00743,ORD-00372,2,2026-07-10,2026,2026-07,C009,Summit Logistics,Enterprise,Transportation,Asia Pacific,United Kingdom,P101,Cloud Data Suite,Software,Cloud,SKU-P101-2,17,638.42,0,10853.14,10853.14,USD,Online,M. Garcia,347.39,4947.54,ACH,Paid,2026-07-25,2026-08-02,Delivered,WH-EU,0,Multi-year
SAL-00744,ORD-00373,1,2024-06-20,2024,2024-06,C010,Golden Fields Co.,Mid-Market,Agriculture,Latin America,United Kingdom,P106,Integration Services,Services,Consulting,SKU-P106-2,3,1598.48,0,4795.44,4795.44,USD,Online,J. Chen,1130.07,1405.24,Net Terms,Pending,2024-07-05,2024-07-11,Delivered,WH-EU,0,Annual
SAL-00745,ORD-00373,2,2023-10-06,2023,2023-10,C002,Blue Ridge Systems,Enterprise,Technology,North America,United Kingdom,P103,Secure Access Kit,Hardware,Security,SKU-P103-1,15,308.14,0.15,4622.1,3928.79,USD,Direct,M. Garcia,138.17,1856.27,Wire Transfer,Pending,2023-10-14,2023-10-16,Delivered,WH-West,0,Standard
SAL-00746,ORD-00374,1,2023-03-24,2023,2023-03,C010,Golden Fields Co.,Mid-Market,Agriculture,Latin America,United States,P104,Insight Pro License,Software,Licenses,SKU-P104-4,14,197.71,0.2,2767.94,2214.35,USD,Partner,R. Kim,90.5,947.31,ACH,Pending,2023-04-04,2023-04-07,Delivered,WH-EU,0,Multi-year
SAL-00747,ORD-00374,2,2026-04-26,2026,2026-04,C010,Golden Fields Co.,Mid-Market,Agriculture,Latin America,United States,P109,Forecasting Add-on,Software,Analytics,SKU-P109-2,3,300.64,0,901.92,901.92,USD,Partner,M. Garcia,223.22,232.26,Net Terms,Paid,2026-05-07,2026-05-09,Delivered,WH-East,0,Standard
SAL-00748,ORD-00375,1,2025-02-19,2025,2025-02,C004,Cedar & Stone,SMB,Hospitality,Europe,United States,P101,Cloud Data Suite,Software,Cloud,SKU-P101-2,21,708.72,0.05,14883.12,14138.96,USD,Partner,S. Johnson,497.52,3691.1,Net Terms,Pending,2025-02-25,,Shipped,WH-East,0,Annual
SAL-00749,ORD-00375,2,2024-07-31,2024,2024-07,C007,Atlas Public Services,Public Sector,Government,North America,Germany,P106,Integration Services,Services,Consulting,SKU-P106-3,24,1426.16,0.1,34227.84,30805.06,USD,Partner,J. Chen,955.75,7867.1,Credit Card,Pending,2024-08-13,2024-08-18,Delivered,WH-West,0,Multi-year
SAL-00750,ORD-00376,1,2025-03-03,2025,2025-03,C004,Cedar & Stone,SMB,Hospitality,Europe,United Kingdom,P108,Mobile Scanner,Hardware,Devices,SKU-P108-1,11,190.86,0.1,2099.46,1889.51,USD,Direct,S. Johnson,91.21,886.23,Wire Transfer,Pending,2025-03-10,2025-03-17,Delivered,WH-East,0,Annual
SAL-00751,ORD-00376,2,2026-07-17,2026,2026-07,C005,Vertex Manufacturing,Enterprise,Manufacturing,Europe,Canada,P106,Integration Services,Services,Consulting,SKU-P106-3,3,1332.23,0,3996.69,3996.69,USD,Direct,J. Chen,882.74,1348.48,Credit Card,Overdue,2026-07-24,,Shipped,WH-EU,0,Annual
SAL-00752,ORD-00377,1,2023-10-26,2023,2023-10,C003,Harbor Health Group,Enterprise,Healthcare,North America,United States,P102,Edge Gateway,Hardware,Networking,SKU-P102-4,29,451.75,0.05,13100.75,12445.71,USD,Online,A. Patel,223.06,5976.99,Credit Card,Paid,2023-10-27,2023-10-31,Delivered,WH-East,0,Standard
SAL-00753,ORD-00377,2,2024-12-16,2024,2024-12,C001,Northstar Retail,Retail,Consumer Goods,North America,Singapore,P109,Forecasting Add-on,Software,Analytics,SKU-P109-3,32,334.91,0.15,10717.12,9109.55,USD,Marketplace,S. Johnson,194.36,2890.17,Credit Card,Paid,2024-12-23,2024-12-28,Delivered,WH-West,0,Annual
SAL-00754,ORD-00378,1,2026-08-12,2026,2026-08,C006,Sunrise Market,SMB,Retail,Asia Pacific,Canada,P102,Edge Gateway,Hardware,Networking,SKU-P102-2,18,456.71,0.05,8220.78,7809.74,USD,Online,S. Johnson,238.79,3511.5,Net Terms,Overdue,2026-08-19,2026-08-26,Delivered,WH-East,0,Standard
SAL-00755,ORD-00378,2,2023-01-19,2023,2023-01,C008,Evergreen Labs,SMB,Healthcare,Europe,Brazil,P101,Cloud Data Suite,Software,Cloud,SKU-P101-1,10,801.9,0.15,8019.0,6816.15,USD,Online,J. Chen,441.58,2400.33,ACH,Paid,2023-01-22,2023-01-29,Delivered,WH-East,0,Multi-year
SAL-00756,ORD-00379,1,2026-09-10,2026,2026-09,C001,Northstar Retail,Retail,Consumer Goods,North America,Canada,P107,Support Renewal,Services,Support,SKU-P107-3,25,397.58,0.1,9939.5,8945.55,USD,Marketplace,A. Patel,247.75,2751.68,ACH,Overdue,2026-09-15,2026-09-21,Delivered,WH-West,0,Multi-year
SAL-00757,ORD-00379,2,2023-07-13,2023,2023-07,C002,Blue Ridge Systems,Enterprise,Technology,North America,Germany,P104,Insight Pro License,Software,Licenses,SKU-P104-2,31,173.22,0.1,5369.82,4832.84,USD,Direct,M. Garcia,105.68,1556.81,Wire Transfer,Paid,2023-07-29,2023-08-01,Delivered,WH-East,0,Standard
SAL-00758,ORD-00380,1,2024-07-31,2024,2024-07,C009,Summit Logistics,Enterprise,Transportation,Asia Pacific,Singapore,P104,Insight Pro License,Software,Licenses,SKU-P104-1,2,200.84,0,401.68,401.68,USD,Direct,J. Chen,107.94,185.81,Wire Transfer,Pending,2024-08-10,2024-08-17,Delivered,WH-EU,0,Annual
SAL-00759,ORD-00380,2,2025-01-22,2025,2025-01,C004,Cedar & Stone,SMB,Hospitality,Europe,Canada,P108,Mobile Scanner,Hardware,Devices,SKU-P108-3,17,192.51,0,3272.67,3272.67,USD,Marketplace,A. Patel,106.82,1456.74,ACH,Overdue,2025-01-26,,Shipped,WH-West,0,Multi-year
SAL-00760,ORD-00381,1,2025-11-22,2025,2025-11,C009,Summit Logistics,Enterprise,Transportation,Asia Pacific,Singapore,P107,Support Renewal,Services,Support,SKU-P107-1,27,336.91,0.15,9096.57,7732.08,USD,Direct,R. Kim,190.68,2583.79,Net Terms,Paid,2025-12-06,2025-12-12,Delivered,WH-West,0,Annual
SAL-00761,ORD-00381,2,2024-11-17,2024,2024-11,C009,Summit Logistics,Enterprise,Transportation,Asia Pacific,Canada,P105,Storage Array,Hardware,Storage,SKU-P105-1,16,1277.99,0.05,20447.84,19425.45,USD,Partner,J. Chen,881.4,5322.98,ACH,Paid,2024-11-28,,Shipped,WH-East,0,Annual
SAL-00762,ORD-00382,1,2025-05-06,2025,2025-05,C006,Sunrise Market,SMB,Retail,Asia Pacific,Canada,P106,Integration Services,Services,Consulting,SKU-P106-4,2,1424.41,0,2848.82,2848.82,USD,Direct,S. Johnson,856.64,1135.54,Wire Transfer,Pending,2025-05-17,,Processing,WH-Central,0,Multi-year
SAL-00763,ORD-00382,2,2025-04-13,2025,2025-04,C007,Atlas Public Services,Public Sector,Government,North America,Germany,P101,Cloud Data Suite,Software,Cloud,SKU-P101-2,33,734.78,0.15,24247.74,20610.58,USD,Online,A. Patel,306.18,10506.53,Credit Card,Paid,2025-04-17,2025-04-19,Delivered,WH-West,0,Standard
SAL-00764,ORD-00383,1,2024-01-23,2024,2024-01,C004,Cedar & Stone,SMB,Hospitality,Europe,United Kingdom,P104,Insight Pro License,Software,Licenses,SKU-P104-2,7,170.22,0,1191.54,1191.54,USD,Direct,M. Garcia,98.16,504.41,Credit Card,Paid,2024-02-01,2024-02-04,Delivered,WH-West,0,Annual
SAL-00765,ORD-00383,2,2023-08-02,2023,2023-08,C004,Cedar & Stone,SMB,Hospitality,Europe,United States,P103,Secure Access Kit,Hardware,Security,SKU-P103-2,22,251.83,0,5540.26,5540.26,USD,Marketplace,A. Patel,136.43,2538.88,Wire Transfer,Paid,2023-08-09,,Cancelled,WH-East,0,Multi-year
SAL-00766,ORD-00384,1,2024-01-22,2024,2024-01,C004,Cedar & Stone,SMB,Hospitality,Europe,Canada,P101,Cloud Data Suite,Software,Cloud,SKU-P101-4,22,637.25,0.15,14019.5,11916.57,USD,Direct,A. Patel,334.45,4558.72,Wire Transfer,Paid,2024-01-24,2024-01-27,Delivered,WH-Central,0,Annual
SAL-00767,ORD-00384,2,2026-06-02,2026,2026-06,C006,Sunrise Market,SMB,Retail,Asia Pacific,United Kingdom,P105,Storage Array,Hardware,Storage,SKU-P105-3,13,1391.52,0.1,18089.76,16280.78,USD,Online,S. Johnson,900.68,4571.94,Wire Transfer,Refunded,2026-06-13,,Processing,WH-East,0,Annual
SAL-00768,ORD-00385,1,2025-04-10,2025,2025-04,C009,Summit Logistics,Enterprise,Transportation,Asia Pacific,United Kingdom,P101,Cloud Data Suite,Software,Cloud,SKU-P101-3,19,757.95,0.1,14401.05,12960.94,USD,Online,A. Patel,489.17,3666.71,ACH,Paid,2025-04-20,2025-04-24,Delivered,WH-EU,0,Multi-year
SAL-00769,ORD-00385,2,2024-11-20,2024,2024-11,C006,Sunrise Market,SMB,Retail,Asia Pacific,Brazil,P104,Insight Pro License,Software,Licenses,SKU-P104-2,21,183.3,0,3849.3,3849.3,USD,Direct,S. Johnson,92.25,1912.06,Net Terms,Paid,2024-12-01,2024-12-02,Delivered,WH-EU,0,Standard
SAL-00770,ORD-00386,1,2025-12-09,2025,2025-12,C001,Northstar Retail,Retail,Consumer Goods,North America,Germany,P100,Analytics Platform,Software,Analytics,SKU-P100-2,10,905.38,0,9053.8,9053.8,USD,Marketplace,R. Kim,444.17,4612.08,Credit Card,Paid,2025-12-10,,Shipped,WH-EU,0,Annual
SAL-00771,ORD-00386,2,2024-12-22,2024,2024-12,C005,Vertex Manufacturing,Enterprise,Manufacturing,Europe,Singapore,P103,Secure Access Kit,Hardware,Security,SKU-P103-3,21,307.5,0,6457.5,6457.5,USD,Online,A. Patel,189.35,2481.16,Wire Transfer,Paid,2024-12-23,2024-12-31,Delivered,WH-EU,0,Multi-year
SAL-00772,ORD-00387,1,2024-05-08,2024,2024-05,C004,Cedar & Stone,SMB,Hospitality,Europe,Brazil,P109,Forecasting Add-on,Software,Analytics,SKU-P109-4,10,335.47,0.1,3354.7,3019.23,USD,Online,A. Patel,169.42,1325.06,Wire Transfer,Paid,2024-05-22,2024-05-27,Delivered,WH-EU,0,Annual
SAL-00773,ORD-00387,2,2023-04-14,2023,2023-04,C001,Northstar Retail,Retail,Consumer Goods,North America,Canada,P107,Support Renewal,Services,Support,SKU-P107-3,6,343.0,0,2058.0,2058.0,USD,Partner,J. Chen,176.92,996.47,Wire Transfer,Paid,2023-04-20,2023-04-21,Delivered,WH-Central,0,Multi-year
SAL-00774,ORD-00388,1,2024-04-10,2024,2024-04,C004,Cedar & Stone,SMB,Hospitality,Europe,United Kingdom,P107,Support Renewal,Services,Support,SKU-P107-4,26,369.52,0,9607.52,9607.52,USD,Marketplace,S. Johnson,234.88,3500.53,ACH,Paid,2024-04-15,2024-04-16,Delivered,WH-EU,0,Standard
SAL-00775,ORD-00388,2,2026-03-15,2026,2026-03,C003,Harbor Health Group,Enterprise,Healthcare,North America,Brazil,P103,Secure Access Kit,Hardware,Security,SKU-P103-2,13,315.89,0,4106.57,4106.57,USD,Online,J. Chen,166.96,1936.05,ACH,Paid,2026-03-21,2026-03-22,Delivered,WH-EU,0,Annual
SAL-00776,ORD-00389,1,2024-07-14,2024,2024-07,C007,Atlas Public Services,Public Sector,Government,North America,United Kingdom,P104,Insight Pro License,Software,Licenses,SKU-P104-1,10,201.22,0,2012.2,2012.2,USD,Marketplace,M. Garcia,117.23,839.91,Net Terms,Paid,2024-07-25,2024-08-02,Delivered,WH-East,0,Multi-year
SAL-00777,ORD-00389,2,2025-10-15,2025,2025-10,C009,Summit Logistics,Enterprise,Transportation,Asia Pacific,Germany,P106,Integration Services,Services,Consulting,SKU-P106-3,19,1668.18,0,31695.42,31695.42,USD,Marketplace,A. Patel,1098.32,10827.29,Credit Card,Paid,2025-10-26,2025-11-02,Delivered,WH-West,0,Multi-year
SAL-00778,ORD-00390,1,2024-02-08,2024,2024-02,C007,Atlas Public Services,Public Sector,Government,North America,Canada,P105,Storage Array,Hardware,Storage,SKU-P105-2,18,1214.73,0,21865.14,21865.14,USD,Online,A. Patel,852.22,6525.17,Wire Transfer,Paid,2024-02-10,,Shipped,WH-Central,0,Annual
SAL-00779,ORD-00390,2,2023-04-26,2023,2023-04,C002,Blue Ridge Systems,Enterprise,Technology,North America,Singapore,P106,Integration Services,Services,Consulting,SKU-P106-3,21,1523.03,0.1,31983.63,28785.27,USD,Partner,M. Garcia,919.89,9467.49,Wire Transfer,Paid,2023-05-05,2023-05-07,Delivered,WH-EU,0,Multi-year
SAL-00780,ORD-00391,1,2026-08-17,2026,2026-08,C007,Atlas Public Services,Public Sector,Government,North America,Canada,P106,Integration Services,Services,Consulting,SKU-P106-3,8,1665.53,0.1,13324.24,11991.82,USD,Direct,A. Patel,961.62,4298.84,Wire Transfer,Paid,2026-08-31,2026-09-08,Delivered,WH-East,0,Standard
SAL-00781,ORD-00391,2,2023-05-15,2023,2023-05,C001,Northstar Retail,Retail,Consumer Goods,North America,United Kingdom,P105,Storage Array,Hardware,Storage,SKU-P105-4,3,1295.98,0.2,3887.94,3110.35,USD,Partner,A. Patel,509.11,1583.01,Wire Transfer,Paid,2023-05-28,2023-06-05,Delivered,WH-EU,0,Multi-year
SAL-00782,ORD-00392,1,2023-07-10,2023,2023-07,C005,Vertex Manufacturing,Enterprise,Manufacturing,Europe,United States,P104,Insight Pro License,Software,Licenses,SKU-P104-2,10,160.57,0.05,1605.7,1525.41,USD,Online,J. Chen,108.56,439.81,Credit Card,Paid,2023-07-19,2023-07-26,Delivered,WH-West,0,Multi-year
SAL-00783,ORD-00392,2,2025-05-14,2025,2025-05,C006,Sunrise Market,SMB,Retail,Asia Pacific,United States,P108,Mobile Scanner,Hardware,Devices,SKU-P108-2,4,199.71,0.05,798.84,758.9,USD,Direct,R. Kim,95.36,377.46,Credit Card,Paid,2025-05-20,2025-05-26,Delivered,WH-East,0,Standard
SAL-00784,ORD-00393,1,2026-01-02,2026,2026-01,C006,Sunrise Market,SMB,Retail,Asia Pacific,United Kingdom,P102,Edge Gateway,Hardware,Networking,SKU-P102-3,20,372.05,0.1,7441.0,6696.9,USD,Marketplace,S. Johnson,247.62,1744.52,Net Terms,Overdue,2026-01-16,2026-01-17,Delivered,WH-East,0,Annual
SAL-00785,ORD-00393,2,2026-03-26,2026,2026-03,C004,Cedar & Stone,SMB,Hospitality,Europe,United States,P101,Cloud Data Suite,Software,Cloud,SKU-P101-3,15,695.18,0.15,10427.7,8863.55,USD,Marketplace,M. Garcia,397.61,2899.35,Wire Transfer,Pending,2026-04-05,2026-04-09,Delivered,WH-EU,0,Multi-year
SAL-00786,ORD-00394,1,2025-04-02,2025,2025-04,C005,Vertex Manufacturing,Enterprise,Manufacturing,Europe,Singapore,P102,Edge Gateway,Hardware,Networking,SKU-P102-4,24,415.24,0.2,9965.76,7972.61,USD,Partner,J. Chen,226.75,2530.64,ACH,Paid,2025-04-16,2025-04-17,Delivered,WH-Central,0,Standard
SAL-00787,ORD-00394,2,2025-12-12,2025,2025-12,C001,Northstar Retail,Retail,Consumer Goods,North America,Brazil,P105,Storage Array,Hardware,Storage,SKU-P105-4,31,1333.46,0,41337.26,41337.26,USD,Partner,R. Kim,699.19,19662.31,Credit Card,Paid,2025-12-28,,Shipped,WH-EU,0,Standard
SAL-00788,ORD-00395,1,2025-05-25,2025,2025-05,C010,Golden Fields Co.,Mid-Market,Agriculture,Latin America,United States,P100,Analytics Platform,Software,Analytics,SKU-P100-3,20,1057.76,0,21155.2,21155.2,USD,Online,S. Johnson,741.25,6330.26,Credit Card,Paid,2025-06-01,2025-06-08,Delivered,WH-East,0,Annual
SAL-00789,ORD-00395,2,2024-12-21,2024,2024-12,C002,Blue Ridge Systems,Enterprise,Technology,North America,Brazil,P103,Secure Access Kit,Hardware,Security,SKU-P103-4,5,277.4,0.1,1387.0,1248.3,USD,Online,A. Patel,136.04,568.08,Credit Card,Paid,2025-01-01,,Processing,WH-EU,0,Standard
SAL-00790,ORD-00396,1,2026-06-19,2026,2026-06,C004,Cedar & Stone,SMB,Hospitality,Europe,United Kingdom,P108,Mobile Scanner,Hardware,Devices,SKU-P108-4,4,175.45,0,701.8,701.8,USD,Partner,A. Patel,118.07,229.53,Credit Card,Paid,2026-06-22,2026-06-27,Delivered,WH-West,0,Annual
SAL-00791,ORD-00396,2,2026-01-03,2026,2026-01,C003,Harbor Health Group,Enterprise,Healthcare,North America,Germany,P101,Cloud Data Suite,Software,Cloud,SKU-P101-3,1,726.42,0,726.42,726.42,USD,Marketplace,A. Patel,450.73,275.69,Net Terms,Paid,2026-01-14,2026-01-18,Delivered,WH-West,0,Annual
SAL-00792,ORD-00397,1,2026-05-06,2026,2026-05,C009,Summit Logistics,Enterprise,Transportation,Asia Pacific,United Kingdom,P102,Edge Gateway,Hardware,Networking,SKU-P102-2,14,401.16,0,5616.24,5616.24,USD,Partner,R. Kim,253.53,2066.79,Wire Transfer,Paid,2026-05-18,,Shipped,WH-West,0,Multi-year
SAL-00793,ORD-00397,2,2026-07-03,2026,2026-07,C006,Sunrise Market,SMB,Retail,Asia Pacific,United States,P105,Storage Array,Hardware,Storage,SKU-P105-3,30,1311.12,0.05,39333.6,37366.92,USD,Partner,A. Patel,802.18,13301.54,Wire Transfer,Paid,2026-07-11,2026-07-13,Delivered,WH-EU,0,Multi-year
SAL-00794,ORD-00398,1,2025-04-21,2025,2025-04,C005,Vertex Manufacturing,Enterprise,Manufacturing,Europe,Brazil,P103,Secure Access Kit,Hardware,Security,SKU-P103-2,1,314.67,0,314.67,314.67,USD,Online,S. Johnson,221.03,93.64,Net Terms,Pending,2025-04-25,,Processing,WH-EU,0,Multi-year
SAL-00795,ORD-00398,2,2024-06-21,2024,2024-06,C001,Northstar Retail,Retail,Consumer Goods,North America,United Kingdom,P102,Edge Gateway,Hardware,Networking,SKU-P102-1,20,426.79,0.15,8535.8,7255.43,USD,Online,M. Garcia,273.05,1794.47,Credit Card,Paid,2024-06-30,,Shipped,WH-Central,0,Annual
SAL-00796,ORD-00399,1,2023-11-02,2023,2023-11,C004,Cedar & Stone,SMB,Hospitality,Europe,Singapore,P103,Secure Access Kit,Hardware,Security,SKU-P103-2,20,315.11,0,6302.2,6302.2,USD,Marketplace,R. Kim,212.65,2049.14,Net Terms,Overdue,2023-11-06,2023-11-08,Delivered,WH-EU,0,Annual
SAL-00797,ORD-00399,2,2024-05-16,2024,2024-05,C002,Blue Ridge Systems,Enterprise,Technology,North America,Germany,P105,Storage Array,Hardware,Storage,SKU-P105-2,24,1172.5,0,28140.0,28140.0,USD,Direct,S. Johnson,806.99,8772.17,Credit Card,Overdue,2024-05-23,2024-05-30,Delivered,WH-East,0,Annual
SAL-00798,ORD-00400,1,2024-02-16,2024,2024-02,C007,Atlas Public Services,Public Sector,Government,North America,United Kingdom,P104,Insight Pro License,Software,Licenses,SKU-P104-3,9,171.14,0,1540.26,1540.26,USD,Marketplace,R. Kim,106.56,581.23,ACH,Paid,2024-03-03,2024-03-04,Delivered,WH-Central,0,Annual
SAL-00799,ORD-00400,2,2023-01-15,2023,2023-01,C008,Evergreen Labs,SMB,Healthcare,Europe,United Kingdom,P100,Analytics Platform,Software,Analytics,SKU-P100-2,28,966.38,0.1,27058.64,24352.78,USD,Partner,S. Johnson,574.01,8280.61,ACH,Paid,2023-01-29,2023-02-01,Delivered,WH-East,0,Annual
SAL-00800,ORD-00401,1,2025-11-22,2025,2025-11,C006,Sunrise Market,SMB,Retail,Asia Pacific,Brazil,P101,Cloud Data Suite,Software,Cloud,SKU-P101-2,21,749.71,0.2,15743.91,12595.13,USD,Marketplace,A. Patel,436.96,3418.95,Wire Transfer,Overdue,2025-11-29,2025-12-05,Delivered,WH-EU,0,Multi-year
SAL-00801,ORD-00401,2,2024-01-26,2024,2024-01,C004,Cedar & Stone,SMB,Hospitality,Europe,Singapore,P101,Cloud Data Suite,Software,Cloud,SKU-P101-4,29,770.21,0,22336.09,22336.09,USD,Marketplace,J. Chen,523.25,7161.8,Net Terms,Paid,2024-02-08,2024-02-13,Delivered,WH-East,0,Standard
SAL-00802,ORD-00402,1,2025-12-30,2025,2025-12,C010,Golden Fields Co.,Mid-Market,Agriculture,Latin America,United Kingdom,P104,Insight Pro License,Software,Licenses,SKU-P104-2,33,174.24,0.15,5749.92,4887.43,USD,Direct,A. Patel,111.11,1220.87,Wire Transfer,Pending,2026-01-14,,Returned,WH-East,8,Multi-year
SAL-00803,ORD-00402,2,2025-08-03,2025,2025-08,C002,Blue Ridge Systems,Enterprise,Technology,North America,Singapore,P108,Mobile Scanner,Hardware,Devices,SKU-P108-1,12,171.97,0,2063.64,2063.64,USD,Online,S. Johnson,111.39,726.91,Wire Transfer,Paid,2025-08-14,2025-08-22,Delivered,WH-West,0,Standard
SAL-00804,ORD-00403,1,2026-05-28,2026,2026-05,C002,Blue Ridge Systems,Enterprise,Technology,North America,Canada,P101,Cloud Data Suite,Software,Cloud,SKU-P101-2,11,765.62,0,8421.82,8421.82,USD,Partner,R. Kim,370.04,4351.34,Credit Card,Paid,2026-05-31,,Cancelled,WH-West,0,Standard
SAL-00805,ORD-00403,2,2025-12-02,2025,2025-12,C009,Summit Logistics,Enterprise,Transportation,Asia Pacific,United Kingdom,P106,Integration Services,Services,Consulting,SKU-P106-2,12,1439.15,0.1,17269.8,15542.82,USD,Direct,S. Johnson,734.66,6726.93,Net Terms,Paid,2025-12-17,,Shipped,WH-West,0,Standard
SAL-00806,ORD-00404,1,2025-04-15,2025,2025-04,C010,Golden Fields Co.,Mid-Market,Agriculture,Latin America,United States,P106,Integration Services,Services,Consulting,SKU-P106-4,16,1650.83,0.15,26413.28,22451.29,USD,Partner,J. Chen,992.11,6577.57,ACH,Paid,2025-05-01,,Processing,WH-East,0,Standard
SAL-00807,ORD-00404,2,2026-04-07,2026,2026-04,C009,Summit Logistics,Enterprise,Transportation,Asia Pacific,Germany,P105,Storage Array,Hardware,Storage,SKU-P105-1,21,1211.49,0.1,25441.29,22897.16,USD,Direct,A. Patel,527.13,11827.43,ACH,Overdue,2026-04-08,2026-04-14,Delivered,WH-Central,0,Standard
SAL-00808,ORD-00405,1,2026-02-07,2026,2026-02,C007,Atlas Public Services,Public Sector,Government,North America,United States,P105,Storage Array,Hardware,Storage,SKU-P105-1,3,1170.05,0.1,3510.15,3159.14,USD,Marketplace,M. Garcia,693.92,1077.37,Credit Card,Paid,2026-02-08,,Shipped,WH-West,0,Standard
SAL-00809,ORD-00405,2,2024-08-12,2024,2024-08,C006,Sunrise Market,SMB,Retail,Asia Pacific,United Kingdom,P108,Mobile Scanner,Hardware,Devices,SKU-P108-1,26,192.15,0.05,4995.9,4746.1,USD,Direct,M. Garcia,130.74,1346.98,Credit Card,Paid,2024-08-17,,Processing,WH-EU,0,Standard
SAL-00810,ORD-00406,1,2026-07-01,2026,2026-07,C003,Harbor Health Group,Enterprise,Healthcare,North America,Brazil,P109,Forecasting Add-on,Software,Analytics,SKU-P109-2,4,343.91,0.1,1375.64,1238.08,USD,Online,S. Johnson,195.5,456.1,Wire Transfer,Paid,2026-07-04,,Processing,WH-EU,0,Multi-year
SAL-00811,ORD-00406,2,2023-07-30,2023,2023-07,C008,Evergreen Labs,SMB,Healthcare,Europe,Brazil,P109,Forecasting Add-on,Software,Analytics,SKU-P109-2,24,341.39,0.05,8193.36,7783.69,USD,Direct,S. Johnson,163.6,3857.19,Credit Card,Paid,2023-08-03,,Shipped,WH-EU,0,Annual
SAL-00812,ORD-00407,1,2026-09-25,2026,2026-09,C007,Atlas Public Services,Public Sector,Government,North America,Brazil,P101,Cloud Data Suite,Software,Cloud,SKU-P101-3,2,751.64,0.1,1503.28,1352.95,USD,Direct,R. Kim,481.02,390.91,ACH,Paid,2026-10-06,2026-10-10,Delivered,WH-East,0,Annual
SAL-00813,ORD-00407,2,2026-04-09,2026,2026-04,C001,Northstar Retail,Retail,Consumer Goods,North America,Singapore,P101,Cloud Data Suite,Software,Cloud,SKU-P101-1,17,664.63,0.1,11298.71,10168.84,USD,Marketplace,S. Johnson,453.42,2460.75,Credit Card,Paid,2026-04-12,2026-04-20,Delivered,WH-Central,0,Multi-year
SAL-00814,ORD-00408,1,2025-08-05,2025,2025-08,C005,Vertex Manufacturing,Enterprise,Manufacturing,Europe,Brazil,P107,Support Renewal,Services,Support,SKU-P107-4,15,363.05,0.05,5445.75,5173.46,USD,Direct,S. Johnson,188.78,2341.79,Net Terms,Paid,2025-08-18,2025-08-23,Delivered,WH-EU,0,Annual
SAL-00815,ORD-00408,2,2023-04-12,2023,2023-04,C001,Northstar Retail,Retail,Consumer Goods,North America,Brazil,P106,Integration Services,Services,Consulting,SKU-P106-4,33,1398.26,0,46142.58,46142.58,USD,Marketplace,M. Garcia,816.4,19201.27,Net Terms,Paid,2023-04-20,2023-04-28,Delivered,WH-EU,0,Annual
SAL-00816,ORD-00409,1,2025-11-15,2025,2025-11,C010,Golden Fields Co.,Mid-Market,Agriculture,Latin America,Brazil,P103,Secure Access Kit,Hardware,Security,SKU-P103-4,21,293.66,0.05,6166.86,5858.52,USD,Marketplace,M. Garcia,146.13,2789.78,Credit Card,Paid,2025-11-22,2025-11-26,Delivered,WH-Central,0,Standard
SAL-00817,ORD-00409,2,2023-11-09,2023,2023-11,C006,Sunrise Market,SMB,Retail,Asia Pacific,United Kingdom,P106,Integration Services,Services,Consulting,SKU-P106-4,7,1473.5,0.15,10314.5,8767.32,USD,Marketplace,S. Johnson,910.73,2392.22,Credit Card,Paid,2023-11-23,2023-11-30,Delivered,WH-Central,0,Standard
SAL-00818,ORD-00410,1,2026-09-04,2026,2026-09,C006,Sunrise Market,SMB,Retail,Asia Pacific,Germany,P107,Support Renewal,Services,Support,SKU-P107-3,2,338.34,0.15,676.68,575.18,USD,Direct,M. Garcia,181.09,212.99,Wire Transfer,Paid,2026-09-14,2026-09-19,Delivered,WH-EU,0,Multi-year
SAL-00819,ORD-00410,2,2023-02-11,2023,2023-02,C002,Blue Ridge Systems,Enterprise,Technology,North America,Canada,P106,Integration Services,Services,Consulting,SKU-P106-4,15,1619.49,0.15,24292.35,20648.5,USD,Online,J. Chen,754.94,9324.34,Credit Card,Paid,2023-02-25,2023-03-05,Delivered,WH-East,0,Multi-year
SAL-00820,ORD-00411,1,2025-09-19,2025,2025-09,C007,Atlas Public Services,Public Sector,Government,North America,Brazil,P107,Support Renewal,Services,Support,SKU-P107-4,31,394.86,0.05,12240.66,11628.63,USD,Partner,J. Chen,269.07,3287.38,Net Terms,Paid,2025-10-02,,Shipped,WH-East,0,Standard
SAL-00821,ORD-00411,2,2025-09-15,2025,2025-09,C007,Atlas Public Services,Public Sector,Government,North America,United Kingdom,P103,Secure Access Kit,Hardware,Security,SKU-P103-4,13,318.65,0.05,4142.45,3935.33,USD,Online,J. Chen,199.28,1344.7,ACH,Paid,2025-09-28,2025-09-29,Delivered,WH-Central,0,Standard
SAL-00822,ORD-00412,1,2024-01-08,2024,2024-01,C008,Evergreen Labs,SMB,Healthcare,Europe,Germany,P107,Support Renewal,Services,Support,SKU-P107-3,8,346.93,0.1,2775.44,2497.9,USD,Marketplace,J. Chen,151.34,1287.21,Wire Transfer,Paid,2024-01-22,2024-01-27,Delivered,WH-Central,0,Standard
SAL-00823,ORD-00412,2,2025-03-08,2025,2025-03,C007,Atlas Public Services,Public Sector,Government,North America,Singapore,P103,Secure Access Kit,Hardware,Security,SKU-P103-4,18,308.08,0,5545.44,5545.44,USD,Online,R. Kim,149.17,2860.45,Wire Transfer,Paid,2025-03-24,2025-03-25,Delivered,WH-EU,0,Multi-year
SAL-00824,ORD-00413,1,2024-07-10,2024,2024-07,C006,Sunrise Market,SMB,Retail,Asia Pacific,United Kingdom,P109,Forecasting Add-on,Software,Analytics,SKU-P109-3,22,322.52,0.1,7095.44,6385.9,USD,Marketplace,J. Chen,185.91,2295.88,Credit Card,Paid,2024-07-23,2024-07-24,Delivered,WH-East,0,Multi-year
SAL-00825,ORD-00413,2,2023-02-20,2023,2023-02,C008,Evergreen Labs,SMB,Healthcare,Europe,Germany,P106,Integration Services,Services,Consulting,SKU-P106-3,8,1548.21,0.1,12385.68,11147.11,USD,Marketplace,R. Kim,695.24,5585.2,Credit Card,Paid,2023-02-27,,Shipped,WH-Central,0,Annual
SAL-00826,ORD-00414,1,2025-01-29,2025,2025-01,C001,Northstar Retail,Retail,Consumer Goods,North America,Brazil,P104,Insight Pro License,Software,Licenses,SKU-P104-1,7,179.74,0.1,1258.18,1132.36,USD,Partner,J. Chen,119.15,298.29,Wire Transfer,Paid,2025-02-02,2025-02-08,Delivered,WH-Central,0,Multi-year
SAL-00827,ORD-00414,2,2026-05-16,2026,2026-05,C009,Summit Logistics,Enterprise,Transportation,Asia Pacific,Germany,P107,Support Renewal,Services,Support,SKU-P107-1,9,390.82,0,3517.38,3517.38,USD,Marketplace,S. Johnson,198.97,1726.68,Credit Card,Paid,2026-05-28,2026-06-03,Delivered,WH-Central,0,Standard
SAL-00828,ORD-00415,1,2024-06-03,2024,2024-06,C002,Blue Ridge Systems,Enterprise,Technology,North America,Germany,P106,Integration Services,Services,Consulting,SKU-P106-2,25,1647.49,0.05,41187.25,39127.89,USD,Online,M. Garcia,1074.22,12272.5,Wire Transfer,Refunded,2024-06-09,2024-06-16,Delivered,WH-East,0,Annual
SAL-00829,ORD-00415,2,2025-07-25,2025,2025-07,C006,Sunrise Market,SMB,Retail,Asia Pacific,Brazil,P100,Analytics Platform,Software,Analytics,SKU-P100-3,3,990.56,0.1,2971.68,2674.51,USD,Online,J. Chen,588.94,907.68,Wire Transfer,Paid,2025-07-27,2025-08-04,Delivered,WH-West,0,Annual
SAL-00830,ORD-00416,1,2025-05-06,2025,2025-05,C006,Sunrise Market,SMB,Retail,Asia Pacific,United States,P103,Secure Access Kit,Hardware,Security,SKU-P103-4,27,268.1,0.2,7238.7,5790.96,USD,Partner,A. Patel,124.29,2435.11,ACH,Paid,2025-05-14,2025-05-19,Delivered,WH-EU,0,Annual
SAL-00831,ORD-00416,2,2023-03-29,2023,2023-03,C006,Sunrise Market,SMB,Retail,Asia Pacific,Brazil,P108,Mobile Scanner,Hardware,Devices,SKU-P108-3,4,201.54,0,806.16,806.16,USD,Partner,J. Chen,123.19,313.41,ACH,Paid,2023-04-05,2023-04-08,Delivered,WH-Central,0,Annual
SAL-00832,ORD-00417,1,2026-03-28,2026,2026-03,C010,Golden Fields Co.,Mid-Market,Agriculture,Latin America,United Kingdom,P108,Mobile Scanner,Hardware,Devices,SKU-P108-1,1,180.42,0,180.42,180.42,USD,Marketplace,J. Chen,91.09,89.33,Credit Card,Refunded,2026-04-01,2026-04-02,Delivered,WH-West,0,Multi-year
SAL-00833,ORD-00417,2,2024-09-21,2024,2024-09,C005,Vertex Manufacturing,Enterprise,Manufacturing,Europe,Germany,P109,Forecasting Add-on,Software,Analytics,SKU-P109-4,10,364.31,0,3643.1,3643.1,USD,Partner,J. Chen,175.56,1887.51,Credit Card,Paid,2024-10-05,,Shipped,WH-West,0,Standard
SAL-00834,ORD-00418,1,2023-03-23,2023,2023-03,C009,Summit Logistics,Enterprise,Transportation,Asia Pacific,United States,P100,Analytics Platform,Software,Analytics,SKU-P100-3,22,869.65,0.1,19132.3,17219.07,USD,Partner,R. Kim,455.11,7206.64,Credit Card,Paid,2023-03-28,2023-04-05,Delivered,WH-Central,0,Multi-year
SAL-00835,ORD-00418,2,2026-05-12,2026,2026-05,C010,Golden Fields Co.,Mid-Market,Agriculture,Latin America,United Kingdom,P100,Analytics Platform,Software,Analytics,SKU-P100-4,35,971.62,0.05,34006.7,32306.36,USD,Marketplace,R. Kim,588.47,11709.85,Wire Transfer,Paid,2026-05-27,2026-06-03,Delivered,WH-EU,0,Standard
SAL-00836,ORD-00419,1,2025-08-03,2025,2025-08,C004,Cedar & Stone,SMB,Hospitality,Europe,Canada,P104,Insight Pro License,Software,Licenses,SKU-P104-2,9,178.53,0.15,1606.77,1365.75,USD,Online,M. Garcia,98.59,478.44,ACH,Refunded,2025-08-13,2025-08-19,Delivered,WH-East,0,Annual
SAL-00837,ORD-00419,2,2026-04-24,2026,2026-04,C002,Blue Ridge Systems,Enterprise,Technology,North America,United Kingdom,P105,Storage Array,Hardware,Storage,SKU-P105-2,10,1109.02,0.05,11090.2,10535.69,USD,Marketplace,R. Kim,684.94,3686.31,ACH,Pending,2026-04-25,2026-04-27,Delivered,WH-East,0,Multi-year
SAL-00838,ORD-00420,1,2024-04-22,2024,2024-04,C005,Vertex Manufacturing,Enterprise,Manufacturing,Europe,United States,P103,Secure Access Kit,Hardware,Security,SKU-P103-4,11,270.44,0,2974.84,2974.84,USD,Marketplace,A. Patel,138.1,1455.79,Credit Card,Paid,2024-04-24,,Cancelled,WH-Central,0,Annual
SAL-00839,ORD-00420,2,2023-01-23,2023,2023-01,C006,Sunrise Market,SMB,Retail,Asia Pacific,United States,P106,Integration Services,Services,Consulting,SKU-P106-2,35,1371.67,0,48008.45,48008.45,USD,Online,S. Johnson,903.26,16394.23,Net Terms,Paid,2023-01-31,,Shipped,WH-EU,0,Standard
SAL-00840,ORD-00421,1,2026-05-10,2026,2026-05,C001,Northstar Retail,Retail,Consumer Goods,North America,Canada,P107,Support Renewal,Services,Support,SKU-P107-2,11,336.66,0,3703.26,3703.26,USD,Marketplace,A. Patel,180.87,1713.7,Credit Card,Paid,2026-05-16,2026-05-20,Delivered,WH-Central,0,Multi-year
SAL-00841,ORD-00421,2,2024-05-21,2024,2024-05,C004,Cedar & Stone,SMB,Hospitality,Europe,Canada,P105,Storage Array,Hardware,Storage,SKU-P105-1,8,1287.69,0.15,10301.52,8756.29,USD,Marketplace,R. Kim,735.2,2874.71,Wire Transfer,Paid,2024-05-23,2024-05-30,Delivered,WH-East,0,Standard
SAL-00842,ORD-00422,1,2023-03-16,2023,2023-03,C006,Sunrise Market,SMB,Retail,Asia Pacific,United States,P109,Forecasting Add-on,Software,Analytics,SKU-P109-4,33,311.32,0.05,10273.56,9759.88,USD,Direct,M. Garcia,177.23,3911.15,Credit Card,Pending,2023-03-18,2023-03-21,Delivered,WH-Central,0,Multi-year
SAL-00843,ORD-00422,2,2024-02-02,2024,2024-02,C004,Cedar & Stone,SMB,Hospitality,Europe,Canada,P101,Cloud Data Suite,Software,Cloud,SKU-P101-2,11,655.97,0.15,7215.67,6133.32,USD,Online,R. Kim,404.94,1679.0,ACH,Pending,2024-02-13,2024-02-18,Delivered,WH-East,0,Standard
SAL-00844,ORD-00423,1,2024-09-15,2024,2024-09,C002,Blue Ridge Systems,Enterprise,Technology,North America,Germany,P106,Integration Services,Services,Consulting,SKU-P106-4,8,1536.74,0.05,12293.92,11679.22,USD,Online,M. Garcia,1080.25,3037.22,Credit Card,Paid,2024-09-25,2024-10-02,Delivered,WH-East,0,Multi-year
SAL-00845,ORD-00423,2,2024-06-15,2024,2024-06,C002,Blue Ridge Systems,Enterprise,Technology,North America,Singapore,P105,Storage Array,Hardware,Storage,SKU-P105-4,2,1277.39,0.1,2554.78,2299.3,USD,Direct,M. Garcia,583.24,1132.82,Wire Transfer,Paid,2024-06-29,2024-07-07,Delivered,WH-East,0,Multi-year
SAL-00846,ORD-00424,1,2023-11-29,2023,2023-11,C004,Cedar & Stone,SMB,Hospitality,Europe,Germany,P102,Edge Gateway,Hardware,Networking,SKU-P102-4,23,378.91,0.05,8714.93,8279.18,USD,Online,M. Garcia,192.89,3842.77,ACH,Overdue,2023-12-08,2023-12-16,Delivered,WH-EU,0,Annual
SAL-00847,ORD-00424,2,2024-01-24,2024,2024-01,C001,Northstar Retail,Retail,Consumer Goods,North America,Canada,P104,Insight Pro License,Software,Licenses,SKU-P104-1,35,161.33,0,5646.55,5646.55,USD,Marketplace,S. Johnson,93.1,2387.94,Wire Transfer,Paid,2024-01-26,2024-02-01,Delivered,WH-Central,0,Annual
SAL-00848,ORD-00425,1,2026-03-26,2026,2026-03,C001,Northstar Retail,Retail,Consumer Goods,North America,Singapore,P100,Analytics Platform,Software,Analytics,SKU-P100-4,23,1037.05,0.15,23852.15,20274.33,USD,Marketplace,S. Johnson,457.73,9746.46,Credit Card,Paid,2026-04-04,,Returned,WH-Central,3,Multi-year
SAL-00849,ORD-00425,2,2026-01-15,2026,2026-01,C010,Golden Fields Co.,Mid-Market,Agriculture,Latin America,Germany,P103,Secure Access Kit,Hardware,Security,SKU-P103-1,3,254.88,0,764.64,764.64,USD,Marketplace,M. Garcia,163.33,274.64,ACH,Refunded,2026-01-19,2026-01-22,Delivered,WH-West,0,Multi-year
SAL-00850,ORD-00426,1,2025-08-24,2025,2025-08,C003,Harbor Health Group,Enterprise,Healthcare,North America,United States,P106,Integration Services,Services,Consulting,SKU-P106-2,17,1573.65,0,26752.05,26752.05,USD,Direct,S. Johnson,895.74,11524.47,Net Terms,Paid,2025-08-27,,Shipped,WH-East,0,Standard
SAL-00851,ORD-00426,2,2025-07-05,2025,2025-07,C007,Atlas Public Services,Public Sector,Government,North America,Germany,P101,Cloud Data Suite,Software,Cloud,SKU-P101-3,18,675.81,0,12164.58,12164.58,USD,Partner,S. Johnson,477.33,3572.69,ACH,Paid,2025-07-16,2025-07-20,Delivered,WH-East,0,Multi-year
SAL-00852,ORD-00427,1,2024-10-18,2024,2024-10,C009,Summit Logistics,Enterprise,Transportation,Asia Pacific,Brazil,P102,Edge Gateway,Hardware,Networking,SKU-P102-2,12,456.51,0.05,5478.12,5204.21,USD,Direct,R. Kim,246.73,2243.42,Wire Transfer,Paid,2024-10-31,,Processing,WH-EU,0,Standard
SAL-00853,ORD-00427,2,2023-12-08,2023,2023-12,C001,Northstar Retail,Retail,Consumer Goods,North America,Germany,P104,Insight Pro License,Software,Licenses,SKU-P104-1,16,188.41,0.05,3014.56,2863.83,USD,Direct,A. Patel,125.9,849.43,ACH,Overdue,2023-12-13,,Shipped,WH-East,0,Annual
SAL-00854,ORD-00428,1,2026-06-07,2026,2026-06,C010,Golden Fields Co.,Mid-Market,Agriculture,Latin America,Canada,P108,Mobile Scanner,Hardware,Devices,SKU-P108-3,2,174.09,0.1,348.18,313.36,USD,Direct,A. Patel,101.72,109.92,Credit Card,Paid,2026-06-23,,Cancelled,WH-Central,0,Standard
SAL-00855,ORD-00428,2,2023-06-03,2023,2023-06,C005,Vertex Manufacturing,Enterprise,Manufacturing,Europe,Canada,P100,Analytics Platform,Software,Analytics,SKU-P100-2,28,940.12,0.1,26323.36,23691.02,USD,Online,A. Patel,537.24,8648.31,ACH,Paid,2023-06-12,2023-06-19,Delivered,WH-West,0,Annual
SAL-00856,ORD-00429,1,2023-01-01,2023,2023-01,C007,Atlas Public Services,Public Sector,Government,North America,Canada,P104,Insight Pro License,Software,Licenses,SKU-P104-2,4,183.64,0,734.56,734.56,USD,Marketplace,S. Johnson,125.19,233.78,Net Terms,Paid,2023-01-08,2023-01-15,Delivered,WH-East,0,Annual
SAL-00857,ORD-00429,2,2026-07-13,2026,2026-07,C008,Evergreen Labs,SMB,Healthcare,Europe,United States,P100,Analytics Platform,Software,Analytics,SKU-P100-1,18,1013.7,0.1,18246.6,16421.94,USD,Marketplace,M. Garcia,476.91,7837.53,Credit Card,Pending,2026-07-20,2026-07-21,Delivered,WH-EU,0,Standard
SAL-00858,ORD-00430,1,2025-07-25,2025,2025-07,C002,Blue Ridge Systems,Enterprise,Technology,North America,United Kingdom,P107,Support Renewal,Services,Support,SKU-P107-1,14,363.76,0.2,5092.64,4074.11,USD,Partner,R. Kim,204.03,1217.69,ACH,Paid,2025-08-09,2025-08-11,Delivered,WH-Central,0,Multi-year
SAL-00859,ORD-00430,2,2025-09-29,2025,2025-09,C002,Blue Ridge Systems,Enterprise,Technology,North America,United Kingdom,P101,Cloud Data Suite,Software,Cloud,SKU-P101-3,3,767.0,0,2301.0,2301.0,USD,Marketplace,A. Patel,545.36,664.91,Credit Card,Paid,2025-10-03,2025-10-11,Delivered,WH-West,0,Standard
SAL-00860,ORD-00431,1,2024-09-27,2024,2024-09,C005,Vertex Manufacturing,Enterprise,Manufacturing,Europe,Canada,P107,Support Renewal,Services,Support,SKU-P107-4,1,393.64,0.05,393.64,373.96,USD,Online,S. Johnson,271.84,102.12,Wire Transfer,Paid,2024-09-28,,Shipped,WH-West,0,Annual
SAL-00861,ORD-00431,2,2025-01-15,2025,2025-01,C001,Northstar Retail,Retail,Consumer Goods,North America,Brazil,P104,Insight Pro License,Software,Licenses,SKU-P104-4,28,183.2,0,5129.6,5129.6,USD,Online,J. Chen,97.35,2403.93,Wire Transfer,Paid,2025-01-23,2025-01-31,Delivered,WH-Central,0,Multi-year
SAL-00862,ORD-00432,1,2023-01-17,2023,2023-01,C010,Golden Fields Co.,Mid-Market,Agriculture,Latin America,United Kingdom,P107,Support Renewal,Services,Support,SKU-P107-3,2,348.85,0.15,697.7,593.05,USD,Online,J. Chen,205.62,181.81,Net Terms,Overdue,2023-01-26,2023-02-01,Delivered,WH-Central,0,Standard
SAL-00863,ORD-00432,2,2025-09-03,2025,2025-09,C001,Northstar Retail,Retail,Consumer Goods,North America,Brazil,P103,Secure Access Kit,Hardware,Security,SKU-P103-2,17,287.3,0.1,4884.1,4395.69,USD,Partner,S. Johnson,182.29,1296.71,Net Terms,Refunded,2025-09-13,,Cancelled,WH-EU,0,Multi-year
SAL-00864,ORD-00433,1,2026-03-01,2026,2026-03,C007,Atlas Public Services,Public Sector,Government,North America,Brazil,P107,Support Renewal,Services,Support,SKU-P107-2,4,371.67,0,1486.68,1486.68,USD,Partner,J. Chen,259.91,447.04,Wire Transfer,Paid,2026-03-11,2026-03-14,Delivered,WH-West,0,Multi-year
SAL-00865,ORD-00433,2,2024-09-20,2024,2024-09,C009,Summit Logistics,Enterprise,Transportation,Asia Pacific,Brazil,P107,Support Renewal,Services,Support,SKU-P107-4,30,388.24,0.05,11647.2,11064.84,USD,Direct,J. Chen,221.71,4413.58,ACH,Paid,2024-10-03,,Cancelled,WH-EU,0,Standard
SAL-00866,ORD-00434,1,2025-09-08,2025,2025-09,C006,Sunrise Market,SMB,Retail,Asia Pacific,Singapore,P109,Forecasting Add-on,Software,Analytics,SKU-P109-4,31,327.36,0,10148.16,10148.16,USD,Marketplace,S. Johnson,225.5,3157.79,Credit Card,Paid,2025-09-16,,Shipped,WH-Central,0,Standard
SAL-00867,ORD-00434,2,2025-05-16,2025,2025-05,C006,Sunrise Market,SMB,Retail,Asia Pacific,United Kingdom,P104,Insight Pro License,Software,Licenses,SKU-P104-1,10,163.25,0,1632.5,1632.5,USD,Direct,J. Chen,114.68,485.7,Credit Card,Paid,2025-05-22,2025-05-26,Delivered,WH-West,0,Multi-year
SAL-00868,ORD-00435,1,2023-09-02,2023,2023-09,C005,Vertex Manufacturing,Enterprise,Manufacturing,Europe,Germany,P108,Mobile Scanner,Hardware,Devices,SKU-P108-4,2,173.01,0.1,346.02,311.42,USD,Online,J. Chen,76.36,158.69,Net Terms,Paid,2023-09-13,,Cancelled,WH-East,0,Multi-year
SAL-00869,ORD-00435,2,2026-01-31,2026,2026-01,C006,Sunrise Market,SMB,Retail,Asia Pacific,Brazil,P108,Mobile Scanner,Hardware,Devices,SKU-P108-2,33,195.16,0,6440.28,6440.28,USD,Direct,M. Garcia,121.01,2446.84,Credit Card,Overdue,2026-02-16,2026-02-23,Delivered,WH-West,0,Standard
SAL-00870,ORD-00436,1,2024-05-24,2024,2024-05,C005,Vertex Manufacturing,Enterprise,Manufacturing,Europe,Canada,P105,Storage Array,Hardware,Storage,SKU-P105-3,24,1186.75,0.1,28482.0,25633.8,USD,Online,J. Chen,711.85,8549.47,ACH,Paid,2024-05-30,,Processing,WH-Central,0,Standard
SAL-00871,ORD-00436,2,2025-04-09,2025,2025-04,C007,Atlas Public Services,Public Sector,Government,North America,Germany,P101,Cloud Data Suite,Software,Cloud,SKU-P101-1,35,743.3,0.1,26015.5,23413.95,USD,Partner,R. Kim,489.79,6271.23,Credit Card,Paid,2025-04-14,2025-04-20,Delivered,WH-East,0,Multi-year
SAL-00872,ORD-00437,1,2025-12-10,2025,2025-12,C009,Summit Logistics,Enterprise,Transportation,Asia Pacific,Germany,P107,Support Renewal,Services,Support,SKU-P107-4,22,379.59,0,8350.98,8350.98,USD,Marketplace,J. Chen,223.06,3443.64,Net Terms,Refunded,2025-12-23,,Processing,WH-EU,0,Annual
SAL-00873,ORD-00437,2,2026-09-22,2026,2026-09,C002,Blue Ridge Systems,Enterprise,Technology,North America,Canada,P104,Insight Pro License,Software,Licenses,SKU-P104-3,13,195.17,0.15,2537.21,2156.63,USD,Direct,J. Chen,94.89,923.12,ACH,Paid,2026-09-28,2026-10-06,Delivered,WH-West,0,Annual
SAL-00874,ORD-00438,1,2026-01-21,2026,2026-01,C007,Atlas Public Services,Public Sector,Government,North America,United States,P108,Mobile Scanner,Hardware,Devices,SKU-P108-4,32,192.96,0.15,6174.72,5248.51,USD,Online,M. Garcia,122.68,1322.86,ACH,Paid,2026-01-26,,Processing,WH-West,0,Standard
SAL-00875,ORD-00438,2,2023-05-23,2023,2023-05,C008,Evergreen Labs,SMB,Healthcare,Europe,United States,P109,Forecasting Add-on,Software,Analytics,SKU-P109-4,8,338.06,0,2704.48,2704.48,USD,Partner,J. Chen,181.44,1252.98,Net Terms,Paid,2023-05-26,2023-06-03,Delivered,WH-West,0,Standard
SAL-00876,ORD-00439,1,2026-02-20,2026,2026-02,C004,Cedar & Stone,SMB,Hospitality,Europe,Germany,P103,Secure Access Kit,Hardware,Security,SKU-P103-2,19,262.12,0.05,4980.28,4731.27,USD,Direct,A. Patel,126.52,2327.3,Credit Card,Paid,2026-03-04,2026-03-09,Delivered,WH-EU,0,Multi-year
SAL-00877,ORD-00439,2,2023-06-16,2023,2023-06,C009,Summit Logistics,Enterprise,Transportation,Asia Pacific,United States,P109,Forecasting Add-on,Software,Analytics,SKU-P109-2,5,334.9,0,1674.5,1674.5,USD,Direct,J. Chen,178.01,784.45,Credit Card,Paid,2023-06-28,2023-07-06,Delivered,WH-East,0,Multi-year
SAL-00878,ORD-00440,1,2026-09-23,2026,2026-09,C003,Harbor Health Group,Enterprise,Healthcare,North America,Germany,P105,Storage Array,Hardware,Storage,SKU-P105-3,29,1248.23,0,36198.67,36198.67,USD,Marketplace,S. Johnson,725.77,15151.46,Wire Transfer,Paid,2026-10-08,2026-10-09,Delivered,WH-Central,0,Standard
SAL-00879,ORD-00440,2,2024-03-31,2024,2024-03,C009,Summit Logistics,Enterprise,Transportation,Asia Pacific,United Kingdom,P100,Analytics Platform,Software,Analytics,SKU-P100-4,21,932.9,0,19590.9,19590.9,USD,Partner,R. Kim,600.18,6987.2,ACH,Overdue,2024-04-05,2024-04-10,Delivered,WH-EU,0,Multi-year
SAL-00880,ORD-00441,1,2026-08-24,2026,2026-08,C009,Summit Logistics,Enterprise,Transportation,Asia Pacific,Germany,P106,Integration Services,Services,Consulting,SKU-P106-3,11,1528.1,0.05,16809.1,15968.64,USD,Partner,S. Johnson,964.78,5356.05,ACH,Overdue,2026-08-28,2026-09-04,Delivered,WH-EU,0,Standard
SAL-00881,ORD-00441,2,2026-03-18,2026,2026-03,C010,Golden Fields Co.,Mid-Market,Agriculture,Latin America,United States,P106,Integration Services,Services,Consulting,SKU-P106-4,24,1365.83,0,32779.92,32779.92,USD,Partner,M. Garcia,745.25,14893.94,ACH,Paid,2026-03-20,,Shipped,WH-East,0,Multi-year
SAL-00882,ORD-00442,1,2026-06-01,2026,2026-06,C007,Atlas Public Services,Public Sector,Government,North America,United States,P101,Cloud Data Suite,Software,Cloud,SKU-P101-1,12,716.72,0,8600.64,8600.64,USD,Marketplace,M. Garcia,530.49,2234.82,Credit Card,Paid,2026-06-04,2026-06-09,Delivered,WH-West,0,Annual
SAL-00883,ORD-00442,2,2024-06-01,2024,2024-06,C010,Golden Fields Co.,Mid-Market,Agriculture,Latin America,Germany,P108,Mobile Scanner,Hardware,Devices,SKU-P108-4,21,179.31,0.1,3765.51,3388.96,USD,Partner,R. Kim,79.12,1727.44,Credit Card,Paid,2024-06-06,,Processing,WH-EU,0,Standard
SAL-00884,ORD-00443,1,2024-12-23,2024,2024-12,C001,Northstar Retail,Retail,Consumer Goods,North America,Germany,P109,Forecasting Add-on,Software,Analytics,SKU-P109-2,18,298.91,0,5380.38,5380.38,USD,Direct,R. Kim,143.56,2796.29,ACH,Pending,2024-12-30,2025-01-01,Delivered,WH-Central,0,Multi-year
SAL-00885,ORD-00443,2,2023-07-07,2023,2023-07,C005,Vertex Manufacturing,Enterprise,Manufacturing,Europe,United States,P102,Edge Gateway,Hardware,Networking,SKU-P102-3,16,369.62,0.05,5913.92,5618.22,USD,Marketplace,J. Chen,256.57,1513.05,Net Terms,Paid,2023-07-15,2023-07-20,Delivered,WH-EU,0,Annual
SAL-00886,ORD-00444,1,2023-12-27,2023,2023-12,C002,Blue Ridge Systems,Enterprise,Technology,North America,United States,P109,Forecasting Add-on,Software,Analytics,SKU-P109-4,34,293.25,0.15,9970.5,8474.92,USD,Direct,S. Johnson,151.11,3337.07,Wire Transfer,Overdue,2024-01-12,,Shipped,WH-EU,0,Annual
SAL-00887,ORD-00444,2,2026-02-24,2026,2026-02,C004,Cedar & Stone,SMB,Hospitality,Europe,United States,P101,Cloud Data Suite,Software,Cloud,SKU-P101-2,9,656.37,0.05,5907.33,5611.96,USD,Online,R. Kim,470.92,1373.66,Wire Transfer,Pending,2026-03-06,2026-03-07,Delivered,WH-Central,0,Multi-year
SAL-00888,ORD-00445,1,2025-06-14,2025,2025-06,C006,Sunrise Market,SMB,Retail,Asia Pacific,Germany,P109,Forecasting Add-on,Software,Analytics,SKU-P109-3,15,307.21,0.1,4608.15,4147.34,USD,Marketplace,S. Johnson,205.23,1068.89,Credit Card,Paid,2025-06-25,,Returned,WH-East,13,Annual
SAL-00889,ORD-00445,2,2024-03-12,2024,2024-03,C006,Sunrise Market,SMB,Retail,Asia Pacific,United States,P107,Support Renewal,Services,Support,SKU-P107-1,6,374.83,0.1,2248.98,2024.08,USD,Marketplace,S. Johnson,164.72,1035.78,Net Terms,Paid,2024-03-27,2024-04-02,Delivered,WH-East,0,Standard
SAL-00890,ORD-00446,1,2024-07-27,2024,2024-07,C007,Atlas Public Services,Public Sector,Government,North America,Singapore,P100,Analytics Platform,Software,Analytics,SKU-P100-4,14,1022.83,0,14319.62,14319.62,USD,Direct,A. Patel,585.76,6118.97,Net Terms,Paid,2024-08-05,2024-08-07,Delivered,WH-East,0,Multi-year
SAL-00891,ORD-00446,2,2026-03-16,2026,2026-03,C006,Sunrise Market,SMB,Retail,Asia Pacific,United Kingdom,P104,Insight Pro License,Software,Licenses,SKU-P104-1,12,170.95,0,2051.4,2051.4,USD,Direct,S. Johnson,85.96,1019.92,Wire Transfer,Paid,2026-03-24,2026-03-25,Delivered,WH-Central,0,Multi-year
SAL-00892,ORD-00447,1,2023-10-01,2023,2023-10,C010,Golden Fields Co.,Mid-Market,Agriculture,Latin America,Germany,P102,Edge Gateway,Hardware,Networking,SKU-P102-4,34,388.48,0.15,13208.32,11227.07,USD,Direct,S. Johnson,181.98,5039.91,Wire Transfer,Paid,2023-10-02,2023-10-07,Delivered,WH-EU,0,Standard
SAL-00893,ORD-00447,2,2024-10-29,2024,2024-10,C008,Evergreen Labs,SMB,Healthcare,Europe,United States,P103,Secure Access Kit,Hardware,Security,SKU-P103-3,28,292.06,0.05,8177.68,7768.8,USD,Partner,S. Johnson,205.94,2002.59,Wire Transfer,Overdue,2024-11-10,2024-11-16,Delivered,WH-East,0,Annual
SAL-00894,ORD-00448,1,2025-09-24,2025,2025-09,C007,Atlas Public Services,Public Sector,Government,North America,United Kingdom,P106,Integration Services,Services,Consulting,SKU-P106-2,20,1646.45,0.05,32929.0,31282.55,USD,Marketplace,J. Chen,795.78,15367.04,Net Terms,Refunded,2025-09-29,,Shipped,WH-Central,0,Standard
SAL-00895,ORD-00448,2,2025-12-26,2025,2025-12,C009,Summit Logistics,Enterprise,Transportation,Asia Pacific,Singapore,P101,Cloud Data Suite,Software,Cloud,SKU-P101-2,25,684.71,0,17117.75,17117.75,USD,Online,R. Kim,340.29,8610.48,Credit Card,Paid,2026-01-10,2026-01-17,Delivered,WH-West,0,Multi-year
SAL-00896,ORD-00449,1,2025-04-09,2025,2025-04,C008,Evergreen Labs,SMB,Healthcare,Europe,United Kingdom,P109,Forecasting Add-on,Software,Analytics,SKU-P109-2,22,339.55,0.15,7470.1,6349.59,USD,Marketplace,R. Kim,167.39,2667.01,Credit Card,Paid,2025-04-12,2025-04-18,Delivered,WH-West,0,Standard
SAL-00897,ORD-00449,2,2023-05-24,2023,2023-05,C010,Golden Fields Co.,Mid-Market,Agriculture,Latin America,United States,P101,Cloud Data Suite,Software,Cloud,SKU-P101-4,12,701.24,0.05,8414.88,7994.14,USD,Direct,R. Kim,359.54,3679.62,Net Terms,Paid,2023-05-26,2023-06-01,Delivered,WH-EU,0,Multi-year
SAL-00898,ORD-00450,1,2023-02-27,2023,2023-02,C004,Cedar & Stone,SMB,Hospitality,Europe,Canada,P103,Secure Access Kit,Hardware,Security,SKU-P103-1,20,305.79,0.05,6115.8,5810.01,USD,Partner,J. Chen,204.93,1711.34,Net Terms,Paid,2023-03-04,2023-03-12,Delivered,WH-West,0,Multi-year
SAL-00899,ORD-00450,2,2024-12-07,2024,2024-12,C007,Atlas Public Services,Public Sector,Government,North America,Brazil,P100,Analytics Platform,Software,Analytics,SKU-P100-2,1,1007.16,0,1007.16,1007.16,USD,Online,S. Johnson,719.24,287.92,ACH,Paid,2024-12-22,2024-12-28,Delivered,WH-West,0,Multi-year
SAL-00900,ORD-00451,1,2026-05-03,2026,2026-05,C005,Vertex Manufacturing,Enterprise,Manufacturing,Europe,Singapore,P106,Integration Services,Services,Consulting,SKU-P106-1,6,1404.28,0.2,8425.68,6740.54,USD,Online,S. Johnson,682.91,2643.08,Credit Card,Paid,2026-05-06,,Cancelled,WH-EU,0,Multi-year
SAL-00901,ORD-00451,2,2025-05-04,2025,2025-05,C008,Evergreen Labs,SMB,Healthcare,Europe,Brazil,P105,Storage Array,Hardware,Storage,SKU-P105-4,30,1153.18,0,34595.4,34595.4,USD,Direct,J. Chen,582.71,17114.02,Net Terms,Paid,2025-05-10,,Returned,WH-EU,23,Multi-year
SAL-00902,ORD-00452,1,2025-02-11,2025,2025-02,C003,Harbor Health Group,Enterprise,Healthcare,North America,Germany,P106,Integration Services,Services,Consulting,SKU-P106-3,26,1497.02,0.1,38922.52,35030.27,USD,Partner,R. Kim,870.53,12396.44,ACH,Overdue,2025-02-20,,Shipped,WH-East,0,Standard
SAL-00903,ORD-00452,2,2025-03-14,2025,2025-03,C004,Cedar & Stone,SMB,Hospitality,Europe,United Kingdom,P109,Forecasting Add-on,Software,Analytics,SKU-P109-4,12,323.11,0.2,3877.32,3101.86,USD,Marketplace,R. Kim,140.41,1416.99,ACH,Paid,2025-03-15,2025-03-19,Delivered,WH-West,0,Standard
SAL-00904,ORD-00453,1,2024-11-30,2024,2024-11,C010,Golden Fields Co.,Mid-Market,Agriculture,Latin America,Singapore,P108,Mobile Scanner,Hardware,Devices,SKU-P108-4,19,190.01,0.1,3610.19,3249.17,USD,Direct,R. Kim,119.73,974.21,Credit Card,Paid,2024-12-15,,Shipped,WH-East,0,Annual
SAL-00905,ORD-00453,2,2026-10-05,2026,2026-10,C007,Atlas Public Services,Public Sector,Government,North America,United States,P101,Cloud Data Suite,Software,Cloud,SKU-P101-1,16,745.7,0,11931.2,11931.2,USD,Marketplace,A. Patel,361.89,6140.9,ACH,Paid,2026-10-12,,Cancelled,WH-West,0,Standard
SAL-00906,ORD-00454,1,2023-10-11,2023,2023-10,C007,Atlas Public Services,Public Sector,Government,North America,Singapore,P103,Secure Access Kit,Hardware,Security,SKU-P103-4,12,303.25,0.1,3639.0,3275.1,USD,Direct,S. Johnson,202.08,850.19,Credit Card,Paid,2023-10-25,2023-10-27,Delivered,WH-Central,0,Annual
SAL-00907,ORD-00454,2,2026-03-11,2026,2026-03,C006,Sunrise Market,SMB,Retail,Asia Pacific,United Kingdom,P105,Storage Array,Hardware,Storage,SKU-P105-1,35,1169.4,0,40929.0,40929.0,USD,Marketplace,S. Johnson,814.34,12427.08,Net Terms,Paid,2026-03-21,2026-03-28,Delivered,WH-East,0,Standard
SAL-00908,ORD-00455,1,2024-02-14,2024,2024-02,C006,Sunrise Market,SMB,Retail,Asia Pacific,Germany,P101,Cloud Data Suite,Software,Cloud,SKU-P101-2,4,711.27,0.1,2845.08,2560.57,USD,Marketplace,S. Johnson,319.51,1282.53,ACH,Pending,2024-02-19,2024-02-23,Delivered,WH-West,0,Standard
SAL-00909,ORD-00455,2,2026-08-09,2026,2026-08,C003,Harbor Health Group,Enterprise,Healthcare,North America,Germany,P109,Forecasting Add-on,Software,Analytics,SKU-P109-4,21,299.2,0.05,6283.2,5969.04,USD,Direct,J. Chen,153.61,2743.26,Net Terms,Overdue,2026-08-10,2026-08-12,Delivered,WH-East,0,Standard
SAL-00910,ORD-00456,1,2023-12-14,2023,2023-12,C006,Sunrise Market,SMB,Retail,Asia Pacific,United States,P109,Forecasting Add-on,Software,Analytics,SKU-P109-2,10,336.2,0.05,3362.0,3193.9,USD,Online,S. Johnson,179.45,1399.37,ACH,Pending,2023-12-21,2023-12-25,Delivered,WH-EU,0,Multi-year
SAL-00911,ORD-00456,2,2026-08-29,2026,2026-08,C010,Golden Fields Co.,Mid-Market,Agriculture,Latin America,United States,P100,Analytics Platform,Software,Analytics,SKU-P100-3,30,904.77,0.2,27143.1,21714.48,USD,Partner,M. Garcia,452.48,8140.09,Net Terms,Overdue,2026-09-14,2026-09-22,Delivered,WH-West,0,Multi-year
SAL-00912,ORD-00457,1,2023-09-09,2023,2023-09,C003,Harbor Health Group,Enterprise,Healthcare,North America,Germany,P107,Support Renewal,Services,Support,SKU-P107-4,35,357.72,0.1,12520.2,11268.18,USD,Direct,M. Garcia,229.16,3247.58,ACH,Pending,2023-09-10,2023-09-14,Delivered,WH-West,0,Standard
SAL-00913,ORD-00457,2,2025-12-12,2025,2025-12,C004,Cedar & Stone,SMB,Hospitality,Europe,United Kingdom,P108,Mobile Scanner,Hardware,Devices,SKU-P108-2,20,213.62,0.15,4272.4,3631.54,USD,Partner,J. Chen,132.88,973.84,Net Terms,Paid,2025-12-28,,Shipped,WH-East,0,Standard
SAL-00914,ORD-00458,1,2026-06-05,2026,2026-06,C004,Cedar & Stone,SMB,Hospitality,Europe,Germany,P108,Mobile Scanner,Hardware,Devices,SKU-P108-3,6,203.63,0,1221.78,1221.78,USD,Online,M. Garcia,118.56,510.41,ACH,Paid,2026-06-13,2026-06-21,Delivered,WH-Central,0,Standard
SAL-00915,ORD-00458,2,2025-11-15,2025,2025-11,C009,Summit Logistics,Enterprise,Transportation,Asia Pacific,Singapore,P108,Mobile Scanner,Hardware,Devices,SKU-P108-4,32,200.25,0,6408.0,6408.0,USD,Online,M. Garcia,141.73,1872.56,ACH,Paid,2025-11-26,2025-11-30,Delivered,WH-West,0,Multi-year
SAL-00916,ORD-00459,1,2024-06-12,2024,2024-06,C008,Evergreen Labs,SMB,Healthcare,Europe,Canada,P100,Analytics Platform,Software,Analytics,SKU-P100-2,9,1047.59,0.05,9428.31,8956.89,USD,Partner,S. Johnson,594.66,3604.97,Wire Transfer,Paid,2024-06-23,2024-06-27,Delivered,WH-West,0,Multi-year
SAL-00917,ORD-00459,2,2023-04-14,2023,2023-04,C005,Vertex Manufacturing,Enterprise,Manufacturing,Europe,United States,P107,Support Renewal,Services,Support,SKU-P107-1,7,323.99,0.2,2267.93,1814.34,USD,Marketplace,R. Kim,168.98,631.45,Net Terms,Paid,2023-04-27,2023-04-30,Delivered,WH-East,0,Annual
SAL-00918,ORD-00460,1,2026-08-22,2026,2026-08,C010,Golden Fields Co.,Mid-Market,Agriculture,Latin America,Canada,P101,Cloud Data Suite,Software,Cloud,SKU-P101-2,32,654.48,0.1,20943.36,18849.02,USD,Direct,A. Patel,326.28,8408.03,Net Terms,Overdue,2026-09-06,,Returned,WH-Central,17,Multi-year
SAL-00919,ORD-00460,2,2024-10-09,2024,2024-10,C001,Northstar Retail,Retail,Consumer Goods,North America,Germany,P105,Storage Array,Hardware,Storage,SKU-P105-2,6,1291.02,0.05,7746.12,7358.81,USD,Marketplace,S. Johnson,890.48,2015.91,Credit Card,Paid,2024-10-15,2024-10-16,Delivered,WH-Central,0,Standard
SAL-00920,ORD-00461,1,2023-12-13,2023,2023-12,C004,Cedar & Stone,SMB,Hospitality,Europe,United States,P106,Integration Services,Services,Consulting,SKU-P106-2,31,1386.31,0,42975.61,42975.61,USD,Direct,A. Patel,840.64,16915.92,Wire Transfer,Paid,2023-12-27,2024-01-03,Delivered,WH-East,0,Annual
SAL-00921,ORD-00461,2,2023-07-27,2023,2023-07,C002,Blue Ridge Systems,Enterprise,Technology,North America,Brazil,P107,Support Renewal,Services,Support,SKU-P107-3,16,351.24,0.05,5619.84,5338.85,USD,Partner,S. Johnson,173.77,2558.52,Wire Transfer,Paid,2023-08-03,2023-08-07,Delivered,WH-East,0,Standard
SAL-00922,ORD-00462,1,2023-10-01,2023,2023-10,C003,Harbor Health Group,Enterprise,Healthcare,North America,United States,P104,Insight Pro License,Software,Licenses,SKU-P104-3,5,163.06,0.05,815.3,774.53,USD,Marketplace,J. Chen,95.76,295.74,Credit Card,Paid,2023-10-12,,Processing,WH-West,0,Multi-year
SAL-00923,ORD-00462,2,2023-02-05,2023,2023-02,C004,Cedar & Stone,SMB,Hospitality,Europe,United States,P104,Insight Pro License,Software,Licenses,SKU-P104-2,31,201.32,0.05,6240.92,5928.87,USD,Partner,A. Patel,123.08,2113.29,Net Terms,Pending,2023-02-15,2023-02-18,Delivered,WH-East,0,Annual
SAL-00924,ORD-00463,1,2024-05-09,2024,2024-05,C007,Atlas Public Services,Public Sector,Government,North America,Brazil,P106,Integration Services,Services,Consulting,SKU-P106-1,14,1597.4,0.2,22363.6,17890.88,USD,Marketplace,S. Johnson,853.3,5944.63,Wire Transfer,Refunded,2024-05-22,2024-05-23,Delivered,WH-East,0,Annual
SAL-00925,ORD-00463,2,2025-03-01,2025,2025-03,C005,Vertex Manufacturing,Enterprise,Manufacturing,Europe,Brazil,P108,Mobile Scanner,Hardware,Devices,SKU-P108-2,14,203.98,0,2855.72,2855.72,USD,Online,S. Johnson,98.54,1476.19,Wire Transfer,Paid,2025-03-02,2025-03-04,Delivered,WH-EU,0,Annual
SAL-00926,ORD-00464,1,2023-05-10,2023,2023-05,C009,Summit Logistics,Enterprise,Transportation,Asia Pacific,Canada,P105,Storage Array,Hardware,Storage,SKU-P105-2,10,1162.74,0.05,11627.4,11046.03,USD,Online,A. Patel,535.6,5690.07,Net Terms,Pending,2023-05-14,,Returned,WH-EU,9,Multi-year
SAL-00927,ORD-00464,2,2023-09-29,2023,2023-09,C002,Blue Ridge Systems,Enterprise,Technology,North America,United States,P102,Edge Gateway,Hardware,Networking,SKU-P102-4,2,430.98,0,861.96,861.96,USD,Marketplace,M. Garcia,290.2,281.56,ACH,Paid,2023-10-07,2023-10-13,Delivered,WH-West,0,Multi-year
SAL-00928,ORD-00465,1,2023-12-08,2023,2023-12,C010,Golden Fields Co.,Mid-Market,Agriculture,Latin America,Singapore,P107,Support Renewal,Services,Support,SKU-P107-4,17,385.8,0.2,6558.6,5246.88,USD,Direct,J. Chen,150.29,2691.9,Credit Card,Paid,2023-12-14,,Shipped,WH-EU,0,Annual
SAL-00929,ORD-00465,2,2023-10-23,2023,2023-10,C010,Golden Fields Co.,Mid-Market,Agriculture,Latin America,United States,P108,Mobile Scanner,Hardware,Devices,SKU-P108-3,16,211.44,0,3383.04,3383.04,USD,Direct,R. Kim,112.85,1577.46,Net Terms,Pending,2023-10-26,,Shipped,WH-East,0,Multi-year
SAL-00930,ORD-00466,1,2023-08-20,2023,2023-08,C001,Northstar Retail,Retail,Consumer Goods,North America,Singapore,P104,Insight Pro License,Software,Licenses,SKU-P104-1,27,185.28,0.05,5002.56,4752.43,USD,Marketplace,R. Kim,96.47,2147.82,ACH,Paid,2023-08-25,,Shipped,WH-Central,0,Multi-year
SAL-00931,ORD-00466,2,2024-09-09,2024,2024-09,C002,Blue Ridge Systems,Enterprise,Technology,North America,Canada,P107,Support Renewal,Services,Support,SKU-P107-3,33,372.52,0.1,12293.16,11063.84,USD,Marketplace,M. Garcia,234.78,3316.1,Credit Card,Paid,2024-09-24,2024-09-27,Delivered,WH-East,0,Annual
SAL-00932,ORD-00467,1,2024-03-15,2024,2024-03,C006,Sunrise Market,SMB,Retail,Asia Pacific,United States,P104,Insight Pro License,Software,Licenses,SKU-P104-4,24,165.72,0,3977.28,3977.28,USD,Direct,J. Chen,96.26,1666.98,Wire Transfer,Paid,2024-03-20,2024-03-21,Delivered,WH-East,0,Multi-year
SAL-00933,ORD-00467,2,2025-02-21,2025,2025-02,C001,Northstar Retail,Retail,Consumer Goods,North America,United States,P109,Forecasting Add-on,Software,Analytics,SKU-P109-1,34,360.56,0.05,12259.04,11646.09,USD,Marketplace,S. Johnson,206.13,4637.72,Credit Card,Paid,2025-03-02,2025-03-10,Delivered,WH-West,0,Standard
SAL-00934,ORD-00468,1,2026-06-15,2026,2026-06,C002,Blue Ridge Systems,Enterprise,Technology,North America,Brazil,P103,Secure Access Kit,Hardware,Security,SKU-P103-4,22,292.39,0.1,6432.58,5789.32,USD,Marketplace,A. Patel,190.25,1603.72,Wire Transfer,Pending,2026-06-22,2026-06-23,Delivered,WH-Central,0,Multi-year
SAL-00935,ORD-00468,2,2024-05-14,2024,2024-05,C004,Cedar & Stone,SMB,Hospitality,Europe,United States,P108,Mobile Scanner,Hardware,Devices,SKU-P108-4,2,172.22,0.15,344.44,292.77,USD,Direct,M. Garcia,94.98,102.8,ACH,Paid,2024-05-29,2024-06-04,Delivered,WH-EU,0,Multi-year
SAL-00936,ORD-00469,1,2026-07-09,2026,2026-07,C002,Blue Ridge Systems,Enterprise,Technology,North America,Canada,P105,Storage Array,Hardware,Storage,SKU-P105-1,13,1312.18,0,17058.34,17058.34,USD,Marketplace,J. Chen,802.65,6623.86,Net Terms,Overdue,2026-07-17,2026-07-20,Delivered,WH-Central,0,Standard
SAL-00937,ORD-00469,2,2025-02-06,2025,2025-02,C010,Golden Fields Co.,Mid-Market,Agriculture,Latin America,Singapore,P103,Secure Access Kit,Hardware,Security,SKU-P103-1,10,304.99,0,3049.9,3049.9,USD,Direct,S. Johnson,216.98,880.11,ACH,Paid,2025-02-20,2025-02-28,Delivered,WH-West,0,Annual
SAL-00938,ORD-00470,1,2023-02-08,2023,2023-02,C005,Vertex Manufacturing,Enterprise,Manufacturing,Europe,Germany,P105,Storage Array,Hardware,Storage,SKU-P105-3,26,1123.39,0.15,29208.14,24826.92,USD,Direct,R. Kim,640.0,8187.05,Net Terms,Paid,2023-02-24,2023-03-04,Delivered,WH-EU,0,Multi-year
SAL-00939,ORD-00470,2,2024-10-13,2024,2024-10,C009,Summit Logistics,Enterprise,Transportation,Asia Pacific,Canada,P104,Insight Pro License,Software,Licenses,SKU-P104-3,2,164.17,0,328.34,328.34,USD,Direct,J. Chen,89.06,150.23,Net Terms,Refunded,2024-10-26,2024-11-01,Delivered,WH-East,0,Standard
SAL-00940,ORD-00471,1,2026-03-29,2026,2026-03,C006,Sunrise Market,SMB,Retail,Asia Pacific,United Kingdom,P101,Cloud Data Suite,Software,Cloud,SKU-P101-2,14,779.13,0,10907.82,10907.82,USD,Online,A. Patel,422.81,4988.43,Wire Transfer,Paid,2026-03-31,2026-04-03,Delivered,WH-Central,0,Multi-year
SAL-00941,ORD-00471,2,2023-05-10,2023,2023-05,C008,Evergreen Labs,SMB,Healthcare,Europe,Singapore,P108,Mobile Scanner,Hardware,Devices,SKU-P108-1,26,193.8,0.15,5038.8,4282.98,USD,Direct,A. Patel,116.92,1243.07,Net Terms,Refunded,2023-05-22,2023-05-24,Delivered,WH-East,0,Annual
SAL-00942,ORD-00472,1,2023-12-19,2023,2023-12,C009,Summit Logistics,Enterprise,Transportation,Asia Pacific,United States,P100,Analytics Platform,Software,Analytics,SKU-P100-2,35,947.01,0.15,33145.35,28173.55,USD,Marketplace,J. Chen,438.84,12813.98,Wire Transfer,Paid,2023-12-31,,Processing,WH-Central,0,Standard
SAL-00943,ORD-00472,2,2024-09-15,2024,2024-09,C002,Blue Ridge Systems,Enterprise,Technology,North America,United Kingdom,P109,Forecasting Add-on,Software,Analytics,SKU-P109-3,31,359.43,0.1,11142.33,10028.1,USD,Online,S. Johnson,211.34,3476.63,Credit Card,Pending,2024-09-25,2024-10-03,Delivered,WH-East,0,Annual
SAL-00944,ORD-00473,1,2025-07-08,2025,2025-07,C002,Blue Ridge Systems,Enterprise,Technology,North America,United Kingdom,P109,Forecasting Add-on,Software,Analytics,SKU-P109-4,4,293.9,0.05,1175.6,1116.82,USD,Direct,R. Kim,195.1,336.4,Credit Card,Paid,2025-07-23,2025-07-26,Delivered,WH-West,0,Multi-year
SAL-00945,ORD-00473,2,2024-09-19,2024,2024-09,C001,Northstar Retail,Retail,Consumer Goods,North America,United Kingdom,P106,Integration Services,Services,Consulting,SKU-P106-4,17,1464.35,0.05,24893.95,23649.25,USD,Marketplace,R. Kim,850.65,9188.23,Wire Transfer,Paid,2024-09-21,2024-09-28,Delivered,WH-EU,0,Standard
SAL-00946,ORD-00474,1,2025-09-20,2025,2025-09,C007,Atlas Public Services,Public Sector,Government,North America,United Kingdom,P108,Mobile Scanner,Hardware,Devices,SKU-P108-3,20,189.39,0.15,3787.8,3219.63,USD,Direct,J. Chen,106.17,1096.3,Credit Card,Paid,2025-10-05,2025-10-13,Delivered,WH-Central,0,Multi-year
SAL-00947,ORD-00474,2,2025-03-11,2025,2025-03,C001,Northstar Retail,Retail,Consumer Goods,North America,Canada,P104,Insight Pro License,Software,Licenses,SKU-P104-2,6,175.38,0.1,1052.28,947.05,USD,Partner,R. Kim,111.83,276.09,Credit Card,Paid,2025-03-13,2025-03-15,Delivered,WH-East,0,Multi-year
SAL-00948,ORD-00475,1,2026-09-14,2026,2026-09,C005,Vertex Manufacturing,Enterprise,Manufacturing,Europe,Germany,P100,Analytics Platform,Software,Analytics,SKU-P100-3,6,952.71,0.05,5716.26,5430.45,USD,Marketplace,R. Kim,678.51,1359.4,Credit Card,Paid,2026-09-19,,Processing,WH-EU,0,Annual
SAL-00949,ORD-00475,2,2024-11-23,2024,2024-11,C008,Evergreen Labs,SMB,Healthcare,Europe,United States,P107,Support Renewal,Services,Support,SKU-P107-1,2,356.3,0,712.6,712.6,USD,Marketplace,R. Kim,205.84,300.91,Credit Card,Paid,2024-12-06,,Processing,WH-Central,0,Multi-year
SAL-00950,ORD-00476,1,2026-08-16,2026,2026-08,C006,Sunrise Market,SMB,Retail,Asia Pacific,Germany,P103,Secure Access Kit,Hardware,Security,SKU-P103-1,16,257.66,0.1,4122.56,3710.3,USD,Marketplace,A. Patel,129.76,1634.14,ACH,Paid,2026-08-30,2026-09-02,Delivered,WH-East,0,Multi-year
SAL-00951,ORD-00476,2,2025-10-09,2025,2025-10,C004,Cedar & Stone,SMB,Hospitality,Europe,Brazil,P108,Mobile Scanner,Hardware,Devices,SKU-P108-1,8,207.96,0.15,1663.68,1414.13,USD,Marketplace,S. Johnson,115.59,489.4,Credit Card,Paid,2025-10-24,2025-10-31,Delivered,WH-EU,0,Standard
SAL-00952,ORD-00477,1,2023-03-27,2023,2023-03,C004,Cedar & Stone,SMB,Hospitality,Europe,United Kingdom,P102,Edge Gateway,Hardware,Networking,SKU-P102-2,32,447.82,0.1,14330.24,12897.22,USD,Partner,S. Johnson,216.98,5953.75,ACH,Pending,2023-04-09,2023-04-11,Delivered,WH-Central,0,Annual
SAL-00953,ORD-00477,2,2023-10-14,2023,2023-10,C002,Blue Ridge Systems,Enterprise,Technology,North America,Germany,P103,Secure Access Kit,Hardware,Security,SKU-P103-3,15,306.88,0.05,4603.2,4373.04,USD,Partner,R. Kim,195.07,1446.97,Wire Transfer,Pending,2023-10-24,2023-10-31,Delivered,WH-Central,0,Multi-year
SAL-00954,ORD-00478,1,2026-07-03,2026,2026-07,C010,Golden Fields Co.,Mid-Market,Agriculture,Latin America,United Kingdom,P107,Support Renewal,Services,Support,SKU-P107-4,18,343.85,0.05,6189.3,5879.84,USD,Direct,A. Patel,240.52,1550.5,Net Terms,Refunded,2026-07-19,,Returned,WH-East,8,Multi-year
SAL-00955,ORD-00478,2,2023-07-16,2023,2023-07,C008,Evergreen Labs,SMB,Healthcare,Europe,United States,P109,Forecasting Add-on,Software,Analytics,SKU-P109-3,16,305.73,0.05,4891.68,4647.1,USD,Online,S. Johnson,190.31,1602.19,ACH,Pending,2023-07-17,2023-07-18,Delivered,WH-EU,0,Annual
SAL-00956,ORD-00479,1,2026-02-11,2026,2026-02,C001,Northstar Retail,Retail,Consumer Goods,North America,United Kingdom,P107,Support Renewal,Services,Support,SKU-P107-1,1,349.49,0.1,349.49,314.54,USD,Online,M. Garcia,188.99,125.55,Net Terms,Overdue,2026-02-25,2026-03-03,Delivered,WH-West,0,Standard
SAL-00957,ORD-00479,2,2026-07-10,2026,2026-07,C003,Harbor Health Group,Enterprise,Healthcare,North America,United Kingdom,P100,Analytics Platform,Software,Analytics,SKU-P100-2,3,852.18,0.05,2556.54,2428.71,USD,Direct,J. Chen,461.61,1043.87,Wire Transfer,Refunded,2026-07-19,2026-07-25,Delivered,WH-EU,0,Standard
SAL-00958,ORD-00480,1,2024-10-21,2024,2024-10,C009,Summit Logistics,Enterprise,Transportation,Asia Pacific,Singapore,P101,Cloud Data Suite,Software,Cloud,SKU-P101-1,29,712.67,0,20667.43,20667.43,USD,Partner,M. Garcia,444.91,7764.91,Wire Transfer,Refunded,2024-10-23,2024-10-28,Delivered,WH-West,0,Multi-year
SAL-00959,ORD-00480,2,2023-02-25,2023,2023-02,C003,Harbor Health Group,Enterprise,Healthcare,North America,Germany,P102,Edge Gateway,Hardware,Networking,SKU-P102-2,5,422.75,0.05,2113.75,2008.06,USD,Partner,J. Chen,247.15,772.33,Credit Card,Paid,2023-03-07,2023-03-15,Delivered,WH-EU,0,Annual
SAL-00960,ORD-00481,1,2023-04-17,2023,2023-04,C008,Evergreen Labs,SMB,Healthcare,Europe,United States,P108,Mobile Scanner,Hardware,Devices,SKU-P108-4,22,215.74,0,4746.28,4746.28,USD,Marketplace,J. Chen,151.17,1420.43,Net Terms,Paid,2023-04-22,2023-04-28,Delivered,WH-EU,0,Standard
SAL-00961,ORD-00481,2,2024-06-03,2024,2024-06,C007,Atlas Public Services,Public Sector,Government,North America,United Kingdom,P109,Forecasting Add-on,Software,Analytics,SKU-P109-1,31,313.03,0,9703.93,9703.93,USD,Direct,A. Patel,212.06,3129.96,Net Terms,Pending,2024-06-14,2024-06-18,Delivered,WH-West,0,Standard
SAL-00962,ORD-00482,1,2026-08-24,2026,2026-08,C010,Golden Fields Co.,Mid-Market,Agriculture,Latin America,Brazil,P101,Cloud Data Suite,Software,Cloud,SKU-P101-4,3,801.7,0.05,2405.1,2284.84,USD,Online,J. Chen,420.16,1024.36,Credit Card,Paid,2026-09-01,,Processing,WH-Central,0,Annual
SAL-00963,ORD-00482,2,2025-08-26,2025,2025-08,C009,Summit Logistics,Enterprise,Transportation,Asia Pacific,Singapore,P108,Mobile Scanner,Hardware,Devices,SKU-P108-1,29,204.6,0,5933.4,5933.4,USD,Marketplace,J. Chen,127.46,2237.03,Wire Transfer,Paid,2025-09-01,,Processing,WH-East,0,Multi-year
SAL-00964,ORD-00483,1,2024-03-27,2024,2024-03,C002,Blue Ridge Systems,Enterprise,Technology,North America,United Kingdom,P107,Support Renewal,Services,Support,SKU-P107-1,5,393.49,0,1967.45,1967.45,USD,Online,J. Chen,273.58,599.56,ACH,Pending,2024-04-11,2024-04-18,Delivered,WH-EU,0,Multi-year
SAL-00965,ORD-00483,2,2024-02-15,2024,2024-02,C001,Northstar Retail,Retail,Consumer Goods,North America,Germany,P104,Insight Pro License,Software,Licenses,SKU-P104-2,20,185.44,0.05,3708.8,3523.36,USD,Direct,J. Chen,130.2,919.37,Net Terms,Paid,2024-02-16,2024-02-24,Delivered,WH-EU,0,Standard
SAL-00966,ORD-00484,1,2023-08-14,2023,2023-08,C008,Evergreen Labs,SMB,Healthcare,Europe,Germany,P102,Edge Gateway,Hardware,Networking,SKU-P102-4,28,380.8,0,10662.4,10662.4,USD,Direct,S. Johnson,264.17,3265.54,Credit Card,Refunded,2023-08-30,,Cancelled,WH-Central,0,Multi-year
SAL-00967,ORD-00484,2,2023-04-28,2023,2023-04,C002,Blue Ridge Systems,Enterprise,Technology,North America,United States,P104,Insight Pro License,Software,Licenses,SKU-P104-1,35,172.84,0,6049.4,6049.4,USD,Online,M. Garcia,128.66,1546.3,Credit Card,Paid,2023-05-03,2023-05-07,Delivered,WH-Central,0,Standard
SAL-00968,ORD-00485,1,2023-09-13,2023,2023-09,C001,Northstar Retail,Retail,Consumer Goods,North America,United Kingdom,P102,Edge Gateway,Hardware,Networking,SKU-P102-2,23,430.69,0.1,9905.87,8915.28,USD,Partner,M. Garcia,254.65,3058.4,Wire Transfer,Paid,2023-09-15,2023-09-21,Delivered,WH-West,0,Annual
SAL-00969,ORD-00485,2,2024-06-26,2024,2024-06,C009,Summit Logistics,Enterprise,Transportation,Asia Pacific,United States,P101,Cloud Data Suite,Software,Cloud,SKU-P101-1,19,745.06,0.05,14156.14,13448.33,USD,Marketplace,S. Johnson,348.89,6819.5,Wire Transfer,Paid,2024-07-05,2024-07-10,Delivered,WH-West,0,Annual
SAL-00970,ORD-00486,1,2023-08-04,2023,2023-08,C005,Vertex Manufacturing,Enterprise,Manufacturing,Europe,United States,P109,Forecasting Add-on,Software,Analytics,SKU-P109-2,23,303.16,0.05,6972.68,6624.05,USD,Direct,R. Kim,169.9,2716.3,Credit Card,Pending,2023-08-19,2023-08-25,Delivered,WH-East,0,Standard
SAL-00971,ORD-00486,2,2026-04-22,2026,2026-04,C009,Summit Logistics,Enterprise,Transportation,Asia Pacific,Canada,P105,Storage Array,Hardware,Storage,SKU-P105-4,12,1396.96,0.1,16763.52,15087.17,USD,Partner,A. Patel,655.63,7219.63,ACH,Paid,2026-05-04,2026-05-08,Delivered,WH-EU,0,Multi-year
SAL-00972,ORD-00487,1,2023-06-04,2023,2023-06,C009,Summit Logistics,Enterprise,Transportation,Asia Pacific,Canada,P101,Cloud Data Suite,Software,Cloud,SKU-P101-4,13,670.63,0.1,8718.19,7846.37,USD,Direct,J. Chen,323.11,3645.95,Net Terms,Paid,2023-06-07,2023-06-13,Delivered,WH-EU,0,Standard
SAL-00973,ORD-00487,2,2025-03-10,2025,2025-03,C009,Summit Logistics,Enterprise,Transportation,Asia Pacific,Canada,P104,Insight Pro License,Software,Licenses,SKU-P104-2,1,185.97,0.05,185.97,176.67,USD,Online,A. Patel,98.51,78.16,Wire Transfer,Paid,2025-03-22,2025-03-29,Delivered,WH-East,0,Standard
SAL-00974,ORD-00488,1,2025-02-16,2025,2025-02,C003,Harbor Health Group,Enterprise,Healthcare,North America,United States,P106,Integration Services,Services,Consulting,SKU-P106-1,3,1336.9,0.1,4010.7,3609.63,USD,Partner,A. Patel,611.62,1774.76,Wire Transfer,Refunded,2025-02-24,,Shipped,WH-East,0,Standard
SAL-00975,ORD-00488,2,2023-12-06,2023,2023-12,C005,Vertex Manufacturing,Enterprise,Manufacturing,Europe,United States,P104,Insight Pro License,Software,Licenses,SKU-P104-1,29,197.21,0,5719.09,5719.09,USD,Partner,S. Johnson,139.68,1668.32,Wire Transfer,Paid,2023-12-11,2023-12-17,Delivered,WH-EU,0,Annual
SAL-00976,ORD-00489,1,2025-08-05,2025,2025-08,C002,Blue Ridge Systems,Enterprise,Technology,North America,Germany,P103,Secure Access Kit,Hardware,Security,SKU-P103-1,30,304.76,0,9142.8,9142.8,USD,Marketplace,S. Johnson,206.26,2955.0,Wire Transfer,Paid,2025-08-07,,Processing,WH-Central,0,Annual
SAL-00977,ORD-00489,2,2023-06-24,2023,2023-06,C006,Sunrise Market,SMB,Retail,Asia Pacific,United Kingdom,P109,Forecasting Add-on,Software,Analytics,SKU-P109-1,2,351.53,0.1,703.06,632.75,USD,Direct,A. Patel,158.94,314.86,ACH,Paid,2023-07-06,2023-07-14,Delivered,WH-Central,0,Annual
SAL-00978,ORD-00490,1,2025-04-13,2025,2025-04,C008,Evergreen Labs,SMB,Healthcare,Europe,Germany,P108,Mobile Scanner,Hardware,Devices,SKU-P108-1,16,201.63,0,3226.08,3226.08,USD,Online,R. Kim,110.16,1463.6,Wire Transfer,Paid,2025-04-29,2025-04-30,Delivered,WH-West,0,Annual
SAL-00979,ORD-00490,2,2023-09-19,2023,2023-09,C007,Atlas Public Services,Public Sector,Government,North America,Brazil,P102,Edge Gateway,Hardware,Networking,SKU-P102-2,14,385.05,0.1,5390.7,4851.63,USD,Direct,M. Garcia,233.41,1583.84,Net Terms,Paid,2023-09-30,2023-10-04,Delivered,WH-West,0,Standard
SAL-00980,ORD-00491,1,2026-06-11,2026,2026-06,C009,Summit Logistics,Enterprise,Transportation,Asia Pacific,Brazil,P107,Support Renewal,Services,Support,SKU-P107-4,14,363.42,0.1,5087.88,4579.09,USD,Marketplace,J. Chen,248.56,1099.22,Credit Card,Paid,2026-06-14,2026-06-15,Delivered,WH-West,0,Multi-year
SAL-00981,ORD-00491,2,2024-06-29,2024,2024-06,C006,Sunrise Market,SMB,Retail,Asia Pacific,Singapore,P100,Analytics Platform,Software,Analytics,SKU-P100-1,17,1011.02,0.05,17187.34,16327.97,USD,Partner,M. Garcia,537.83,7184.82,ACH,Paid,2024-06-30,,Processing,WH-EU,0,Annual
SAL-00982,ORD-00492,1,2026-03-19,2026,2026-03,C001,Northstar Retail,Retail,Consumer Goods,North America,United Kingdom,P103,Secure Access Kit,Hardware,Security,SKU-P103-1,13,269.41,0.1,3502.33,3152.1,USD,Direct,J. Chen,180.28,808.51,ACH,Paid,2026-03-23,,Cancelled,WH-Central,0,Annual
SAL-00983,ORD-00492,2,2025-08-11,2025,2025-08,C003,Harbor Health Group,Enterprise,Healthcare,North America,United States,P103,Secure Access Kit,Hardware,Security,SKU-P103-2,3,302.69,0,908.07,908.07,USD,Online,S. Johnson,213.83,266.58,ACH,Paid,2025-08-21,2025-08-25,Delivered,WH-West,0,Multi-year
SAL-00984,ORD-00493,1,2023-02-18,2023,2023-02,C002,Blue Ridge Systems,Enterprise,Technology,North America,Canada,P103,Secure Access Kit,Hardware,Security,SKU-P103-2,28,291.68,0.1,8167.04,7350.34,USD,Partner,A. Patel,189.87,2034.12,ACH,Paid,2023-02-23,,Shipped,WH-East,0,Standard
SAL-00985,ORD-00493,2,2026-03-28,2026,2026-03,C009,Summit Logistics,Enterprise,Transportation,Asia Pacific,Canada,P109,Forecasting Add-on,Software,Analytics,SKU-P109-4,9,366.48,0.05,3298.32,3133.4,USD,Online,M. Garcia,227.03,1090.15,ACH,Paid,2026-04-02,,Processing,WH-Central,0,Multi-year
SAL-00986,ORD-00494,1,2023-04-15,2023,2023-04,C004,Cedar & Stone,SMB,Hospitality,Europe,Singapore,P101,Cloud Data Suite,Software,Cloud,SKU-P101-1,24,689.96,0.1,16559.04,14903.14,USD,Direct,R. Kim,425.3,4696.05,Wire Transfer,Paid,2023-04-25,2023-04-26,Delivered,WH-East,0,Annual
SAL-00987,ORD-00494,2,2024-08-14,2024,2024-08,C004,Cedar & Stone,SMB,Hospitality,Europe,Canada,P109,Forecasting Add-on,Software,Analytics,SKU-P109-1,21,307.63,0.1,6460.23,5814.21,USD,Partner,S. Johnson,135.22,2974.56,ACH,Paid,2024-08-23,2024-08-25,Delivered,WH-Central,0,Standard
SAL-00988,ORD-00495,1,2026-01-11,2026,2026-01,C006,Sunrise Market,SMB,Retail,Asia Pacific,Germany,P109,Forecasting Add-on,Software,Analytics,SKU-P109-4,17,300.06,0.1,5101.02,4590.92,USD,Partner,R. Kim,142.32,2171.5,Wire Transfer,Paid,2026-01-27,2026-01-28,Delivered,WH-Central,0,Annual
SAL-00989,ORD-00495,2,2024-05-21,2024,2024-05,C004,Cedar & Stone,SMB,Hospitality,Europe,Canada,P109,Forecasting Add-on,Software,Analytics,SKU-P109-2,25,356.74,0.05,8918.5,8472.57,USD,Partner,R. Kim,199.91,3474.78,Net Terms,Paid,2024-06-02,2024-06-03,Delivered,WH-East,0,Standard
SAL-00990,ORD-00496,1,2025-01-24,2025,2025-01,C009,Summit Logistics,Enterprise,Transportation,Asia Pacific,Singapore,P101,Cloud Data Suite,Software,Cloud,SKU-P101-3,35,645.68,0.2,22598.8,18079.04,USD,Marketplace,M. Garcia,253.6,9203.18,Wire Transfer,Pending,2025-02-06,2025-02-12,Delivered,WH-EU,0,Annual
SAL-00991,ORD-00496,2,2026-09-26,2026,2026-09,C003,Harbor Health Group,Enterprise,Healthcare,North America,Brazil,P106,Integration Services,Services,Consulting,SKU-P106-2,25,1475.81,0.1,36895.25,33205.72,USD,Online,M. Garcia,641.6,17165.81,ACH,Pending,2026-10-02,,Returned,WH-East,16,Multi-year
SAL-00992,ORD-00497,1,2025-08-05,2025,2025-08,C009,Summit Logistics,Enterprise,Transportation,Asia Pacific,Brazil,P106,Integration Services,Services,Consulting,SKU-P106-3,4,1344.62,0.05,5378.48,5109.56,USD,Partner,J. Chen,856.15,1684.96,ACH,Paid,2025-08-08,2025-08-14,Delivered,WH-West,0,Standard
SAL-00993,ORD-00497,2,2023-05-29,2023,2023-05,C003,Harbor Health Group,Enterprise,Healthcare,North America,United States,P101,Cloud Data Suite,Software,Cloud,SKU-P101-3,8,677.15,0,5417.2,5417.2,USD,Direct,R. Kim,399.41,2221.92,Wire Transfer,Paid,2023-06-04,2023-06-10,Delivered,WH-EU,0,Multi-year
SAL-00994,ORD-00498,1,2026-07-26,2026,2026-07,C005,Vertex Manufacturing,Enterprise,Manufacturing,Europe,Brazil,P102,Edge Gateway,Hardware,Networking,SKU-P102-3,6,389.45,0,2336.7,2336.7,USD,Partner,J. Chen,229.07,962.28,Credit Card,Paid,2026-08-07,,Processing,WH-Central,0,Annual
SAL-00995,ORD-00498,2,2026-03-06,2026,2026-03,C008,Evergreen Labs,SMB,Healthcare,Europe,Singapore,P108,Mobile Scanner,Hardware,Devices,SKU-P108-1,33,209.5,0.1,6913.5,6222.15,USD,Partner,A. Patel,143.04,1501.91,ACH,Paid,2026-03-12,2026-03-19,Delivered,WH-EU,0,Annual
SAL-00996,ORD-00499,1,2023-08-22,2023,2023-08,C007,Atlas Public Services,Public Sector,Government,North America,Canada,P107,Support Renewal,Services,Support,SKU-P107-2,2,381.76,0,763.52,763.52,USD,Online,M. Garcia,280.71,202.09,ACH,Refunded,2023-08-29,,Shipped,WH-West,0,Multi-year
SAL-00997,ORD-00499,2,2023-03-28,2023,2023-03,C005,Vertex Manufacturing,Enterprise,Manufacturing,Europe,Singapore,P103,Secure Access Kit,Hardware,Security,SKU-P103-1,5,260.87,0.15,1304.35,1108.7,USD,Online,S. Johnson,122.1,498.22,Net Terms,Paid,2023-04-04,2023-04-05,Delivered,WH-Central,0,Annual
SAL-00998,ORD-00500,1,2023-05-16,2023,2023-05,C005,Vertex Manufacturing,Enterprise,Manufacturing,Europe,United States,P108,Mobile Scanner,Hardware,Devices,SKU-P108-2,5,214.58,0,1072.9,1072.9,USD,Online,J. Chen,162.7,259.38,Wire Transfer,Paid,2023-05-31,2023-06-06,Delivered,WH-West,0,Annual
SAL-00999,ORD-00500,2,2024-07-10,2024,2024-07,C007,Atlas Public Services,Public Sector,Government,North America,United States,P102,Edge Gateway,Hardware,Networking,SKU-P102-4,20,369.12,0.1,7382.4,6644.16,USD,Online,M. Garcia,161.59,3412.43,ACH,Paid,2024-07-17,,Processing,WH-EU,0,Standard
SAL-01000,ORD-00501,1,2024-03-09,2024,2024-03,C001,Northstar Retail,Retail,Consumer Goods,North America,Singapore,P104,Insight Pro License,Software,Licenses,SKU-P104-3,15,185.35,0.15,2780.25,2363.21,USD,Direct,J. Chen,86.82,1060.86,Credit Card,Paid,2024-03-14,2024-03-18,Delivered,WH-East,0,Standard
SAL-01001,ORD-00501,2,2025-05-15,2025,2025-05,C006,Sunrise Market,SMB,Retail,Asia Pacific,Singapore,P101,Cloud Data Suite,Software,Cloud,SKU-P101-3,24,716.4,0.15,17193.6,14614.56,USD,Direct,J. Chen,437.77,4108.13,ACH,Paid,2025-05-18,2025-05-19,Delivered,WH-West,0,Standard
SAL-01002,ORD-00502,1,2026-06-05,2026,2026-06,C002,Blue Ridge Systems,Enterprise,Technology,North America,United Kingdom,P100,Analytics Platform,Software,Analytics,SKU-P100-4,30,970.23,0,29106.9,29106.9,USD,Direct,R. Kim,714.86,7660.96,Wire Transfer,Paid,2026-06-20,2026-06-24,Delivered,WH-EU,0,Annual
SAL-01003,ORD-00502,2,2025-10-28,2025,2025-10,C002,Blue Ridge Systems,Enterprise,Technology,North America,Germany,P107,Support Renewal,Services,Support,SKU-P107-1,26,402.5,0,10465.0,10465.0,USD,Direct,R. Kim,299.81,2670.04,Net Terms,Paid,2025-11-01,2025-11-04,Delivered,WH-West,0,Annual
SAL-01004,ORD-00503,1,2026-08-03,2026,2026-08,C007,Atlas Public Services,Public Sector,Government,North America,Germany,P107,Support Renewal,Services,Support,SKU-P107-3,10,396.65,0.05,3966.5,3768.17,USD,Partner,M. Garcia,241.13,1356.84,Wire Transfer,Refunded,2026-08-15,2026-08-22,Delivered,WH-EU,0,Annual
SAL-01005,ORD-00503,2,2026-05-01,2026,2026-05,C001,Northstar Retail,Retail,Consumer Goods,North America,Canada,P102,Edge Gateway,Hardware,Networking,SKU-P102-1,34,448.47,0,15247.98,15247.98,USD,Partner,R. Kim,261.08,6371.13,Net Terms,Overdue,2026-05-12,,Returned,WH-East,29,Multi-year
SAL-01006,ORD-00504,1,2026-06-10,2026,2026-06,C005,Vertex Manufacturing,Enterprise,Manufacturing,Europe,Germany,P102,Edge Gateway,Hardware,Networking,SKU-P102-1,17,448.71,0,7628.07,7628.07,USD,Partner,M. Garcia,246.82,3432.21,Credit Card,Paid,2026-06-23,2026-07-01,Delivered,WH-East,0,Multi-year
SAL-01007,ORD-00504,2,2024-09-16,2024,2024-09,C001,Northstar Retail,Retail,Consumer Goods,North America,Brazil,P107,Support Renewal,Services,Support,SKU-P107-2,14,402.49,0.15,5634.86,4789.63,USD,Partner,M. Garcia,193.48,2080.88,Credit Card,Paid,2024-09-17,2024-09-20,Delivered,WH-Central,0,Standard
SAL-01008,ORD-00505,1,2025-02-12,2025,2025-02,C010,Golden Fields Co.,Mid-Market,Agriculture,Latin America,United States,P108,Mobile Scanner,Hardware,Devices,SKU-P108-3,23,190.53,0.1,4382.19,3943.97,USD,Partner,M. Garcia,125.76,1051.38,Credit Card,Paid,2025-02-20,2025-02-26,Delivered,WH-East,0,Annual
SAL-01009,ORD-00505,2,2024-11-16,2024,2024-11,C008,Evergreen Labs,SMB,Healthcare,Europe,Singapore,P107,Support Renewal,Services,Support,SKU-P107-1,5,318.49,0.15,1592.45,1353.58,USD,Online,A. Patel,205.25,327.32,Net Terms,Paid,2024-11-27,2024-12-01,Delivered,WH-EU,0,Multi-year
SAL-01010,ORD-00506,1,2025-11-16,2025,2025-11,C005,Vertex Manufacturing,Enterprise,Manufacturing,Europe,United States,P109,Forecasting Add-on,Software,Analytics,SKU-P109-2,27,365.8,0.1,9876.6,8888.94,USD,Marketplace,J. Chen,238.01,2462.65,Net Terms,Paid,2025-11-29,2025-12-03,Delivered,WH-Central,0,Multi-year
SAL-01011,ORD-00506,2,2024-10-20,2024,2024-10,C007,Atlas Public Services,Public Sector,Government,North America,United Kingdom,P101,Cloud Data Suite,Software,Cloud,SKU-P101-2,19,683.49,0.1,12986.31,11687.68,USD,Direct,J. Chen,329.43,5428.47,Credit Card,Paid,2024-10-22,2024-10-24,Delivered,WH-West,0,Multi-year
SAL-01012,ORD-00507,1,2023-04-26,2023,2023-04,C004,Cedar & Stone,SMB,Hospitality,Europe,Brazil,P106,Integration Services,Services,Consulting,SKU-P106-3,33,1392.42,0.1,45949.86,41354.87,USD,Marketplace,S. Johnson,678.26,18972.27,Net Terms,Paid,2023-04-27,2023-05-01,Delivered,WH-West,0,Multi-year
SAL-01013,ORD-00507,2,2026-08-08,2026,2026-08,C003,Harbor Health Group,Enterprise,Healthcare,North America,Brazil,P101,Cloud Data Suite,Software,Cloud,SKU-P101-2,12,655.03,0.1,7860.36,7074.32,USD,Partner,J. Chen,283.51,3672.23,Net Terms,Pending,2026-08-17,2026-08-25,Delivered,WH-East,0,Standard
SAL-01014,ORD-00508,1,2024-08-12,2024,2024-08,C001,Northstar Retail,Retail,Consumer Goods,North America,Canada,P109,Forecasting Add-on,Software,Analytics,SKU-P109-1,27,345.53,0.1,9329.31,8396.38,USD,Marketplace,R. Kim,220.88,2432.66,Wire Transfer,Paid,2024-08-24,2024-08-31,Delivered,WH-EU,0,Multi-year
SAL-01015,ORD-00508,2,2023-10-07,2023,2023-10,C007,Atlas Public Services,Public Sector,Government,North America,Germany,P106,Integration Services,Services,Consulting,SKU-P106-2,32,1338.96,0.2,42846.72,34277.38,USD,Marketplace,J. Chen,604.49,14933.69,Net Terms,Paid,2023-10-09,,Shipped,WH-East,0,Standard
SAL-01016,ORD-00509,1,2023-04-13,2023,2023-04,C002,Blue Ridge Systems,Enterprise,Technology,North America,United States,P102,Edge Gateway,Hardware,Networking,SKU-P102-4,6,395.6,0,2373.6,2373.6,USD,Marketplace,J. Chen,282.63,677.82,Credit Card,Paid,2023-04-22,2023-04-25,Delivered,WH-Central,0,Standard
SAL-01017,ORD-00509,2,2025-06-19,2025,2025-06,C005,Vertex Manufacturing,Enterprise,Manufacturing,Europe,United Kingdom,P108,Mobile Scanner,Hardware,Devices,SKU-P108-1,8,198.12,0.1,1584.96,1426.46,USD,Partner,J. Chen,114.3,512.05,ACH,Paid,2025-06-29,2025-07-02,Delivered,WH-West,0,Standard
SAL-01018,ORD-00510,1,2024-01-12,2024,2024-01,C001,Northstar Retail,Retail,Consumer Goods,North America,Singapore,P108,Mobile Scanner,Hardware,Devices,SKU-P108-2,9,214.95,0,1934.55,1934.55,USD,Marketplace,S. Johnson,152.57,561.41,Wire Transfer,Paid,2024-01-25,2024-01-31,Delivered,WH-Central,0,Annual
SAL-01019,ORD-00510,2,2026-07-18,2026,2026-07,C002,Blue Ridge Systems,Enterprise,Technology,North America,United States,P100,Analytics Platform,Software,Analytics,SKU-P100-1,6,971.21,0,5827.26,5827.26,USD,Online,S. Johnson,605.12,2196.52,Net Terms,Paid,2026-07-31,2026-08-04,Delivered,WH-East,0,Multi-year
SAL-01020,ORD-00511,1,2026-03-16,2026,2026-03,C004,Cedar & Stone,SMB,Hospitality,Europe,Singapore,P101,Cloud Data Suite,Software,Cloud,SKU-P101-1,32,740.96,0.05,23710.72,22525.18,USD,Partner,R. Kim,524.56,5739.13,ACH,Paid,2026-03-18,,Shipped,WH-EU,0,Multi-year
SAL-01021,ORD-00511,2,2023-01-08,2023,2023-01,C004,Cedar & Stone,SMB,Hospitality,Europe,United States,P107,Support Renewal,Services,Support,SKU-P107-4,30,369.23,0,11076.9,11076.9,USD,Marketplace,J. Chen,244.41,3744.52,Credit Card,Pending,2023-01-17,,Shipped,WH-East,0,Standard
SAL-01022,ORD-00512,1,2025-05-09,2025,2025-05,C002,Blue Ridge Systems,Enterprise,Technology,North America,United States,P105,Storage Array,Hardware,Storage,SKU-P105-4,18,1258.49,0.1,22652.82,20387.54,USD,Partner,R. Kim,549.46,10497.29,Credit Card,Paid,2025-05-18,,Returned,WH-East,5,Standard
SAL-01023,ORD-00512,2,2024-01-28,2024,2024-01,C008,Evergreen Labs,SMB,Healthcare,Europe,Brazil,P107,Support Renewal,Services,Support,SKU-P107-4,10,318.61,0.1,3186.1,2867.49,USD,Marketplace,R. Kim,194.85,918.94,Net Terms,Paid,2024-02-11,,Cancelled,WH-West,0,Annual
SAL-01024,ORD-00513,1,2025-08-17,2025,2025-08,C009,Summit Logistics,Enterprise,Transportation,Asia Pacific,Germany,P104,Insight Pro License,Software,Licenses,SKU-P104-1,13,187.83,0.05,2441.79,2319.7,USD,Partner,A. Patel,132.23,600.73,Wire Transfer,Paid,2025-08-18,2025-08-21,Delivered,WH-East,0,Standard
SAL-01025,ORD-00513,2,2024-12-07,2024,2024-12,C007,Atlas Public Services,Public Sector,Government,North America,Singapore,P101,Cloud Data Suite,Software,Cloud,SKU-P101-1,15,763.03,0.1,11445.45,10300.91,USD,Direct,J. Chen,506.6,2701.86,ACH,Paid,2024-12-11,,Shipped,WH-East,0,Annual
SAL-01026,ORD-00514,1,2024-02-01,2024,2024-02,C010,Golden Fields Co.,Mid-Market,Agriculture,Latin America,United Kingdom,P105,Storage Array,Hardware,Storage,SKU-P105-1,8,1325.67,0,10605.36,10605.36,USD,Partner,M. Garcia,717.12,4868.38,Wire Transfer,Paid,2024-02-14,2024-02-21,Delivered,WH-East,0,Standard
SAL-01027,ORD-00514,2,2025-10-16,2025,2025-10,C007,Atlas Public Services,Public Sector,Government,North America,Canada,P103,Secure Access Kit,Hardware,Security,SKU-P103-4,7,308.18,0.05,2157.26,2049.4,USD,Partner,M. Garcia,215.13,543.51,Credit Card,Overdue,2025-10-25,2025-10-29,Delivered,WH-East,0,Standard
SAL-01028,ORD-00515,1,2025-06-23,2025,2025-06,C003,Harbor Health Group,Enterprise,Healthcare,North America,Singapore,P100,Analytics Platform,Software,Analytics,SKU-P100-2,20,908.02,0.05,18160.4,17252.38,USD,Partner,A. Patel,652.8,4196.32,Credit Card,Overdue,2025-06-26,2025-06-27,Delivered,WH-EU,0,Annual
SAL-01029,ORD-00515,2,2024-01-15,2024,2024-01,C005,Vertex Manufacturing,Enterprise,Manufacturing,Europe,United States,P100,Analytics Platform,Software,Analytics,SKU-P100-1,6,1052.13,0.05,6312.78,5997.14,USD,Partner,M. Garcia,737.27,1573.49,Credit Card,Paid,2024-01-27,2024-02-02,Delivered,WH-East,0,Annual
SAL-01030,ORD-00516,1,2024-06-09,2024,2024-06,C010,Golden Fields Co.,Mid-Market,Agriculture,Latin America,Canada,P106,Integration Services,Services,Consulting,SKU-P106-3,32,1657.71,0.1,53046.72,47742.05,USD,Partner,R. Kim,930.48,17966.56,ACH,Paid,2024-06-20,2024-06-27,Delivered,WH-Central,0,Standard
SAL-01031,ORD-00516,2,2025-08-03,2025,2025-08,C003,Harbor Health Group,Enterprise,Healthcare,North America,United States,P105,Storage Array,Hardware,Storage,SKU-P105-4,35,1140.61,0.05,39921.35,37925.28,USD,Direct,R. Kim,683.86,13990.11,Wire Transfer,Overdue,2025-08-12,,Processing,WH-EU,0,Multi-year
SAL-01032,ORD-00517,1,2024-12-15,2024,2024-12,C002,Blue Ridge Systems,Enterprise,Technology,North America,Singapore,P101,Cloud Data Suite,Software,Cloud,SKU-P101-4,27,676.36,0.1,18261.72,16435.55,USD,Direct,J. Chen,323.24,7707.94,Wire Transfer,Paid,2024-12-23,2024-12-31,Delivered,WH-West,0,Multi-year
SAL-01033,ORD-00517,2,2025-11-26,2025,2025-11,C003,Harbor Health Group,Enterprise,Healthcare,North America,United Kingdom,P102,Edge Gateway,Hardware,Networking,SKU-P102-1,15,443.99,0,6659.85,6659.85,USD,Marketplace,J. Chen,297.61,2195.68,Wire Transfer,Paid,2025-11-29,2025-12-05,Delivered,WH-East,0,Annual
SAL-01034,ORD-00518,1,2024-09-22,2024,2024-09,C009,Summit Logistics,Enterprise,Transportation,Asia Pacific,Germany,P106,Integration Services,Services,Consulting,SKU-P106-3,2,1646.09,0,3292.18,3292.18,USD,Partner,J. Chen,897.16,1497.86,ACH,Pending,2024-09-27,,Cancelled,WH-East,0,Annual
SAL-01035,ORD-00518,2,2026-03-29,2026,2026-03,C010,Golden Fields Co.,Mid-Market,Agriculture,Latin America,Canada,P103,Secure Access Kit,Hardware,Security,SKU-P103-2,8,262.79,0,2102.32,2102.32,USD,Partner,J. Chen,140.92,974.96,Net Terms,Paid,2026-04-02,2026-04-09,Delivered,WH-EU,0,Annual
SAL-01036,ORD-00519,1,2024-06-28,2024,2024-06,C007,Atlas Public Services,Public Sector,Government,North America,Brazil,P109,Forecasting Add-on,Software,Analytics,SKU-P109-4,4,336.59,0,1346.36,1346.36,USD,Marketplace,A. Patel,252.4,336.76,Credit Card,Paid,2024-07-07,2024-07-12,Delivered,WH-Central,0,Standard
SAL-01037,ORD-00519,2,2023-05-26,2023,2023-05,C007,Atlas Public Services,Public Sector,Government,North America,Canada,P107,Support Renewal,Services,Support,SKU-P107-1,27,357.35,0,9648.45,9648.45,USD,Marketplace,A. Patel,206.81,4064.52,ACH,Paid,2023-06-02,2023-06-05,Delivered,WH-Central,0,Annual
SAL-01038,ORD-00520,1,2023-04-11,2023,2023-04,C007,Atlas Public Services,Public Sector,Government,North America,Germany,P105,Storage Array,Hardware,Storage,SKU-P105-4,26,1220.61,0,31735.86,31735.86,USD,Marketplace,A. Patel,656.1,14677.36,Credit Card,Pending,2023-04-26,2023-04-28,Delivered,WH-East,0,Standard
SAL-01039,ORD-00520,2,2026-02-21,2026,2026-02,C001,Northstar Retail,Retail,Consumer Goods,North America,United States,P109,Forecasting Add-on,Software,Analytics,SKU-P109-4,13,311.45,0,4048.85,4048.85,USD,Online,S. Johnson,179.89,1710.24,ACH,Paid,2026-03-09,2026-03-11,Delivered,WH-EU,0,Standard
SAL-01040,ORD-00521,1,2024-09-09,2024,2024-09,C008,Evergreen Labs,SMB,Healthcare,Europe,Canada,P103,Secure Access Kit,Hardware,Security,SKU-P103-4,23,281.87,0.15,6483.01,5510.56,USD,Online,J. Chen,167.45,1659.28,ACH,Pending,2024-09-10,2024-09-14,Delivered,WH-West,0,Standard
SAL-01041,ORD-00521,2,2025-02-03,2025,2025-02,C004,Cedar & Stone,SMB,Hospitality,Europe,Canada,P106,Integration Services,Services,Consulting,SKU-P106-3,1,1576.88,0.1,1576.88,1419.19,USD,Marketplace,A. Patel,767.17,652.02,Credit Card,Paid,2025-02-18,,Cancelled,WH-Central,0,Multi-year
SAL-01042,ORD-00522,1,2024-02-04,2024,2024-02,C009,Summit Logistics,Enterprise,Transportation,Asia Pacific,Germany,P109,Forecasting Add-on,Software,Analytics,SKU-P109-3,10,305.37,0.05,3053.7,2901.01,USD,Online,R. Kim,214.45,756.55,ACH,Overdue,2024-02-20,,Processing,WH-EU,0,Multi-year
SAL-01043,ORD-00522,2,2025-02-07,2025,2025-02,C006,Sunrise Market,SMB,Retail,Asia Pacific,Germany,P103,Secure Access Kit,Hardware,Security,SKU-P103-2,28,262.94,0,7362.32,7362.32,USD,Online,R. Kim,136.06,3552.78,Credit Card,Paid,2025-02-21,2025-02-22,Delivered,WH-EU,0,Annual
SAL-01044,ORD-00523,1,2025-05-07,2025,2025-05,C002,Blue Ridge Systems,Enterprise,Technology,North America,United Kingdom,P109,Forecasting Add-on,Software,Analytics,SKU-P109-3,11,315.04,0,3465.44,3465.44,USD,Marketplace,R. Kim,195.24,1317.84,Net Terms,Paid,2025-05-17,,Returned,WH-East,7,Standard
SAL-01045,ORD-00523,2,2023-09-22,2023,2023-09,C004,Cedar & Stone,SMB,Hospitality,Europe,United Kingdom,P104,Insight Pro License,Software,Licenses,SKU-P104-2,10,169.39,0.05,1693.9,1609.2,USD,Direct,M. Garcia,116.9,440.2,ACH,Paid,2023-09-24,,Cancelled,WH-EU,0,Standard
SAL-01046,ORD-00524,1,2024-01-14,2024,2024-01,C002,Blue Ridge Systems,Enterprise,Technology,North America,Canada,P101,Cloud Data Suite,Software,Cloud,SKU-P101-2,16,780.91,0,12494.56,12494.56,USD,Online,A. Patel,400.06,6093.6,Credit Card,Paid,2024-01-15,2024-01-19,Delivered,WH-EU,0,Standard
SAL-01047,ORD-00524,2,2024-08-30,2024,2024-08,C002,Blue Ridge Systems,Enterprise,Technology,North America,Canada,P101,Cloud Data Suite,Software,Cloud,SKU-P101-3,30,694.52,0.15,20835.6,17710.26,USD,Partner,R. Kim,321.25,8072.82,Credit Card,Paid,2024-09-02,,Shipped,WH-West,0,Standard
SAL-01048,ORD-00525,1,2023-02-11,2023,2023-02,C001,Northstar Retail,Retail,Consumer Goods,North America,United States,P107,Support Renewal,Services,Support,SKU-P107-3,28,371.85,0.05,10411.8,9891.21,USD,Online,A. Patel,195.85,4407.35,Credit Card,Paid,2023-02-19,,Processing,WH-West,0,Multi-year
SAL-01049,ORD-00525,2,2026-01-09,2026,2026-01,C006,Sunrise Market,SMB,Retail,Asia Pacific,United Kingdom,P109,Forecasting Add-on,Software,Analytics,SKU-P109-4,35,367.63,0.1,12867.05,11580.34,USD,Online,M. Garcia,237.58,3265.06,ACH,Paid,2026-01-24,,Shipped,WH-Central,0,Standard
SAL-01050,ORD-00526,1,2023-05-02,2023,2023-05,C009,Summit Logistics,Enterprise,Transportation,Asia Pacific,United States,P108,Mobile Scanner,Hardware,Devices,SKU-P108-4,24,204.75,0.1,4914.0,4422.6,USD,Partner,R. Kim,127.19,1370.16,Net Terms,Overdue,2023-05-03,2023-05-06,Delivered,WH-EU,0,Standard
SAL-01051,ORD-00526,2,2026-02-24,2026,2026-02,C003,Harbor Health Group,Enterprise,Healthcare,North America,Brazil,P104,Insight Pro License,Software,Licenses,SKU-P104-4,6,159.43,0,956.58,956.58,USD,Direct,R. Kim,92.4,402.17,ACH,Paid,2026-03-11,2026-03-13,Delivered,WH-East,0,Multi-year
SAL-01052,ORD-00527,1,2025-08-06,2025,2025-08,C004,Cedar & Stone,SMB,Hospitality,Europe,United Kingdom,P100,Analytics Platform,Software,Analytics,SKU-P100-4,15,1009.03,0,15135.45,15135.45,USD,Online,A. Patel,519.84,7337.92,ACH,Pending,2025-08-17,2025-08-20,Delivered,WH-Central,0,Multi-year
SAL-01053,ORD-00527,2,2026-07-10,2026,2026-07,C006,Sunrise Market,SMB,Retail,Asia Pacific,Canada,P108,Mobile Scanner,Hardware,Devices,SKU-P108-4,32,205.61,0,6579.52,6579.52,USD,Direct,J. Chen,149.88,1783.3,Credit Card,Paid,2026-07-23,,Cancelled,WH-Central,0,Multi-year
SAL-01054,ORD-00528,1,2026-03-29,2026,2026-03,C009,Summit Logistics,Enterprise,Transportation,Asia Pacific,Canada,P101,Cloud Data Suite,Software,Cloud,SKU-P101-1,6,671.62,0,4029.72,4029.72,USD,Partner,J. Chen,448.53,1338.57,Credit Card,Paid,2026-04-02,,Returned,WH-West,6,Annual
SAL-01055,ORD-00528,2,2025-02-23,2025,2025-02,C001,Northstar Retail,Retail,Consumer Goods,North America,Brazil,P101,Cloud Data Suite,Software,Cloud,SKU-P101-1,8,716.17,0.15,5729.36,4869.96,USD,Online,M. Garcia,434.44,1394.41,Wire Transfer,Paid,2025-02-25,2025-03-03,Delivered,WH-EU,0,Multi-year
SAL-01056,ORD-00529,1,2026-01-03,2026,2026-01,C009,Summit Logistics,Enterprise,Transportation,Asia Pacific,Germany,P105,Storage Array,Hardware,Storage,SKU-P105-3,18,1209.12,0.05,21764.16,20675.95,USD,Partner,M. Garcia,826.36,5801.53,Net Terms,Overdue,2026-01-05,,Returned,WH-Central,3,Multi-year
SAL-01057,ORD-00529,2,2026-09-30,2026,2026-09,C002,Blue Ridge Systems,Enterprise,Technology,North America,Canada,P102,Edge Gateway,Hardware,Networking,SKU-P102-2,19,428.49,0.05,8141.31,7734.24,USD,Marketplace,A. Patel,247.67,3028.54,Wire Transfer,Pending,2026-10-16,2026-10-20,Delivered,WH-East,0,Annual
SAL-01058,ORD-00530,1,2025-05-02,2025,2025-05,C005,Vertex Manufacturing,Enterprise,Manufacturing,Europe,United States,P100,Analytics Platform,Software,Analytics,SKU-P100-1,28,931.32,0.15,26076.96,22165.42,USD,Marketplace,M. Garcia,561.81,6434.73,Net Terms,Pending,2025-05-17,2025-05-22,Delivered,WH-West,0,Multi-year
SAL-01059,ORD-00530,2,2023-02-01,2023,2023-02,C008,Evergreen Labs,SMB,Healthcare,Europe,Germany,P103,Secure Access Kit,Hardware,Security,SKU-P103-4,22,299.43,0,6587.46,6587.46,USD,Partner,J. Chen,186.54,2483.47,Wire Transfer,Overdue,2023-02-08,2023-02-14,Delivered,WH-East,0,Multi-year
SAL-01060,ORD-00531,1,2024-12-07,2024,2024-12,C005,Vertex Manufacturing,Enterprise,Manufacturing,Europe,Canada,P106,Integration Services,Services,Consulting,SKU-P106-2,28,1480.3,0.15,41448.4,35231.14,USD,Marketplace,A. Patel,906.74,9842.43,ACH,Pending,2024-12-16,2024-12-21,Delivered,WH-East,0,Standard
SAL-01061,ORD-00531,2,2025-07-04,2025,2025-07,C010,Golden Fields Co.,Mid-Market,Agriculture,Latin America,Canada,P101,Cloud Data Suite,Software,Cloud,SKU-P101-1,25,658.65,0,16466.25,16466.25,USD,Partner,A. Patel,491.69,4173.92,Net Terms,Paid,2025-07-07,2025-07-09,Delivered,WH-West,0,Standard
SAL-01062,ORD-00532,1,2024-12-04,2024,2024-12,C005,Vertex Manufacturing,Enterprise,Manufacturing,Europe,United Kingdom,P103,Secure Access Kit,Hardware,Security,SKU-P103-2,21,292.03,0.05,6132.63,5826.0,USD,Online,M. Garcia,177.88,2090.43,Credit Card,Paid,2024-12-08,2024-12-09,Delivered,WH-Central,0,Standard
SAL-01063,ORD-00532,2,2026-04-22,2026,2026-04,C008,Evergreen Labs,SMB,Healthcare,Europe,Singapore,P105,Storage Array,Hardware,Storage,SKU-P105-3,34,1266.31,0.05,43054.54,40901.81,USD,Online,R. Kim,667.22,18216.36,ACH,Paid,2026-04-25,2026-04-29,Delivered,WH-Central,0,Standard
SAL-01064,ORD-00533,1,2024-10-27,2024,2024-10,C009,Summit Logistics,Enterprise,Transportation,Asia Pacific,Canada,P101,Cloud Data Suite,Software,Cloud,SKU-P101-1,21,773.05,0.1,16234.05,14610.65,USD,Partner,J. Chen,391.58,6387.56,Wire Transfer,Pending,2024-11-03,2024-11-05,Delivered,WH-West,0,Multi-year
SAL-01065,ORD-00533,2,2024-05-21,2024,2024-05,C008,Evergreen Labs,SMB,Healthcare,Europe,Brazil,P108,Mobile Scanner,Hardware,Devices,SKU-P108-4,23,199.16,0,4580.68,4580.68,USD,Partner,A. Patel,135.9,1455.07,Net Terms,Paid,2024-06-01,2024-06-05,Delivered,WH-East,0,Multi-year
SAL-01066,ORD-00534,1,2023-08-13,2023,2023-08,C004,Cedar & Stone,SMB,Hospitality,Europe,United Kingdom,P102,Edge Gateway,Hardware,Networking,SKU-P102-3,7,374.11,0.1,2618.77,2356.89,USD,Direct,R. Kim,232.43,729.85,Credit Card,Paid,2023-08-21,2023-08-28,Delivered,WH-EU,0,Annual
SAL-01067,ORD-00534,2,2023-08-28,2023,2023-08,C008,Evergreen Labs,SMB,Healthcare,Europe,Canada,P108,Mobile Scanner,Hardware,Devices,SKU-P108-3,32,199.09,0.05,6370.88,6052.34,USD,Marketplace,J. Chen,137.06,1666.46,ACH,Paid,2023-09-06,2023-09-10,Delivered,WH-Central,0,Standard
SAL-01068,ORD-00535,1,2024-11-01,2024,2024-11,C003,Harbor Health Group,Enterprise,Healthcare,North America,United States,P104,Insight Pro License,Software,Licenses,SKU-P104-3,30,178.99,0.15,5369.7,4564.24,USD,Marketplace,R. Kim,82.71,2082.95,Net Terms,Paid,2024-11-15,2024-11-18,Delivered,WH-Central,0,Multi-year
SAL-01069,ORD-00535,2,2025-11-06,2025,2025-11,C001,Northstar Retail,Retail,Consumer Goods,North America,Germany,P100,Analytics Platform,Software,Analytics,SKU-P100-3,30,991.62,0.15,29748.6,25286.31,USD,Partner,R. Kim,587.29,7667.65,Credit Card,Refunded,2025-11-15,2025-11-17,Delivered,WH-Central,0,Standard
SAL-01070,ORD-00536,1,2025-05-31,2025,2025-05,C007,Atlas Public Services,Public Sector,Government,North America,Brazil,P103,Secure Access Kit,Hardware,Security,SKU-P103-3,27,259.57,0.1,7008.39,6307.55,USD,Marketplace,R. Kim,139.88,2530.8,Wire Transfer,Paid,2025-06-08,2025-06-13,Delivered,WH-EU,0,Annual
SAL-01071,ORD-00536,2,2023-08-27,2023,2023-08,C009,Summit Logistics,Enterprise,Transportation,Asia Pacific,Canada,P102,Edge Gateway,Hardware,Networking,SKU-P102-3,12,409.53,0,4914.36,4914.36,USD,Online,R. Kim,265.09,1733.32,Credit Card,Paid,2023-09-06,2023-09-11,Delivered,WH-Central,0,Multi-year
SAL-01072,ORD-00537,1,2024-02-18,2024,2024-02,C005,Vertex Manufacturing,Enterprise,Manufacturing,Europe,Germany,P108,Mobile Scanner,Hardware,Devices,SKU-P108-1,19,193.62,0,3678.78,3678.78,USD,Partner,A. Patel,132.17,1167.48,Wire Transfer,Paid,2024-02-19,,Processing,WH-East,0,Standard
SAL-01073,ORD-00537,2,2025-08-17,2025,2025-08,C003,Harbor Health Group,Enterprise,Healthcare,North America,United States,P104,Insight Pro License,Software,Licenses,SKU-P104-2,34,163.18,0.15,5548.12,4715.9,USD,Marketplace,R. Kim,76.51,2114.72,Credit Card,Overdue,2025-08-28,2025-09-05,Delivered,WH-EU,0,Multi-year
SAL-01074,ORD-00538,1,2025-07-05,2025,2025-07,C006,Sunrise Market,SMB,Retail,Asia Pacific,Germany,P109,Forecasting Add-on,Software,Analytics,SKU-P109-2,25,353.29,0.1,8832.25,7949.03,USD,Direct,R. Kim,210.82,2678.58,Net Terms,Paid,2025-07-21,,Processing,WH-EU,0,Multi-year
SAL-01075,ORD-00538,2,2026-07-10,2026,2026-07,C002,Blue Ridge Systems,Enterprise,Technology,North America,Germany,P107,Support Renewal,Services,Support,SKU-P107-4,27,392.22,0.05,10589.94,10060.44,USD,Partner,M. Garcia,191.29,4895.48,ACH,Paid,2026-07-22,2026-07-28,Delivered,WH-East,0,Multi-year
SAL-01076,ORD-00539,1,2024-10-10,2024,2024-10,C006,Sunrise Market,SMB,Retail,Asia Pacific,Canada,P103,Secure Access Kit,Hardware,Security,SKU-P103-2,20,304.62,0.05,6092.4,5787.78,USD,Partner,S. Johnson,207.39,1639.9,ACH,Paid,2024-10-13,2024-10-14,Delivered,WH-West,0,Annual
SAL-01077,ORD-00539,2,2023-10-19,2023,2023-10,C001,Northstar Retail,Retail,Consumer Goods,North America,Canada,P104,Insight Pro License,Software,Licenses,SKU-P104-1,28,188.64,0,5281.92,5281.92,USD,Partner,A. Patel,100.84,2458.39,ACH,Paid,2023-11-02,,Shipped,WH-West,0,Standard
SAL-01078,ORD-00540,1,2026-06-27,2026,2026-06,C010,Golden Fields Co.,Mid-Market,Agriculture,Latin America,United Kingdom,P102,Edge Gateway,Hardware,Networking,SKU-P102-4,10,377.2,0,3772.0,3772.0,USD,Direct,R. Kim,282.65,945.5,Wire Transfer,Overdue,2026-07-13,2026-07-14,Delivered,WH-EU,0,Multi-year
SAL-01079,ORD-00540,2,2025-03-25,2025,2025-03,C002,Blue Ridge Systems,Enterprise,Technology,North America,United Kingdom,P106,Integration Services,Services,Consulting,SKU-P106-1,15,1398.22,0.05,20973.3,19924.63,USD,Direct,R. Kim,753.63,8620.14,Net Terms,Paid,2025-03-27,2025-03-28,Delivered,WH-East,0,Annual
SAL-01080,ORD-00541,1,2023-01-24,2023,2023-01,C005,Vertex Manufacturing,Enterprise,Manufacturing,Europe,Canada,P100,Analytics Platform,Software,Analytics,SKU-P100-2,21,858.25,0.15,18023.25,15319.76,USD,Partner,S. Johnson,541.7,3944.0,ACH,Paid,2023-01-26,2023-01-28,Delivered,WH-Central,0,Standard
SAL-01081,ORD-00541,2,2024-08-03,2024,2024-08,C009,Summit Logistics,Enterprise,Transportation,Asia Pacific,Brazil,P108,Mobile Scanner,Hardware,Devices,SKU-P108-4,27,187.95,0.1,5074.65,4567.18,USD,Online,R. Kim,119.17,1349.58,Wire Transfer,Pending,2024-08-15,,Processing,WH-East,0,Multi-year
SAL-01082,ORD-00542,1,2025-12-29,2025,2025-12,C007,Atlas Public Services,Public Sector,Government,North America,Germany,P102,Edge Gateway,Hardware,Networking,SKU-P102-2,26,432.54,0.1,11246.04,10121.44,USD,Partner,M. Garcia,238.83,3911.84,Wire Transfer,Overdue,2026-01-07,2026-01-15,Delivered,WH-Central,0,Annual
SAL-01083,ORD-00542,2,2025-05-04,2025,2025-05,C008,Evergreen Labs,SMB,Healthcare,Europe,Canada,P100,Analytics Platform,Software,Analytics,SKU-P100-1,31,971.06,0,30102.86,30102.86,USD,Online,R. Kim,608.81,11229.76,Wire Transfer,Paid,2025-05-16,2025-05-17,Delivered,WH-East,0,Annual
SAL-01084,ORD-00543,1,2025-08-05,2025,2025-08,C009,Summit Logistics,Enterprise,Transportation,Asia Pacific,United States,P102,Edge Gateway,Hardware,Networking,SKU-P102-2,34,406.53,0.05,13822.02,13130.92,USD,Direct,R. Kim,194.4,6521.39,ACH,Paid,2025-08-14,2025-08-22,Delivered,WH-West,0,Multi-year
SAL-01085,ORD-00543,2,2026-09-12,2026,2026-09,C006,Sunrise Market,SMB,Retail,Asia Pacific,Germany,P104,Insight Pro License,Software,Licenses,SKU-P104-3,22,198.36,0,4363.92,4363.92,USD,Online,M. Garcia,124.96,1614.9,Credit Card,Paid,2026-09-26,2026-09-27,Delivered,WH-EU,0,Multi-year
SAL-01086,ORD-00544,1,2024-05-19,2024,2024-05,C007,Atlas Public Services,Public Sector,Government,North America,Canada,P105,Storage Array,Hardware,Storage,SKU-P105-4,26,1144.91,0,29767.66,29767.66,USD,Direct,M. Garcia,810.59,8692.21,Net Terms,Paid,2024-05-30,,Returned,WH-EU,14,Annual
SAL-01087,ORD-00544,2,2023-02-17,2023,2023-02,C001,Northstar Retail,Retail,Consumer Goods,North America,United Kingdom,P107,Support Renewal,Services,Support,SKU-P107-2,12,381.23,0,4574.76,4574.76,USD,Marketplace,S. Johnson,262.43,1425.56,Net Terms,Paid,2023-02-25,2023-03-01,Delivered,WH-Central,0,Multi-year
SAL-01088,ORD-00545,1,2026-03-02,2026,2026-03,C002,Blue Ridge Systems,Enterprise,Technology,North America,Singapore,P101,Cloud Data Suite,Software,Cloud,SKU-P101-1,8,745.36,0.15,5962.88,5068.45,USD,Direct,A. Patel,417.66,1727.17,Credit Card,Pending,2026-03-12,,Returned,WH-West,8,Multi-year
SAL-01089,ORD-00545,2,2025-04-20,2025,2025-04,C010,Golden Fields Co.,Mid-Market,Agriculture,Latin America,Singapore,P100,Analytics Platform,Software,Analytics,SKU-P100-2,12,901.1,0.1,10813.2,9731.88,USD,Online,R. Kim,614.78,2354.51,Credit Card,Paid,2025-05-03,,Shipped,WH-East,0,Multi-year
SAL-01090,ORD-00546,1,2024-12-06,2024,2024-12,C005,Vertex Manufacturing,Enterprise,Manufacturing,Europe,United States,P101,Cloud Data Suite,Software,Cloud,SKU-P101-3,1,704.48,0,704.48,704.48,USD,Partner,M. Garcia,518.5,185.98,ACH,Paid,2024-12-17,2024-12-25,Delivered,WH-EU,0,Annual
SAL-01091,ORD-00546,2,2025-12-28,2025,2025-12,C003,Harbor Health Group,Enterprise,Healthcare,North America,Brazil,P109,Forecasting Add-on,Software,Analytics,SKU-P109-1,18,348.0,0,6264.0,6264.0,USD,Online,R. Kim,199.19,2678.51,Net Terms,Refunded,2026-01-06,,Shipped,WH-West,0,Standard
SAL-01092,ORD-00547,1,2026-08-21,2026,2026-08,C003,Harbor Health Group,Enterprise,Healthcare,North America,United Kingdom,P105,Storage Array,Hardware,Storage,SKU-P105-1,23,1266.03,0.05,29118.69,27662.76,USD,Direct,R. Kim,841.83,8300.6,Credit Card,Paid,2026-08-23,2026-08-31,Delivered,WH-East,0,Multi-year
SAL-01093,ORD-00547,2,2024-12-09,2024,2024-12,C010,Golden Fields Co.,Mid-Market,Agriculture,Latin America,Germany,P108,Mobile Scanner,Hardware,Devices,SKU-P108-1,7,178.45,0.05,1249.15,1186.69,USD,Direct,S. Johnson,122.92,326.24,Credit Card,Paid,2024-12-20,2024-12-27,Delivered,WH-East,0,Annual
SAL-01094,ORD-00548,1,2024-06-19,2024,2024-06,C009,Summit Logistics,Enterprise,Transportation,Asia Pacific,Canada,P107,Support Renewal,Services,Support,SKU-P107-1,13,351.44,0.1,4568.72,4111.85,USD,Partner,M. Garcia,186.82,1683.15,ACH,Paid,2024-07-01,2024-07-09,Delivered,WH-West,0,Annual
SAL-01095,ORD-00548,2,2026-04-09,2026,2026-04,C004,Cedar & Stone,SMB,Hospitality,Europe,Canada,P109,Forecasting Add-on,Software,Analytics,SKU-P109-4,29,290.96,0.15,8437.84,7172.16,USD,Direct,A. Patel,137.46,3185.71,Credit Card,Pending,2026-04-23,2026-04-27,Delivered,WH-Central,0,Standard
SAL-01096,ORD-00549,1,2025-07-30,2025,2025-07,C010,Golden Fields Co.,Mid-Market,Agriculture,Latin America,United States,P105,Storage Array,Hardware,Storage,SKU-P105-1,27,1115.54,0,30119.58,30119.58,USD,Direct,J. Chen,663.73,12198.85,ACH,Paid,2025-08-12,,Shipped,WH-West,0,Multi-year
SAL-01097,ORD-00549,2,2025-07-07,2025,2025-07,C004,Cedar & Stone,SMB,Hospitality,Europe,Singapore,P108,Mobile Scanner,Hardware,Devices,SKU-P108-3,21,182.04,0.1,3822.84,3440.56,USD,Partner,M. Garcia,122.09,876.76,ACH,Paid,2025-07-12,2025-07-15,Delivered,WH-West,0,Multi-year
SAL-01098,ORD-00550,1,2026-06-16,2026,2026-06,C005,Vertex Manufacturing,Enterprise,Manufacturing,Europe,United Kingdom,P102,Edge Gateway,Hardware,Networking,SKU-P102-4,21,385.69,0,8099.49,8099.49,USD,Direct,M. Garcia,292.27,1961.76,Net Terms,Pending,2026-06-20,2026-06-21,Delivered,WH-East,0,Multi-year
SAL-01099,ORD-00550,2,2026-02-02,2026,2026-02,C007,Atlas Public Services,Public Sector,Government,North America,United States,P108,Mobile Scanner,Hardware,Devices,SKU-P108-2,3,190.85,0,572.55,572.55,USD,Marketplace,M. Garcia,126.05,194.39,Credit Card,Paid,2026-02-07,2026-02-08,Delivered,WH-Central,0,Multi-year
SAL-01100,ORD-00551,1,2024-04-01,2024,2024-04,C007,Atlas Public Services,Public Sector,Government,North America,United States,P109,Forecasting Add-on,Software,Analytics,SKU-P109-1,9,298.43,0,2685.87,2685.87,USD,Direct,A. Patel,151.48,1322.53,ACH,Overdue,2024-04-10,2024-04-16,Delivered,WH-East,0,Standard
SAL-01101,ORD-00551,2,2024-11-18,2024,2024-11,C001,Northstar Retail,Retail,Consumer Goods,North America,Germany,P109,Forecasting Add-on,Software,Analytics,SKU-P109-1,20,294.15,0.15,5883.0,5000.55,USD,Direct,S. Johnson,187.99,1240.84,ACH,Paid,2024-11-29,2024-12-06,Delivered,WH-Central,0,Multi-year
SAL-01102,ORD-00552,1,2025-08-29,2025,2025-08,C003,Harbor Health Group,Enterprise,Healthcare,North America,Singapore,P105,Storage Array,Hardware,Storage,SKU-P105-4,22,1290.63,0.1,28393.86,25554.47,USD,Direct,S. Johnson,812.72,7674.69,Net Terms,Paid,2025-08-30,,Shipped,WH-East,0,Standard
SAL-01103,ORD-00552,2,2025-01-27,2025,2025-01,C005,Vertex Manufacturing,Enterprise,Manufacturing,Europe,United States,P109,Forecasting Add-on,Software,Analytics,SKU-P109-2,31,352.32,0.05,10921.92,10375.82,USD,Direct,S. Johnson,162.85,5327.36,Net Terms,Paid,2025-02-10,,Cancelled,WH-West,0,Standard
SAL-01104,ORD-00553,1,2026-02-11,2026,2026-02,C001,Northstar Retail,Retail,Consumer Goods,North America,Brazil,P109,Forecasting Add-on,Software,Analytics,SKU-P109-2,19,325.07,0,6176.33,6176.33,USD,Marketplace,M. Garcia,213.83,2113.61,Net Terms,Paid,2026-02-15,2026-02-23,Delivered,WH-EU,0,Standard
SAL-01105,ORD-00553,2,2025-03-11,2025,2025-03,C007,Atlas Public Services,Public Sector,Government,North America,Canada,P107,Support Renewal,Services,Support,SKU-P107-3,31,337.48,0,10461.88,10461.88,USD,Partner,R. Kim,163.47,5394.39,Wire Transfer,Paid,2025-03-26,2025-04-03,Delivered,WH-Central,0,Multi-year
SAL-01106,ORD-00554,1,2024-03-22,2024,2024-03,C003,Harbor Health Group,Enterprise,Healthcare,North America,Singapore,P108,Mobile Scanner,Hardware,Devices,SKU-P108-3,20,200.4,0.15,4008.0,3406.8,USD,Direct,S. Johnson,94.98,1507.13,Net Terms,Paid,2024-04-06,,Shipped,WH-East,0,Multi-year
SAL-01107,ORD-00554,2,2026-07-25,2026,2026-07,C004,Cedar & Stone,SMB,Hospitality,Europe,United States,P107,Support Renewal,Services,Support,SKU-P107-3,14,378.67,0,5301.38,5301.38,USD,Partner,A. Patel,244.68,1875.88,ACH,Paid,2026-08-09,,Shipped,WH-EU,0,Annual
SAL-01108,ORD-00555,1,2024-05-22,2024,2024-05,C007,Atlas Public Services,Public Sector,Government,North America,Canada,P100,Analytics Platform,Software,Analytics,SKU-P100-2,21,889.64,0,18682.44,18682.44,USD,Direct,R. Kim,505.86,8059.32,Net Terms,Refunded,2024-06-03,,Processing,WH-East,0,Multi-year
SAL-01109,ORD-00555,2,2026-03-03,2026,2026-03,C003,Harbor Health Group,Enterprise,Healthcare,North America,Brazil,P107,Support Renewal,Services,Support,SKU-P107-3,15,343.25,0.1,5148.75,4633.88,USD,Partner,A. Patel,166.08,2142.66,ACH,Paid,2026-03-08,,Returned,WH-West,7,Standard
SAL-01110,ORD-00556,1,2024-12-10,2024,2024-12,C008,Evergreen Labs,SMB,Healthcare,Europe,Singapore,P105,Storage Array,Hardware,Storage,SKU-P105-4,16,1272.98,0.05,20367.68,19349.3,USD,Online,R. Kim,592.05,9876.54,ACH,Paid,2024-12-14,,Processing,WH-East,0,Standard
SAL-01111,ORD-00556,2,2023-07-09,2023,2023-07,C008,Evergreen Labs,SMB,Healthcare,Europe,Singapore,P104,Insight Pro License,Software,Licenses,SKU-P104-2,15,187.62,0.05,2814.3,2673.59,USD,Online,S. Johnson,115.99,933.73,ACH,Paid,2023-07-14,,Shipped,WH-Central,0,Standard
SAL-01112,ORD-00557,1,2023-09-23,2023,2023-09,C009,Summit Logistics,Enterprise,Transportation,Asia Pacific,Germany,P103,Secure Access Kit,Hardware,Security,SKU-P103-4,11,255.24,0.2,2807.64,2246.11,USD,Direct,A. Patel,146.6,633.53,Wire Transfer,Pending,2023-10-03,2023-10-06,Delivered,WH-East,0,Standard
SAL-01113,ORD-00557,2,2025-02-23,2025,2025-02,C007,Atlas Public Services,Public Sector,Government,North America,Brazil,P100,Analytics Platform,Software,Analytics,SKU-P100-4,16,837.85,0,13405.6,13405.6,USD,Partner,R. Kim,446.62,6259.6,Credit Card,Paid,2025-02-26,2025-03-01,Delivered,WH-East,0,Standard
SAL-01114,ORD-00558,1,2025-04-14,2025,2025-04,C009,Summit Logistics,Enterprise,Transportation,Asia Pacific,United States,P102,Edge Gateway,Hardware,Networking,SKU-P102-4,24,447.84,0,10748.16,10748.16,USD,Online,M. Garcia,285.92,3886.1,Credit Card,Paid,2025-04-19,2025-04-24,Delivered,WH-East,0,Multi-year
SAL-01115,ORD-00558,2,2026-05-21,2026,2026-05,C010,Golden Fields Co.,Mid-Market,Agriculture,Latin America,Germany,P102,Edge Gateway,Hardware,Networking,SKU-P102-1,14,448.32,0.05,6276.48,5962.66,USD,Online,S. Johnson,318.57,1502.62,Credit Card,Paid,2026-05-29,2026-06-03,Delivered,WH-Central,0,Multi-year
SAL-01116,ORD-00559,1,2026-01-02,2026,2026-01,C004,Cedar & Stone,SMB,Hospitality,Europe,United States,P103,Secure Access Kit,Hardware,Security,SKU-P103-1,15,276.4,0.1,4146.0,3731.4,USD,Marketplace,S. Johnson,143.42,1580.1,Wire Transfer,Pending,2026-01-14,2026-01-16,Delivered,WH-East,0,Standard
SAL-01117,ORD-00559,2,2025-02-16,2025,2025-02,C004,Cedar & Stone,SMB,Hospitality,Europe,United States,P109,Forecasting Add-on,Software,Analytics,SKU-P109-1,6,347.57,0,2085.42,2085.42,USD,Direct,J. Chen,254.41,558.97,Net Terms,Paid,2025-03-01,,Cancelled,WH-Central,0,Multi-year
SAL-01118,ORD-00560,1,2023-03-19,2023,2023-03,C004,Cedar & Stone,SMB,Hospitality,Europe,United States,P109,Forecasting Add-on,Software,Analytics,SKU-P109-3,31,318.11,0.1,9861.41,8875.27,USD,Direct,A. Patel,161.7,3862.58,ACH,Overdue,2023-03-31,,Shipped,WH-East,0,Standard
SAL-01119,ORD-00560,2,2026-03-09,2026,2026-03,C007,Atlas Public Services,Public Sector,Government,North America,United Kingdom,P107,Support Renewal,Services,Support,SKU-P107-3,4,397.1,0,1588.4,1588.4,USD,Partner,S. Johnson,193.19,815.62,Credit Card,Paid,2026-03-23,2026-03-25,Delivered,WH-EU,0,Standard
SAL-01120,ORD-00561,1,2024-05-05,2024,2024-05,C002,Blue Ridge Systems,Enterprise,Technology,North America,Brazil,P107,Support Renewal,Services,Support,SKU-P107-3,3,367.03,0.1,1101.09,990.98,USD,Marketplace,S. Johnson,224.5,317.48,Credit Card,Paid,2024-05-19,,Processing,WH-Central,0,Annual
SAL-01121,ORD-00561,2,2023-06-21,2023,2023-06,C005,Vertex Manufacturing,Enterprise,Manufacturing,Europe,United States,P106,Integration Services,Services,Consulting,SKU-P106-2,6,1442.94,0.15,8657.64,7358.99,USD,Online,A. Patel,802.93,2541.44,Credit Card,Paid,2023-07-07,,Shipped,WH-Central,0,Multi-year
SAL-01122,ORD-00562,1,2026-05-19,2026,2026-05,C001,Northstar Retail,Retail,Consumer Goods,North America,Germany,P105,Storage Array,Hardware,Storage,SKU-P105-1,15,1194.84,0,17922.6,17922.6,USD,Marketplace,S. Johnson,858.99,5037.74,ACH,Pending,2026-05-24,2026-05-28,Delivered,WH-EU,0,Annual
SAL-01123,ORD-00562,2,2025-12-01,2025,2025-12,C005,Vertex Manufacturing,Enterprise,Manufacturing,Europe,Germany,P103,Secure Access Kit,Hardware,Security,SKU-P103-1,16,257.53,0,4120.48,4120.48,USD,Marketplace,S. Johnson,162.8,1515.69,Net Terms,Pending,2025-12-11,2025-12-15,Delivered,WH-Central,0,Standard
SAL-01124,ORD-00563,1,2024-07-10,2024,2024-07,C009,Summit Logistics,Enterprise,Transportation,Asia Pacific,United States,P103,Secure Access Kit,Hardware,Security,SKU-P103-4,8,309.12,0,2472.96,2472.96,USD,Online,R. Kim,228.39,645.81,ACH,Paid,2024-07-18,,Cancelled,WH-EU,0,Multi-year
SAL-01125,ORD-00563,2,2025-09-21,2025,2025-09,C002,Blue Ridge Systems,Enterprise,Technology,North America,Germany,P103,Secure Access Kit,Hardware,Security,SKU-P103-1,21,260.4,0,5468.4,5468.4,USD,Direct,R. Kim,139.82,2532.18,Wire Transfer,Paid,2025-10-02,2025-10-08,Delivered,WH-West,0,Standard
SAL-01126,ORD-00564,1,2026-06-19,2026,2026-06,C006,Sunrise Market,SMB,Retail,Asia Pacific,Singapore,P109,Forecasting Add-on,Software,Analytics,SKU-P109-3,4,308.22,0,1232.88,1232.88,USD,Partner,M. Garcia,166.63,566.35,ACH,Paid,2026-07-01,,Processing,WH-Central,0,Standard
SAL-01127,ORD-00564,2,2025-05-06,2025,2025-05,C002,Blue Ridge Systems,Enterprise,Technology,North America,United States,P106,Integration Services,Services,Consulting,SKU-P106-4,29,1607.35,0,46613.15,46613.15,USD,Direct,S. Johnson,822.57,22758.75,ACH,Refunded,2025-05-15,2025-05-23,Delivered,WH-EU,0,Multi-year
SAL-01128,ORD-00565,1,2023-03-13,2023,2023-03,C010,Golden Fields Co.,Mid-Market,Agriculture,Latin America,Brazil,P102,Edge Gateway,Hardware,Networking,SKU-P102-1,10,437.5,0,4375.0,4375.0,USD,Marketplace,M. Garcia,331.47,1060.34,Credit Card,Paid,2023-03-26,2023-03-28,Delivered,WH-EU,0,Standard
SAL-01129,ORD-00565,2,2023-01-02,2023,2023-01,C005,Vertex Manufacturing,Enterprise,Manufacturing,Europe,United Kingdom,P100,Analytics Platform,Software,Analytics,SKU-P100-1,10,910.34,0,9103.4,9103.4,USD,Partner,M. Garcia,491.65,4186.9,Wire Transfer,Pending,2023-01-05,2023-01-10,Delivered,WH-East,0,Annual
SAL-01130,ORD-00566,1,2023-01-04,2023,2023-01,C009,Summit Logistics,Enterprise,Transportation,Asia Pacific,Singapore,P109,Forecasting Add-on,Software,Analytics,SKU-P109-4,23,308.53,0,7096.19,7096.19,USD,Direct,A. Patel,151.28,3616.86,ACH,Pending,2023-01-15,2023-01-22,Delivered,WH-Central,0,Annual
SAL-01131,ORD-00566,2,2024-11-16,2024,2024-11,C003,Harbor Health Group,Enterprise,Healthcare,North America,Brazil,P103,Secure Access Kit,Hardware,Security,SKU-P103-4,35,291.92,0.1,10217.2,9195.48,USD,Online,M. Garcia,133.05,4538.74,ACH,Paid,2024-11-17,2024-11-18,Delivered,WH-East,0,Multi-year
SAL-01132,ORD-00567,1,2026-08-28,2026,2026-08,C001,Northstar Retail,Retail,Consumer Goods,North America,Germany,P101,Cloud Data Suite,Software,Cloud,SKU-P101-4,18,758.78,0,13658.04,13658.04,USD,Marketplace,A. Patel,405.41,6360.66,Net Terms,Paid,2026-09-05,,Shipped,WH-West,0,Multi-year
SAL-01133,ORD-00567,2,2026-04-11,2026,2026-04,C005,Vertex Manufacturing,Enterprise,Manufacturing,Europe,United Kingdom,P106,Integration Services,Services,Consulting,SKU-P106-3,4,1557.18,0,6228.72,6228.72,USD,Direct,A. Patel,922.45,2538.91,Net Terms,Paid,2026-04-25,2026-04-28,Delivered,WH-Central,0,Standard
SAL-01134,ORD-00568,1,2024-03-19,2024,2024-03,C003,Harbor Health Group,Enterprise,Healthcare,North America,United Kingdom,P109,Forecasting Add-on,Software,Analytics,SKU-P109-2,12,333.76,0.05,4005.12,3804.86,USD,Partner,J. Chen,197.51,1434.71,Wire Transfer,Paid,2024-03-30,,Cancelled,WH-West,0,Standard
SAL-01135,ORD-00568,2,2023-11-23,2023,2023-11,C009,Summit Logistics,Enterprise,Transportation,Asia Pacific,Germany,P103,Secure Access Kit,Hardware,Security,SKU-P103-2,33,312.43,0.1,10310.19,9279.17,USD,Partner,M. Garcia,175.58,3484.96,Wire Transfer,Pending,2023-11-29,2023-12-03,Delivered,WH-East,0,Standard
SAL-01136,ORD-00569,1,2025-09-04,2025,2025-09,C007,Atlas Public Services,Public Sector,Government,North America,United Kingdom,P109,Forecasting Add-on,Software,Analytics,SKU-P109-2,29,325.1,0,9427.9,9427.9,USD,Marketplace,A. Patel,220.77,3025.59,Net Terms,Paid,2025-09-10,2025-09-16,Delivered,WH-East,0,Multi-year
SAL-01137,ORD-00569,2,2025-12-01,2025,2025-12,C002,Blue Ridge Systems,Enterprise,Technology,North America,Germany,P106,Integration Services,Services,Consulting,SKU-P106-3,10,1503.04,0,15030.4,15030.4,USD,Marketplace,A. Patel,970.99,5320.55,ACH,Paid,2025-12-11,2025-12-16,Delivered,WH-Central,0,Multi-year
SAL-01138,ORD-00570,1,2024-10-18,2024,2024-10,C009,Summit Logistics,Enterprise,Transportation,Asia Pacific,Singapore,P108,Mobile Scanner,Hardware,Devices,SKU-P108-4,10,178.21,0.05,1782.1,1692.99,USD,Marketplace,R. Kim,105.75,635.51,Credit Card,Pending,2024-10-29,2024-10-30,Delivered,WH-Central,0,Multi-year
SAL-01139,ORD-00570,2,2023-01-02,2023,2023-01,C005,Vertex Manufacturing,Enterprise,Manufacturing,Europe,Singapore,P105,Storage Array,Hardware,Storage,SKU-P105-3,31,1224.28,0,37952.68,37952.68,USD,Partner,J. Chen,752.11,14637.42,ACH,Pending,2023-01-16,2023-01-17,Delivered,WH-EU,0,Annual
SAL-01140,ORD-00571,1,2026-04-01,2026,2026-04,C008,Evergreen Labs,SMB,Healthcare,Europe,United States,P101,Cloud Data Suite,Software,Cloud,SKU-P101-4,1,742.34,0.05,742.34,705.22,USD,Direct,J. Chen,355.46,349.76,Net Terms,Paid,2026-04-15,2026-04-19,Delivered,WH-East,0,Annual
SAL-01141,ORD-00571,2,2024-05-27,2024,2024-05,C010,Golden Fields Co.,Mid-Market,Agriculture,Latin America,United States,P100,Analytics Platform,Software,Analytics,SKU-P100-4,30,978.1,0.15,29343.0,24941.55,USD,Marketplace,J. Chen,407.48,12717.21,ACH,Paid,2024-06-04,2024-06-10,Delivered,WH-EU,0,Multi-year
SAL-01142,ORD-00572,1,2024-02-06,2024,2024-02,C002,Blue Ridge Systems,Enterprise,Technology,North America,Brazil,P101,Cloud Data Suite,Software,Cloud,SKU-P101-4,11,696.47,0.2,7661.17,6128.94,USD,Marketplace,R. Kim,341.65,2370.81,Net Terms,Paid,2024-02-11,2024-02-15,Delivered,WH-Central,0,Standard
SAL-01143,ORD-00572,2,2024-02-13,2024,2024-02,C005,Vertex Manufacturing,Enterprise,Manufacturing,Europe,United States,P102,Edge Gateway,Hardware,Networking,SKU-P102-1,9,395.53,0,3559.77,3559.77,USD,Online,J. Chen,286.66,979.82,ACH,Paid,2024-02-21,2024-02-23,Delivered,WH-West,0,Multi-year
SAL-01144,ORD-00573,1,2023-04-14,2023,2023-04,C006,Sunrise Market,SMB,Retail,Asia Pacific,United States,P101,Cloud Data Suite,Software,Cloud,SKU-P101-2,10,634.0,0,6340.0,6340.0,USD,Marketplace,J. Chen,416.39,2176.05,Net Terms,Paid,2023-04-25,,Cancelled,WH-EU,0,Multi-year
SAL-01145,ORD-00573,2,2025-08-01,2025,2025-08,C007,Atlas Public Services,Public Sector,Government,North America,United Kingdom,P102,Edge Gateway,Hardware,Networking,SKU-P102-4,30,408.69,0,12260.7,12260.7,USD,Online,S. Johnson,274.63,4021.73,Credit Card,Pending,2025-08-06,2025-08-09,Delivered,WH-West,0,Standard
SAL-01146,ORD-00574,1,2025-10-26,2025,2025-10,C006,Sunrise Market,SMB,Retail,Asia Pacific,Singapore,P103,Secure Access Kit,Hardware,Security,SKU-P103-2,34,269.6,0.1,9166.4,8249.76,USD,Partner,R. Kim,158.26,2869.06,ACH,Paid,2025-11-05,2025-11-09,Delivered,WH-Central,0,Annual
SAL-01147,ORD-00574,2,2023-04-29,2023,2023-04,C009,Summit Logistics,Enterprise,Transportation,Asia Pacific,Brazil,P101,Cloud Data Suite,Software,Cloud,SKU-P101-1,15,646.9,0.05,9703.5,9218.32,USD,Partner,S. Johnson,387.97,3398.73,Net Terms,Overdue,2023-05-04,,Cancelled,WH-East,0,Annual
SAL-01148,ORD-00575,1,2024-08-24,2024,2024-08,C008,Evergreen Labs,SMB,Healthcare,Europe,Germany,P109,Forecasting Add-on,Software,Analytics,SKU-P109-3,30,293.03,0.1,8790.9,7911.81,USD,Online,J. Chen,176.54,2615.74,Wire Transfer,Paid,2024-08-30,2024-08-31,Delivered,WH-West,0,Multi-year
SAL-01149,ORD-00575,2,2025-04-14,2025,2025-04,C003,Harbor Health Group,Enterprise,Healthcare,North America,United States,P104,Insight Pro License,Software,Licenses,SKU-P104-4,4,172.35,0,689.4,689.4,USD,Partner,R. Kim,122.13,200.89,Credit Card,Pending,2025-04-25,2025-05-01,Delivered,WH-Central,0,Standard
SAL-01150,ORD-00576,1,2023-06-28,2023,2023-06,C003,Harbor Health Group,Enterprise,Healthcare,North America,United Kingdom,P106,Integration Services,Services,Consulting,SKU-P106-1,28,1464.81,0.05,41014.68,38963.95,USD,Partner,R. Kim,810.61,16266.99,Wire Transfer,Paid,2023-07-13,2023-07-14,Delivered,WH-EU,0,Standard
SAL-01151,ORD-00576,2,2024-09-10,2024,2024-09,C007,Atlas Public Services,Public Sector,Government,North America,Singapore,P102,Edge Gateway,Hardware,Networking,SKU-P102-1,26,441.4,0.1,11476.4,10328.76,USD,Marketplace,M. Garcia,211.57,4828.01,ACH,Pending,2024-09-19,,Returned,WH-Central,1,Annual
SAL-01152,ORD-00577,1,2026-02-23,2026,2026-02,C007,Atlas Public Services,Public Sector,Government,North America,United States,P105,Storage Array,Hardware,Storage,SKU-P105-2,8,1273.03,0.1,10184.24,9165.82,USD,Partner,A. Patel,862.82,2263.26,ACH,Paid,2026-02-26,,Shipped,WH-West,0,Annual
SAL-01153,ORD-00577,2,2025-10-25,2025,2025-10,C002,Blue Ridge Systems,Enterprise,Technology,North America,Germany,P106,Integration Services,Services,Consulting,SKU-P106-3,10,1546.64,0.05,15466.4,14693.08,USD,Direct,M. Garcia,803.43,6658.75,Credit Card,Overdue,2025-10-30,,Processing,WH-Central,0,Annual
SAL-01154,ORD-00578,1,2024-01-08,2024,2024-01,C009,Summit Logistics,Enterprise,Transportation,Asia Pacific,United Kingdom,P109,Forecasting Add-on,Software,Analytics,SKU-P109-2,18,293.87,0.1,5289.66,4760.69,USD,Direct,M. Garcia,186.34,1406.65,Wire Transfer,Pending,2024-01-10,,Returned,WH-East,5,Multi-year
SAL-01155,ORD-00578,2,2026-05-24,2026,2026-05,C001,Northstar Retail,Retail,Consumer Goods,North America,United Kingdom,P101,Cloud Data Suite,Software,Cloud,SKU-P101-1,16,721.74,0.1,11547.84,10393.06,USD,Partner,J. Chen,373.83,4411.77,Credit Card,Paid,2026-05-31,2026-06-08,Delivered,WH-West,0,Multi-year
SAL-01156,ORD-00579,1,2024-08-02,2024,2024-08,C001,Northstar Retail,Retail,Consumer Goods,North America,Germany,P108,Mobile Scanner,Hardware,Devices,SKU-P108-1,16,189.58,0.05,3033.28,2881.62,USD,Partner,J. Chen,93.6,1384.02,Wire Transfer,Overdue,2024-08-09,,Returned,WH-EU,16,Standard
SAL-01157,ORD-00579,2,2024-07-13,2024,2024-07,C008,Evergreen Labs,SMB,Healthcare,Europe,Germany,P104,Insight Pro License,Software,Licenses,SKU-P104-2,30,190.43,0,5712.9,5712.9,USD,Partner,R. Kim,97.81,2778.51,Wire Transfer,Overdue,2024-07-19,2024-07-20,Delivered,WH-West,0,Standard
SAL-01158,ORD-00580,1,2023-04-02,2023,2023-04,C003,Harbor Health Group,Enterprise,Healthcare,North America,Brazil,P102,Edge Gateway,Hardware,Networking,SKU-P102-4,24,375.43,0,9010.32,9010.32,USD,Direct,A. Patel,236.62,3331.42,Credit Card,Paid,2023-04-07,2023-04-09,Delivered,WH-West,0,Multi-year
SAL-01159,ORD-00580,2,2025-09-12,2025,2025-09,C005,Vertex Manufacturing,Enterprise,Manufacturing,Europe,United States,P106,Integration Services,Services,Consulting,SKU-P106-2,24,1382.75,0.1,33186.0,29867.4,USD,Partner,S. Johnson,725.37,12458.54,Wire Transfer,Paid,2025-09-27,,Returned,WH-West,2,Multi-year
SAL-01160,ORD-00581,1,2024-08-05,2024,2024-08,C009,Summit Logistics,Enterprise,Transportation,Asia Pacific,United States,P104,Insight Pro License,Software,Licenses,SKU-P104-3,1,189.57,0.1,189.57,170.61,USD,Marketplace,R. Kim,116.17,54.44,Wire Transfer,Paid,2024-08-16,2024-08-20,Delivered,WH-Central,0,Standard
SAL-01161,ORD-00581,2,2025-01-17,2025,2025-01,C004,Cedar & Stone,SMB,Hospitality,Europe,United Kingdom,P104,Insight Pro License,Software,Licenses,SKU-P104-3,21,174.2,0,3658.2,3658.2,USD,Partner,R. Kim,114.17,1260.6,ACH,Overdue,2025-01-30,2025-02-05,Delivered,WH-West,0,Standard
SAL-01162,ORD-00582,1,2025-10-13,2025,2025-10,C001,Northstar Retail,Retail,Consumer Goods,North America,United States,P109,Forecasting Add-on,Software,Analytics,SKU-P109-2,26,356.51,0.15,9269.26,7878.87,USD,Online,R. Kim,181.15,3168.92,Wire Transfer,Pending,2025-10-27,2025-11-01,Delivered,WH-EU,0,Annual
SAL-01163,ORD-00582,2,2023-06-08,2023,2023-06,C009,Summit Logistics,Enterprise,Transportation,Asia Pacific,Singapore,P103,Secure Access Kit,Hardware,Security,SKU-P103-1,25,279.01,0.05,6975.25,6626.49,USD,Marketplace,R. Kim,158.97,2652.2,Net Terms,Overdue,2023-06-20,2023-06-25,Delivered,WH-Central,0,Standard
SAL-01164,ORD-00583,1,2026-05-20,2026,2026-05,C003,Harbor Health Group,Enterprise,Healthcare,North America,United Kingdom,P104,Insight Pro License,Software,Licenses,SKU-P104-1,16,179.76,0,2876.16,2876.16,USD,Marketplace,S. Johnson,103.64,1217.87,Wire Transfer,Paid,2026-06-04,,Cancelled,WH-West,0,Standard
SAL-01165,ORD-00583,2,2023-10-30,2023,2023-10,C005,Vertex Manufacturing,Enterprise,Manufacturing,Europe,Canada,P107,Support Renewal,Services,Support,SKU-P107-3,16,399.7,0,6395.2,6395.2,USD,Partner,R. Kim,280.04,1914.54,Credit Card,Paid,2023-11-12,2023-11-14,Delivered,WH-West,0,Annual
SAL-01166,ORD-00584,1,2023-09-23,2023,2023-09,C010,Golden Fields Co.,Mid-Market,Agriculture,Latin America,Germany,P106,Integration Services,Services,Consulting,SKU-P106-1,13,1596.77,0.1,20758.01,18682.21,USD,Marketplace,S. Johnson,824.52,7963.41,Net Terms,Paid,2023-10-03,2023-10-07,Delivered,WH-West,0,Standard
SAL-01167,ORD-00584,2,2026-01-07,2026,2026-01,C005,Vertex Manufacturing,Enterprise,Manufacturing,Europe,Singapore,P103,Secure Access Kit,Hardware,Security,SKU-P103-4,22,285.22,0.15,6274.84,5333.61,USD,Partner,R. Kim,177.87,1420.45,Net Terms,Paid,2026-01-22,2026-01-29,Delivered,WH-West,0,Standard
SAL-01168,ORD-00585,1,2025-08-29,2025,2025-08,C001,Northstar Retail,Retail,Consumer Goods,North America,Brazil,P107,Support Renewal,Services,Support,SKU-P107-3,9,366.02,0.1,3294.18,2964.76,USD,Marketplace,R. Kim,221.06,975.24,ACH,Paid,2025-09-08,,Shipped,WH-East,0,Standard
SAL-01169,ORD-00585,2,2024-04-03,2024,2024-04,C010,Golden Fields Co.,Mid-Market,Agriculture,Latin America,United Kingdom,P106,Integration Services,Services,Consulting,SKU-P106-1,24,1568.54,0.1,37644.96,33880.46,USD,Marketplace,S. Johnson,1062.94,8369.95,Credit Card,Paid,2024-04-13,2024-04-16,Delivered,WH-West,0,Multi-year
SAL-01170,ORD-00586,1,2023-10-26,2023,2023-10,C008,Evergreen Labs,SMB,Healthcare,Europe,Brazil,P106,Integration Services,Services,Consulting,SKU-P106-4,34,1447.57,0,49217.38,49217.38,USD,Marketplace,A. Patel,1035.2,14020.41,ACH,Paid,2023-11-08,2023-11-13,Delivered,WH-Central,0,Annual
SAL-01171,ORD-00586,2,2023-02-22,2023,2023-02,C007,Atlas Public Services,Public Sector,Government,North America,United States,P103,Secure Access Kit,Hardware,Security,SKU-P103-4,18,271.24,0.15,4882.32,4149.97,USD,Direct,M. Garcia,162.3,1228.64,Net Terms,Paid,2023-02-28,2023-03-02,Delivered,WH-EU,0,Standard
SAL-01172,ORD-00587,1,2023-04-12,2023,2023-04,C004,Cedar & Stone,SMB,Hospitality,Europe,Germany,P106,Integration Services,Services,Consulting,SKU-P106-3,27,1619.14,0.05,43716.78,41530.94,USD,Partner,A. Patel,771.1,20711.36,Net Terms,Pending,2023-04-16,2023-04-21,Delivered,WH-West,0,Annual
SAL-01173,ORD-00587,2,2026-06-03,2026,2026-06,C004,Cedar & Stone,SMB,Hospitality,Europe,Singapore,P100,Analytics Platform,Software,Analytics,SKU-P100-4,32,865.13,0.05,27684.16,26299.95,USD,Direct,S. Johnson,610.18,6774.19,Credit Card,Paid,2026-06-18,2026-06-20,Delivered,WH-East,0,Multi-year
SAL-01174,ORD-00588,1,2024-12-06,2024,2024-12,C008,Evergreen Labs,SMB,Healthcare,Europe,Singapore,P109,Forecasting Add-on,Software,Analytics,SKU-P109-2,21,312.54,0.1,6563.34,5907.01,USD,Marketplace,M. Garcia,170.37,2329.19,Net Terms,Pending,2024-12-20,2024-12-24,Delivered,WH-EU,0,Multi-year
SAL-01175,ORD-00588,2,2026-04-04,2026,2026-04,C001,Northstar Retail,Retail,Consumer Goods,North America,Germany,P102,Edge Gateway,Hardware,Networking,SKU-P102-1,22,457.48,0,10064.56,10064.56,USD,Direct,J. Chen,293.08,3616.87,ACH,Paid,2026-04-19,2026-04-20,Delivered,WH-West,0,Standard
SAL-01176,ORD-00589,1,2023-08-08,2023,2023-08,C010,Golden Fields Co.,Mid-Market,Agriculture,Latin America,United States,P105,Storage Array,Hardware,Storage,SKU-P105-2,15,1220.94,0,18314.1,18314.1,USD,Partner,A. Patel,927.16,4406.64,Credit Card,Refunded,2023-08-21,,Shipped,WH-Central,0,Multi-year
SAL-01177,ORD-00589,2,2026-09-15,2026,2026-09,C006,Sunrise Market,SMB,Retail,Asia Pacific,Singapore,P106,Integration Services,Services,Consulting,SKU-P106-2,25,1423.81,0.05,35595.25,33815.49,USD,Direct,S. Johnson,839.37,12831.15,Net Terms,Refunded,2026-09-17,2026-09-23,Delivered,WH-East,0,Multi-year
SAL-01178,ORD-00590,1,2024-12-05,2024,2024-12,C001,Northstar Retail,Retail,Consumer Goods,North America,Germany,P101,Cloud Data Suite,Software,Cloud,SKU-P101-1,23,665.1,0.15,15297.3,13002.7,USD,Online,J. Chen,347.59,5008.22,Net Terms,Paid,2024-12-21,2024-12-22,Delivered,WH-East,0,Annual
SAL-01179,ORD-00590,2,2026-09-04,2026,2026-09,C001,Northstar Retail,Retail,Consumer Goods,North America,United States,P100,Analytics Platform,Software,Analytics,SKU-P100-3,7,889.77,0.15,6228.39,5294.13,USD,Marketplace,M. Garcia,486.34,1889.75,Wire Transfer,Pending,2026-09-05,2026-09-07,Delivered,WH-Central,0,Multi-year
SAL-01180,ORD-00591,1,2025-02-19,2025,2025-02,C009,Summit Logistics,Enterprise,Transportation,Asia Pacific,Brazil,P106,Integration Services,Services,Consulting,SKU-P106-2,28,1540.51,0.1,43134.28,38820.85,USD,Marketplace,A. Patel,937.15,12580.58,Credit Card,Paid,2025-02-27,,Processing,WH-EU,0,Multi-year
SAL-01181,ORD-00591,2,2024-01-03,2024,2024-01,C003,Harbor Health Group,Enterprise,Healthcare,North America,United Kingdom,P102,Edge Gateway,Hardware,Networking,SKU-P102-3,29,449.15,0,13025.35,13025.35,USD,Online,S. Johnson,330.93,3428.39,ACH,Paid,2024-01-04,2024-01-07,Delivered,WH-East,0,Multi-year
SAL-01182,ORD-00592,1,2023-12-24,2023,2023-12,C001,Northstar Retail,Retail,Consumer Goods,North America,United States,P109,Forecasting Add-on,Software,Analytics,SKU-P109-3,35,339.51,0,11882.85,11882.85,USD,Direct,S. Johnson,246.07,3270.33,ACH,Paid,2024-01-07,2024-01-12,Delivered,WH-East,0,Standard
SAL-01183,ORD-00592,2,2025-02-21,2025,2025-02,C004,Cedar & Stone,SMB,Hospitality,Europe,United Kingdom,P107,Support Renewal,Services,Support,SKU-P107-3,15,340.14,0.1,5102.1,4591.89,USD,Direct,J. Chen,176.21,1948.8,Credit Card,Paid,2025-02-25,2025-03-01,Delivered,WH-EU,0,Standard
SAL-01184,ORD-00593,1,2023-10-10,2023,2023-10,C001,Northstar Retail,Retail,Consumer Goods,North America,Germany,P103,Secure Access Kit,Hardware,Security,SKU-P103-4,17,270.39,0.15,4596.63,3907.14,USD,Partner,J. Chen,154.38,1282.73,Wire Transfer,Pending,2023-10-11,2023-10-15,Delivered,WH-EU,0,Multi-year
SAL-01185,ORD-00593,2,2024-08-20,2024,2024-08,C005,Vertex Manufacturing,Enterprise,Manufacturing,Europe,Germany,P103,Secure Access Kit,Hardware,Security,SKU-P103-1,5,299.87,0.1,1499.35,1349.41,USD,Partner,S. Johnson,190.64,396.23,Credit Card,Paid,2024-09-03,,Cancelled,WH-East,0,Annual
SAL-01186,ORD-00594,1,2024-04-16,2024,2024-04,C003,Harbor Health Group,Enterprise,Healthcare,North America,Germany,P101,Cloud Data Suite,Software,Cloud,SKU-P101-4,5,644.81,0.1,3224.05,2901.65,USD,Marketplace,M. Garcia,300.4,1399.66,ACH,Paid,2024-05-01,,Processing,WH-EU,0,Standard
SAL-01187,ORD-00594,2,2025-04-11,2025,2025-04,C004,Cedar & Stone,SMB,Hospitality,Europe,Germany,P108,Mobile Scanner,Hardware,Devices,SKU-P108-2,21,213.58,0.1,4485.18,4036.66,USD,Marketplace,S. Johnson,112.9,1665.73,Net Terms,Paid,2025-04-19,2025-04-20,Delivered,WH-EU,0,Standard
SAL-01188,ORD-00595,1,2023-03-11,2023,2023-03,C007,Atlas Public Services,Public Sector,Government,North America,United Kingdom,P108,Mobile Scanner,Hardware,Devices,SKU-P108-4,23,216.33,0.1,4975.59,4478.03,USD,Partner,J. Chen,136.85,1330.52,Credit Card,Paid,2023-03-27,2023-04-02,Delivered,WH-East,0,Multi-year
SAL-01189,ORD-00595,2,2026-07-20,2026,2026-07,C004,Cedar & Stone,SMB,Hospitality,Europe,United States,P106,Integration Services,Services,Consulting,SKU-P106-3,28,1563.69,0.05,43783.32,41594.15,USD,Marketplace,J. Chen,991.77,13824.63,Net Terms,Paid,2026-07-22,2026-07-24,Delivered,WH-Central,0,Multi-year
SAL-01190,ORD-00596,1,2026-03-21,2026,2026-03,C009,Summit Logistics,Enterprise,Transportation,Asia Pacific,United States,P100,Analytics Platform,Software,Analytics,SKU-P100-3,10,907.98,0.05,9079.8,8625.81,USD,Partner,S. Johnson,427.59,4349.9,Wire Transfer,Overdue,2026-03-29,2026-03-31,Delivered,WH-West,0,Annual
SAL-01191,ORD-00596,2,2023-06-28,2023,2023-06,C002,Blue Ridge Systems,Enterprise,Technology,North America,United States,P104,Insight Pro License,Software,Licenses,SKU-P104-4,31,160.75,0,4983.25,4983.25,USD,Online,A. Patel,121.72,1209.85,ACH,Paid,2023-07-11,,Returned,WH-East,18,Annual
SAL-01192,ORD-00597,1,2025-11-11,2025,2025-11,C003,Harbor Health Group,Enterprise,Healthcare,North America,United States,P103,Secure Access Kit,Hardware,Security,SKU-P103-4,16,284.6,0.1,4553.6,4098.24,USD,Direct,M. Garcia,194.09,992.76,Net Terms,Paid,2025-11-23,2025-11-29,Delivered,WH-Central,0,Multi-year
SAL-01193,ORD-00597,2,2024-10-05,2024,2024-10,C001,Northstar Retail,Retail,Consumer Goods,North America,Canada,P104,Insight Pro License,Software,Licenses,SKU-P104-1,23,192.37,0.15,4424.51,3760.83,USD,Partner,R. Kim,94.78,1580.98,Credit Card,Paid,2024-10-20,2024-10-26,Delivered,WH-Central,0,Standard
SAL-01194,ORD-00598,1,2025-08-10,2025,2025-08,C008,Evergreen Labs,SMB,Healthcare,Europe,Singapore,P102,Edge Gateway,Hardware,Networking,SKU-P102-1,4,377.89,0.15,1511.56,1284.83,USD,Marketplace,J. Chen,232.9,353.25,Net Terms,Paid,2025-08-11,2025-08-16,Delivered,WH-West,0,Multi-year
SAL-01195,ORD-00598,2,2025-10-01,2025,2025-10,C010,Golden Fields Co.,Mid-Market,Agriculture,Latin America,Germany,P107,Support Renewal,Services,Support,SKU-P107-1,15,359.09,0.05,5386.35,5117.03,USD,Partner,M. Garcia,201.99,2087.21,Credit Card,Refunded,2025-10-12,2025-10-19,Delivered,WH-Central,0,Multi-year
SAL-01196,ORD-00599,1,2023-06-17,2023,2023-06,C002,Blue Ridge Systems,Enterprise,Technology,North America,Canada,P105,Storage Array,Hardware,Storage,SKU-P105-1,22,1185.75,0.1,26086.5,23477.85,USD,Online,S. Johnson,596.58,10353.08,Wire Transfer,Overdue,2023-06-27,2023-07-04,Delivered,WH-EU,0,Annual
SAL-01197,ORD-00599,2,2023-10-09,2023,2023-10,C004,Cedar & Stone,SMB,Hospitality,Europe,Singapore,P107,Support Renewal,Services,Support,SKU-P107-3,26,397.16,0.1,10326.16,9293.54,USD,Marketplace,S. Johnson,268.47,2313.43,Net Terms,Paid,2023-10-21,,Processing,WH-East,0,Multi-year
SAL-01198,ORD-00600,1,2026-03-07,2026,2026-03,C004,Cedar & Stone,SMB,Hospitality,Europe,Germany,P106,Integration Services,Services,Consulting,SKU-P106-4,32,1431.37,0.1,45803.84,41223.46,USD,Online,S. Johnson,886.86,12843.98,ACH,Paid,2026-03-15,2026-03-18,Delivered,WH-West,0,Annual
SAL-01199,ORD-00600,2,2024-11-20,2024,2024-11,C004,Cedar & Stone,SMB,Hospitality,Europe,United Kingdom,P107,Support Renewal,Services,Support,SKU-P107-1,8,402.53,0,3220.24,3220.24,USD,Partner,J. Chen,228.19,1394.76,Net Terms,Paid,2024-11-26,2024-11-29,Delivered,WH-EU,0,Annual
SAL-01200,ORD-00601,1,2023-02-26,2023,2023-02,C003,Harbor Health Group,Enterprise,Healthcare,North America,Germany,P104,Insight Pro License,Software,Licenses,SKU-P104-3,31,170.51,0.15,5285.81,4492.94,USD,Online,R. Kim,71.09,2289.09,Wire Transfer,Paid,2023-03-04,2023-03-09,Delivered,WH-West,0,Standard
SAL-01201,ORD-00601,2,2025-06-26,2025,2025-06,C005,Vertex Manufacturing,Enterprise,Manufacturing,Europe,Germany,P102,Edge Gateway,Hardware,Networking,SKU-P102-2,13,389.68,0.1,5065.84,4559.26,USD,Direct,S. Johnson,196.47,2005.1,Net Terms,Refunded,2025-07-09,2025-07-15,Delivered,WH-Central,0,Annual
SAL-01202,ORD-00602,1,2026-06-23,2026,2026-06,C005,Vertex Manufacturing,Enterprise,Manufacturing,Europe,Singapore,P101,Cloud Data Suite,Software,Cloud,SKU-P101-4,20,778.89,0,15577.8,15577.8,USD,Direct,A. Patel,433.59,6906.08,Wire Transfer,Paid,2026-07-03,2026-07-04,Delivered,WH-East,0,Annual
SAL-01203,ORD-00602,2,2023-04-26,2023,2023-04,C008,Evergreen Labs,SMB,Healthcare,Europe,Germany,P106,Integration Services,Services,Consulting,SKU-P106-1,24,1395.54,0.15,33492.96,28469.02,USD,Marketplace,A. Patel,860.85,7808.59,Credit Card,Paid,2023-05-06,2023-05-08,Delivered,WH-EU,0,Standard
SAL-01204,ORD-00603,1,2024-11-05,2024,2024-11,C006,Sunrise Market,SMB,Retail,Asia Pacific,United Kingdom,P109,Forecasting Add-on,Software,Analytics,SKU-P109-4,10,339.42,0.1,3394.2,3054.78,USD,Partner,R. Kim,182.95,1225.31,ACH,Paid,2024-11-18,2024-11-19,Delivered,WH-East,0,Annual
SAL-01205,ORD-00603,2,2024-06-17,2024,2024-06,C010,Golden Fields Co.,Mid-Market,Agriculture,Latin America,Brazil,P105,Storage Array,Hardware,Storage,SKU-P105-2,26,1382.64,0.1,35948.64,32353.78,USD,Marketplace,J. Chen,679.21,14694.23,ACH,Pending,2024-06-22,,Returned,WH-EU,24,Standard
SAL-01206,ORD-00604,1,2023-10-15,2023,2023-10,C001,Northstar Retail,Retail,Consumer Goods,North America,Canada,P106,Integration Services,Services,Consulting,SKU-P106-2,13,1486.91,0.1,19329.83,17396.85,USD,Marketplace,R. Kim,886.9,5867.12,Wire Transfer,Pending,2023-10-21,2023-10-24,Delivered,WH-EU,0,Annual
SAL-01207,ORD-00604,2,2024-11-19,2024,2024-11,C009,Summit Logistics,Enterprise,Transportation,Asia Pacific,Singapore,P107,Support Renewal,Services,Support,SKU-P107-4,25,385.9,0,9647.5,9647.5,USD,Online,J. Chen,188.01,4947.23,Net Terms,Paid,2024-11-20,,Processing,WH-West,0,Annual
SAL-01208,ORD-00605,1,2025-06-25,2025,2025-06,C010,Golden Fields Co.,Mid-Market,Agriculture,Latin America,Brazil,P108,Mobile Scanner,Hardware,Devices,SKU-P108-2,18,189.34,0,3408.12,3408.12,USD,Online,J. Chen,143.15,831.36,Wire Transfer,Paid,2025-06-28,2025-06-30,Delivered,WH-Central,0,Multi-year
SAL-01209,ORD-00605,2,2025-01-17,2025,2025-01,C002,Blue Ridge Systems,Enterprise,Technology,North America,Singapore,P101,Cloud Data Suite,Software,Cloud,SKU-P101-4,30,766.2,0.05,22986.0,21836.7,USD,Partner,J. Chen,397.85,9901.07,Credit Card,Paid,2025-01-22,2025-01-29,Delivered,WH-East,0,Annual
SAL-01210,ORD-00606,1,2023-09-22,2023,2023-09,C006,Sunrise Market,SMB,Retail,Asia Pacific,Germany,P106,Integration Services,Services,Consulting,SKU-P106-2,25,1552.84,0,38821.0,38821.0,USD,Marketplace,J. Chen,811.58,18531.6,Net Terms,Pending,2023-10-04,,Shipped,WH-EU,0,Multi-year
SAL-01211,ORD-00606,2,2024-12-07,2024,2024-12,C004,Cedar & Stone,SMB,Hospitality,Europe,Canada,P109,Forecasting Add-on,Software,Analytics,SKU-P109-4,1,337.82,0,337.82,337.82,USD,Marketplace,R. Kim,214.16,123.66,Credit Card,Paid,2024-12-20,,Shipped,WH-Central,0,Standard
SAL-01212,ORD-00607,1,2026-07-01,2026,2026-07,C003,Harbor Health Group,Enterprise,Healthcare,North America,United States,P100,Analytics Platform,Software,Analytics,SKU-P100-2,30,916.74,0.1,27502.2,24751.98,USD,Online,A. Patel,588.32,7102.48,Wire Transfer,Overdue,2026-07-12,2026-07-14,Delivered,WH-East,0,Standard
SAL-01213,ORD-00607,2,2025-02-02,2025,2025-02,C005,Vertex Manufacturing,Enterprise,Manufacturing,Europe,Canada,P106,Integration Services,Services,Consulting,SKU-P106-4,2,1327.5,0.05,2655.0,2522.25,USD,Marketplace,R. Kim,849.31,823.63,Wire Transfer,Paid,2025-02-17,2025-02-22,Delivered,WH-West,0,Standard
SAL-01214,ORD-00608,1,2025-02-22,2025,2025-02,C002,Blue Ridge Systems,Enterprise,Technology,North America,Brazil,P102,Edge Gateway,Hardware,Networking,SKU-P102-2,32,392.11,0.05,12547.52,11920.14,USD,Marketplace,R. Kim,253.88,3795.84,Wire Transfer,Paid,2025-03-04,2025-03-12,Delivered,WH-EU,0,Multi-year
SAL-01215,ORD-00608,2,2026-05-27,2026,2026-05,C004,Cedar & Stone,SMB,Hospitality,Europe,Singapore,P104,Insight Pro License,Software,Licenses,SKU-P104-4,26,171.32,0.1,4454.32,4008.89,USD,Partner,S. Johnson,100.09,1406.59,Net Terms,Overdue,2026-05-28,2026-05-29,Delivered,WH-EU,0,Standard
SAL-01216,ORD-00609,1,2026-06-02,2026,2026-06,C006,Sunrise Market,SMB,Retail,Asia Pacific,United Kingdom,P102,Edge Gateway,Hardware,Networking,SKU-P102-1,15,434.74,0,6521.1,6521.1,USD,Marketplace,S. Johnson,254.07,2710.02,ACH,Overdue,2026-06-06,2026-06-09,Delivered,WH-East,0,Multi-year
SAL-01217,ORD-00609,2,2026-01-10,2026,2026-01,C005,Vertex Manufacturing,Enterprise,Manufacturing,Europe,United States,P103,Secure Access Kit,Hardware,Security,SKU-P103-3,9,310.4,0.1,2793.6,2514.24,USD,Marketplace,J. Chen,193.02,777.07,Credit Card,Pending,2026-01-15,2026-01-19,Delivered,WH-Central,0,Annual
SAL-01218,ORD-00610,1,2026-07-22,2026,2026-07,C005,Vertex Manufacturing,Enterprise,Manufacturing,Europe,Canada,P107,Support Renewal,Services,Support,SKU-P107-4,22,354.58,0.1,7800.76,7020.68,USD,Online,J. Chen,212.66,2342.26,Credit Card,Paid,2026-07-29,,Shipped,WH-West,0,Multi-year
SAL-01219,ORD-00610,2,2026-03-22,2026,2026-03,C009,Summit Logistics,Enterprise,Transportation,Asia Pacific,United Kingdom,P105,Storage Array,Hardware,Storage,SKU-P105-2,16,1170.87,0.1,18733.92,16860.53,USD,Online,J. Chen,641.15,6602.17,Credit Card,Paid,2026-03-23,2026-03-26,Delivered,WH-East,0,Annual
SAL-01220,ORD-00611,1,2026-06-27,2026,2026-06,C004,Cedar & Stone,SMB,Hospitality,Europe,Germany,P104,Insight Pro License,Software,Licenses,SKU-P104-4,34,174.46,0,5931.64,5931.64,USD,Online,S. Johnson,124.16,1710.31,Wire Transfer,Paid,2026-07-01,2026-07-09,Delivered,WH-Central,0,Standard
SAL-01221,ORD-00611,2,2024-02-14,2024,2024-02,C003,Harbor Health Group,Enterprise,Healthcare,North America,United States,P104,Insight Pro License,Software,Licenses,SKU-P104-2,6,176.35,0.05,1058.1,1005.19,USD,Direct,A. Patel,117.58,299.68,ACH,Paid,2024-03-01,2024-03-03,Delivered,WH-East,0,Standard
SAL-01222,ORD-00612,1,2023-01-24,2023,2023-01,C006,Sunrise Market,SMB,Retail,Asia Pacific,United States,P106,Integration Services,Services,Consulting,SKU-P106-3,13,1368.11,0,17785.43,17785.43,USD,Partner,R. Kim,964.01,5253.3,Wire Transfer,Paid,2023-01-27,2023-02-03,Delivered,WH-EU,0,Multi-year
SAL-01223,ORD-00612,2,2025-10-19,2025,2025-10,C002,Blue Ridge Systems,Enterprise,Technology,North America,Germany,P106,Integration Services,Services,Consulting,SKU-P106-3,1,1341.43,0,1341.43,1341.43,USD,Online,M. Garcia,690.97,650.46,ACH,Paid,2025-10-22,,Shipped,WH-East,0,Multi-year
SAL-01224,ORD-00613,1,2023-12-23,2023,2023-12,C005,Vertex Manufacturing,Enterprise,Manufacturing,Europe,Germany,P103,Secure Access Kit,Hardware,Security,SKU-P103-1,4,257.31,0,1029.24,1029.24,USD,Partner,R. Kim,175.0,329.22,ACH,Paid,2024-01-06,2024-01-10,Delivered,WH-Central,0,Annual
SAL-01225,ORD-00613,2,2025-09-18,2025,2025-09,C008,Evergreen Labs,SMB,Healthcare,Europe,Germany,P108,Mobile Scanner,Hardware,Devices,SKU-P108-2,15,191.44,0.05,2871.6,2728.02,USD,Direct,A. Patel,96.62,1278.73,Net Terms,Paid,2025-09-26,2025-09-27,Delivered,WH-East,0,Annual
SAL-01226,ORD-00614,1,2026-06-24,2026,2026-06,C001,Northstar Retail,Retail,Consumer Goods,North America,Germany,P103,Secure Access Kit,Hardware,Security,SKU-P103-1,26,264.97,0.15,6889.22,5855.84,USD,Marketplace,A. Patel,170.91,1412.1,Net Terms,Pending,2026-07-01,2026-07-05,Delivered,WH-West,0,Standard
SAL-01227,ORD-00614,2,2026-04-21,2026,2026-04,C009,Summit Logistics,Enterprise,Transportation,Asia Pacific,Germany,P104,Insight Pro License,Software,Licenses,SKU-P104-4,15,178.91,0.1,2683.65,2415.29,USD,Direct,J. Chen,102.13,883.3,Credit Card,Paid,2026-04-28,2026-05-05,Delivered,WH-EU,0,Standard
SAL-01228,ORD-00615,1,2026-02-14,2026,2026-02,C004,Cedar & Stone,SMB,Hospitality,Europe,Canada,P104,Insight Pro License,Software,Licenses,SKU-P104-2,35,186.38,0.1,6523.3,5870.97,USD,Partner,M. Garcia,102.88,2270.04,Wire Transfer,Paid,2026-02-21,2026-02-27,Delivered,WH-West,0,Standard
SAL-01229,ORD-00615,2,2025-06-22,2025,2025-06,C009,Summit Logistics,Enterprise,Transportation,Asia Pacific,Singapore,P109,Forecasting Add-on,Software,Analytics,SKU-P109-2,35,297.95,0.1,10428.25,9385.43,USD,Online,M. Garcia,141.06,4448.49,Net Terms,Paid,2025-06-29,2025-07-01,Delivered,WH-Central,0,Annual
SAL-01230,ORD-00616,1,2026-07-28,2026,2026-07,C007,Atlas Public Services,Public Sector,Government,North America,Brazil,P109,Forecasting Add-on,Software,Analytics,SKU-P109-3,16,355.49,0.1,5687.84,5119.06,USD,Direct,M. Garcia,209.53,1766.51,Wire Transfer,Pending,2026-08-02,2026-08-10,Delivered,WH-Central,0,Multi-year
SAL-01231,ORD-00616,2,2025-06-04,2025,2025-06,C003,Harbor Health Group,Enterprise,Healthcare,North America,United States,P102,Edge Gateway,Hardware,Networking,SKU-P102-4,6,407.97,0,2447.82,2447.82,USD,Direct,J. Chen,281.8,757.0,ACH,Paid,2025-06-16,2025-06-22,Delivered,WH-East,0,Multi-year
SAL-01232,ORD-00617,1,2026-05-04,2026,2026-05,C001,Northstar Retail,Retail,Consumer Goods,North America,United Kingdom,P109,Forecasting Add-on,Software,Analytics,SKU-P109-2,3,350.05,0.2,1050.15,840.12,USD,Direct,S. Johnson,135.08,434.89,Wire Transfer,Refunded,2026-05-09,2026-05-14,Delivered,WH-West,0,Multi-year
SAL-01233,ORD-00617,2,2026-08-28,2026,2026-08,C002,Blue Ridge Systems,Enterprise,Technology,North America,Canada,P106,Integration Services,Services,Consulting,SKU-P106-2,22,1430.54,0.1,31471.88,28324.69,USD,Online,R. Kim,835.15,9951.38,Wire Transfer,Paid,2026-09-06,2026-09-10,Delivered,WH-East,0,Standard
SAL-01234,ORD-00618,1,2023-09-05,2023,2023-09,C003,Harbor Health Group,Enterprise,Healthcare,North America,Singapore,P105,Storage Array,Hardware,Storage,SKU-P105-2,22,1172.18,0.15,25787.96,21919.77,USD,Online,R. Kim,734.68,5756.84,Credit Card,Paid,2023-09-21,,Cancelled,WH-Central,0,Annual
SAL-01235,ORD-00618,2,2024-12-24,2024,2024-12,C010,Golden Fields Co.,Mid-Market,Agriculture,Latin America,Germany,P100,Analytics Platform,Software,Analytics,SKU-P100-3,19,1009.16,0.15,19174.04,16297.93,USD,Marketplace,S. Johnson,556.37,5726.82,Credit Card,Pending,2024-12-29,2025-01-04,Delivered,WH-EU,0,Multi-year
SAL-01236,ORD-00619,1,2025-02-25,2025,2025-02,C005,Vertex Manufacturing,Enterprise,Manufacturing,Europe,Germany,P107,Support Renewal,Services,Support,SKU-P107-4,2,367.05,0.15,734.1,623.99,USD,Direct,J. Chen,176.69,270.62,ACH,Paid,2025-03-01,2025-03-02,Delivered,WH-West,0,Multi-year
SAL-01237,ORD-00619,2,2023-03-23,2023,2023-03,C007,Atlas Public Services,Public Sector,Government,North America,United Kingdom,P105,Storage Array,Hardware,Storage,SKU-P105-4,25,1203.34,0.15,30083.5,25570.97,USD,Direct,J. Chen,497.04,13144.91,Net Terms,Pending,2023-04-01,2023-04-05,Delivered,WH-East,0,Multi-year
SAL-01238,ORD-00620,1,2026-09-06,2026,2026-09,C005,Vertex Manufacturing,Enterprise,Manufacturing,Europe,Singapore,P107,Support Renewal,Services,Support,SKU-P107-2,3,360.65,0.1,1081.95,973.76,USD,Partner,A. Patel,201.41,369.53,Net Terms,Paid,2026-09-22,2026-09-28,Delivered,WH-West,0,Multi-year
SAL-01239,ORD-00620,2,2023-10-14,2023,2023-10,C005,Vertex Manufacturing,Enterprise,Manufacturing,Europe,Singapore,P109,Forecasting Add-on,Software,Analytics,SKU-P109-2,3,345.84,0,1037.52,1037.52,USD,Partner,S. Johnson,245.57,300.81,ACH,Paid,2023-10-30,2023-11-06,Delivered,WH-East,0,Standard
SAL-01240,ORD-00621,1,2023-08-31,2023,2023-08,C001,Northstar Retail,Retail,Consumer Goods,North America,United Kingdom,P108,Mobile Scanner,Hardware,Devices,SKU-P108-2,21,216.85,0.15,4553.85,3870.77,USD,Marketplace,R. Kim,138.63,959.44,Credit Card,Paid,2023-09-13,,Returned,WH-East,12,Standard
SAL-01241,ORD-00621,2,2023-03-22,2023,2023-03,C001,Northstar Retail,Retail,Consumer Goods,North America,Singapore,P107,Support Renewal,Services,Support,SKU-P107-1,28,349.77,0,9793.56,9793.56,USD,Direct,R. Kim,220.02,3633.12,Net Terms,Paid,2023-03-24,2023-03-25,Delivered,WH-Central,0,Standard
SAL-01242,ORD-00622,1,2025-10-12,2025,2025-10,C003,Harbor Health Group,Enterprise,Healthcare,North America,Canada,P105,Storage Array,Hardware,Storage,SKU-P105-2,24,1293.44,0.2,31042.56,24834.05,USD,Online,J. Chen,564.86,11277.35,Credit Card,Pending,2025-10-19,2025-10-22,Delivered,WH-West,0,Multi-year
SAL-01243,ORD-00622,2,2024-08-11,2024,2024-08,C004,Cedar & Stone,SMB,Hospitality,Europe,Brazil,P103,Secure Access Kit,Hardware,Security,SKU-P103-1,8,276.75,0.05,2214.0,2103.3,USD,Online,J. Chen,169.43,747.85,Wire Transfer,Overdue,2024-08-22,2024-08-24,Delivered,WH-EU,0,Annual
SAL-01244,ORD-00623,1,2025-11-24,2025,2025-11,C005,Vertex Manufacturing,Enterprise,Manufacturing,Europe,Canada,P108,Mobile Scanner,Hardware,Devices,SKU-P108-2,32,193.59,0.1,6194.88,5575.39,USD,Marketplace,R. Kim,115.22,1888.38,Net Terms,Paid,2025-11-30,,Processing,WH-EU,0,Standard
SAL-01245,ORD-00623,2,2026-05-19,2026,2026-05,C003,Harbor Health Group,Enterprise,Healthcare,North America,Brazil,P106,Integration Services,Services,Consulting,SKU-P106-3,1,1341.53,0,1341.53,1341.53,USD,Direct,R. Kim,673.36,668.17,Wire Transfer,Paid,2026-05-29,2026-06-03,Delivered,WH-West,0,Annual
SAL-01246,ORD-00624,1,2026-05-08,2026,2026-05,C008,Evergreen Labs,SMB,Healthcare,Europe,Singapore,P104,Insight Pro License,Software,Licenses,SKU-P104-2,14,179.64,0,2514.96,2514.96,USD,Direct,A. Patel,92.9,1214.34,ACH,Paid,2026-05-17,,Shipped,WH-East,0,Standard
SAL-01247,ORD-00624,2,2023-11-16,2023,2023-11,C005,Vertex Manufacturing,Enterprise,Manufacturing,Europe,Canada,P103,Secure Access Kit,Hardware,Security,SKU-P103-2,22,282.79,0.15,6221.38,5288.17,USD,Direct,S. Johnson,154.45,1890.3,Wire Transfer,Pending,2023-11-18,2023-11-25,Delivered,WH-Central,0,Annual
SAL-01248,ORD-00625,1,2026-03-07,2026,2026-03,C007,Atlas Public Services,Public Sector,Government,North America,Germany,P103,Secure Access Kit,Hardware,Security,SKU-P103-3,1,264.11,0.15,264.11,224.49,USD,Marketplace,S. Johnson,143.93,80.56,Net Terms,Paid,2026-03-11,2026-03-15,Delivered,WH-East,0,Annual
SAL-01249,ORD-00625,2,2023-05-07,2023,2023-05,C009,Summit Logistics,Enterprise,Transportation,Asia Pacific,Singapore,P103,Secure Access Kit,Hardware,Security,SKU-P103-2,6,311.17,0,1867.02,1867.02,USD,Online,S. Johnson,167.19,863.88,Credit Card,Pending,2023-05-18,2023-05-25,Delivered,WH-West,0,Multi-year
SAL-01250,ORD-00626,1,2023-03-04,2023,2023-03,C010,Golden Fields Co.,Mid-Market,Agriculture,Latin America,Singapore,P109,Forecasting Add-on,Software,Analytics,SKU-P109-2,9,321.81,0,2896.29,2896.29,USD,Marketplace,A. Patel,189.81,1188.0,Net Terms,Paid,2023-03-18,,Processing,WH-East,0,Annual
SAL-01251,ORD-00626,2,2024-07-14,2024,2024-07,C010,Golden Fields Co.,Mid-Market,Agriculture,Latin America,United Kingdom,P107,Support Renewal,Services,Support,SKU-P107-1,22,364.0,0,8008.0,8008.0,USD,Direct,R. Kim,209.04,3409.16,Wire Transfer,Paid,2024-07-24,2024-07-31,Delivered,WH-Central,0,Multi-year
SAL-01252,ORD-00627,1,2023-03-09,2023,2023-03,C008,Evergreen Labs,SMB,Healthcare,Europe,United States,P103,Secure Access Kit,Hardware,Security,SKU-P103-4,19,311.12,0.15,5911.28,5024.59,USD,Marketplace,S. Johnson,157.44,2033.15,Net Terms,Pending,2023-03-22,2023-03-23,Delivered,WH-West,0,Annual
SAL-01253,ORD-00627,2,2023-09-22,2023,2023-09,C006,Sunrise Market,SMB,Retail,Asia Pacific,Germany,P100,Analytics Platform,Software,Analytics,SKU-P100-1,28,871.19,0.1,24393.32,21953.99,USD,Online,R. Kim,393.18,10945.02,ACH,Paid,2023-10-06,2023-10-07,Delivered,WH-Central,0,Multi-year
SAL-01254,ORD-00628,1,2024-05-02,2024,2024-05,C007,Atlas Public Services,Public Sector,Government,North America,Germany,P109,Forecasting Add-on,Software,Analytics,SKU-P109-4,27,330.6,0.1,8926.2,8033.58,USD,Partner,R. Kim,176.91,3257.07,ACH,Pending,2024-05-09,2024-05-16,Delivered,WH-EU,0,Multi-year
SAL-01255,ORD-00628,2,2025-07-06,2025,2025-07,C005,Vertex Manufacturing,Enterprise,Manufacturing,Europe,United States,P100,Analytics Platform,Software,Analytics,SKU-P100-1,24,872.27,0,20934.48,20934.48,USD,Marketplace,A. Patel,660.85,5074.08,Wire Transfer,Paid,2025-07-14,2025-07-17,Delivered,WH-East,0,Standard
SAL-01256,ORD-00629,1,2026-07-15,2026,2026-07,C006,Sunrise Market,SMB,Retail,Asia Pacific,United Kingdom,P108,Mobile Scanner,Hardware,Devices,SKU-P108-2,32,197.84,0,6330.88,6330.88,USD,Direct,R. Kim,130.84,2144.04,Credit Card,Paid,2026-07-29,,Shipped,WH-West,0,Multi-year
SAL-01257,ORD-00629,2,2023-08-16,2023,2023-08,C002,Blue Ridge Systems,Enterprise,Technology,North America,Singapore,P105,Storage Array,Hardware,Storage,SKU-P105-3,31,1120.15,0.05,34724.65,32988.42,USD,Marketplace,J. Chen,761.11,9394.11,Net Terms,Refunded,2023-08-22,2023-08-24,Delivered,WH-East,0,Standard
SAL-01258,ORD-00630,1,2026-07-09,2026,2026-07,C002,Blue Ridge Systems,Enterprise,Technology,North America,Canada,P101,Cloud Data Suite,Software,Cloud,SKU-P101-2,8,743.15,0.1,5945.2,5350.68,USD,Partner,S. Johnson,463.83,1640.05,Net Terms,Paid,2026-07-16,2026-07-20,Delivered,WH-Central,0,Standard
SAL-01259,ORD-00630,2,2023-02-27,2023,2023-02,C002,Blue Ridge Systems,Enterprise,Technology,North America,United Kingdom,P109,Forecasting Add-on,Software,Analytics,SKU-P109-4,23,345.42,0.1,7944.66,7150.19,USD,Marketplace,J. Chen,168.6,3272.4,Credit Card,Refunded,2023-03-14,,Cancelled,WH-West,0,Standard
SAL-01260,ORD-00631,1,2026-05-06,2026,2026-05,C009,Summit Logistics,Enterprise,Transportation,Asia Pacific,Singapore,P109,Forecasting Add-on,Software,Analytics,SKU-P109-2,28,326.64,0.1,9145.92,8231.33,USD,Marketplace,S. Johnson,156.84,3839.85,ACH,Paid,2026-05-14,2026-05-16,Delivered,WH-EU,0,Annual
SAL-01261,ORD-00631,2,2024-08-25,2024,2024-08,C006,Sunrise Market,SMB,Retail,Asia Pacific,Canada,P105,Storage Array,Hardware,Storage,SKU-P105-3,24,1240.39,0.1,29769.36,26792.42,USD,Direct,R. Kim,545.23,13706.98,Wire Transfer,Paid,2024-08-31,,Shipped,WH-West,0,Standard
SAL-01262,ORD-00632,1,2024-07-11,2024,2024-07,C008,Evergreen Labs,SMB,Healthcare,Europe,Germany,P102,Edge Gateway,Hardware,Networking,SKU-P102-2,3,444.87,0,1334.61,1334.61,USD,Partner,M. Garcia,220.78,672.26,Wire Transfer,Paid,2024-07-16,,Returned,WH-Central,3,Standard
SAL-01263,ORD-00632,2,2025-02-20,2025,2025-02,C001,Northstar Retail,Retail,Consumer Goods,North America,Brazil,P107,Support Renewal,Services,Support,SKU-P107-1,13,338.51,0,4400.63,4400.63,USD,Direct,A. Patel,250.54,1143.62,Net Terms,Paid,2025-03-04,2025-03-07,Delivered,WH-EU,0,Standard
SAL-01264,ORD-00633,1,2024-04-15,2024,2024-04,C005,Vertex Manufacturing,Enterprise,Manufacturing,Europe,Canada,P103,Secure Access Kit,Hardware,Security,SKU-P103-2,18,293.73,0.1,5287.14,4758.43,USD,Online,J. Chen,169.67,1704.31,Wire Transfer,Paid,2024-04-23,2024-04-30,Delivered,WH-West,0,Multi-year
SAL-01265,ORD-00633,2,2023-03-06,2023,2023-03,C010,Golden Fields Co.,Mid-Market,Agriculture,Latin America,Singapore,P100,Analytics Platform,Software,Analytics,SKU-P100-2,2,950.27,0.05,1900.54,1805.51,USD,Online,J. Chen,647.76,509.99,Net Terms,Paid,2023-03-08,2023-03-09,Delivered,WH-West,0,Multi-year
SAL-01266,ORD-00634,1,2025-10-19,2025,2025-10,C008,Evergreen Labs,SMB,Healthcare,Europe,United Kingdom,P109,Forecasting Add-on,Software,Analytics,SKU-P109-2,14,336.28,0.1,4707.92,4237.13,USD,Partner,R. Kim,152.09,2107.8,Wire Transfer,Paid,2025-10-21,,Returned,WH-EU,1,Annual
SAL-01267,ORD-00634,2,2025-05-29,2025,2025-05,C007,Atlas Public Services,Public Sector,Government,North America,Germany,P106,Integration Services,Services,Consulting,SKU-P106-1,19,1474.14,0.15,28008.66,23807.36,USD,Partner,S. Johnson,780.98,8968.82,Wire Transfer,Overdue,2025-06-03,2025-06-11,Delivered,WH-Central,0,Standard
SAL-01268,ORD-00635,1,2023-05-28,2023,2023-05,C009,Summit Logistics,Enterprise,Transportation,Asia Pacific,United Kingdom,P104,Insight Pro License,Software,Licenses,SKU-P104-3,26,186.17,0,4840.42,4840.42,USD,Partner,S. Johnson,137.59,1263.04,Net Terms,Pending,2023-06-09,,Shipped,WH-East,0,Annual
SAL-01269,ORD-00635,2,2023-08-17,2023,2023-08,C009,Summit Logistics,Enterprise,Transportation,Asia Pacific,United Kingdom,P109,Forecasting Add-on,Software,Analytics,SKU-P109-1,18,336.8,0.05,6062.4,5759.28,USD,Online,R. Kim,192.89,2287.21,Credit Card,Pending,2023-08-22,2023-08-23,Delivered,WH-West,0,Standard
SAL-01270,ORD-00636,1,2025-01-02,2025,2025-01,C009,Summit Logistics,Enterprise,Transportation,Asia Pacific,Canada,P108,Mobile Scanner,Hardware,Devices,SKU-P108-2,31,177.78,0.1,5511.18,4960.06,USD,Partner,R. Kim,77.97,2543.0,ACH,Paid,2025-01-13,2025-01-18,Delivered,WH-EU,0,Standard
SAL-01271,ORD-00636,2,2024-11-27,2024,2024-11,C005,Vertex Manufacturing,Enterprise,Manufacturing,Europe,Germany,P100,Analytics Platform,Software,Analytics,SKU-P100-4,23,910.0,0,20930.0,20930.0,USD,Online,S. Johnson,474.03,10027.37,ACH,Refunded,2024-11-29,2024-11-30,Delivered,WH-EU,0,Standard
SAL-01272,ORD-00637,1,2024-03-23,2024,2024-03,C008,Evergreen Labs,SMB,Healthcare,Europe,Singapore,P104,Insight Pro License,Software,Licenses,SKU-P104-3,29,159.87,0,4636.23,4636.23,USD,Marketplace,S. Johnson,94.09,1907.71,Net Terms,Paid,2024-04-07,2024-04-13,Delivered,WH-West,0,Multi-year
SAL-01273,ORD-00637,2,2024-09-23,2024,2024-09,C009,Summit Logistics,Enterprise,Transportation,Asia Pacific,Canada,P107,Support Renewal,Services,Support,SKU-P107-3,21,377.33,0.15,7923.93,6735.34,USD,Partner,M. Garcia,166.38,3241.4,Wire Transfer,Paid,2024-09-25,,Returned,WH-West,5,Annual
SAL-01274,ORD-00638,1,2023-04-22,2023,2023-04,C002,Blue Ridge Systems,Enterprise,Technology,North America,Singapore,P108,Mobile Scanner,Hardware,Devices,SKU-P108-3,35,188.77,0,6606.95,6606.95,USD,Direct,J. Chen,126.35,2184.54,Wire Transfer,Paid,2023-04-28,,Cancelled,WH-East,0,Multi-year
SAL-01275,ORD-00638,2,2023-07-12,2023,2023-07,C010,Golden Fields Co.,Mid-Market,Agriculture,Latin America,Singapore,P103,Secure Access Kit,Hardware,Security,SKU-P103-1,32,294.23,0,9415.36,9415.36,USD,Online,A. Patel,184.21,3520.61,Wire Transfer,Paid,2023-07-17,,Shipped,WH-EU,0,Multi-year
SAL-01276,ORD-00639,1,2025-04-13,2025,2025-04,C002,Blue Ridge Systems,Enterprise,Technology,North America,United States,P104,Insight Pro License,Software,Licenses,SKU-P104-4,5,180.32,0.1,901.6,811.44,USD,Direct,M. Garcia,94.95,336.67,Net Terms,Paid,2025-04-15,2025-04-19,Delivered,WH-EU,0,Standard
SAL-01277,ORD-00639,2,2025-04-09,2025,2025-04,C001,Northstar Retail,Retail,Consumer Goods,North America,Canada,P106,Integration Services,Services,Consulting,SKU-P106-4,30,1393.07,0,41792.1,41792.1,USD,Online,M. Garcia,742.61,19513.91,Credit Card,Overdue,2025-04-10,,Cancelled,WH-Central,0,Annual
SAL-01278,ORD-00640,1,2023-08-12,2023,2023-08,C010,Golden Fields Co.,Mid-Market,Agriculture,Latin America,Singapore,P103,Secure Access Kit,Hardware,Security,SKU-P103-3,33,259.49,0.05,8563.17,8135.01,USD,Marketplace,R. Kim,177.55,2275.91,ACH,Paid,2023-08-24,2023-08-25,Delivered,WH-East,0,Annual
SAL-01279,ORD-00640,2,2024-12-02,2024,2024-12,C002,Blue Ridge Systems,Enterprise,Technology,North America,United States,P106,Integration Services,Services,Consulting,SKU-P106-2,2,1643.55,0,3287.1,3287.1,USD,Partner,A. Patel,1233.92,819.25,Net Terms,Pending,2024-12-12,2024-12-19,Delivered,WH-East,0,Annual
SAL-01280,ORD-00641,1,2025-09-08,2025,2025-09,C005,Vertex Manufacturing,Enterprise,Manufacturing,Europe,United Kingdom,P106,Integration Services,Services,Consulting,SKU-P106-2,5,1596.54,0,7982.7,7982.7,USD,Marketplace,M. Garcia,908.54,3439.98,Net Terms,Overdue,2025-09-15,,Shipped,WH-Central,0,Multi-year
SAL-01281,ORD-00641,2,2023-11-27,2023,2023-11,C002,Blue Ridge Systems,Enterprise,Technology,North America,Canada,P108,Mobile Scanner,Hardware,Devices,SKU-P108-3,25,190.13,0.1,4753.25,4277.93,USD,Marketplace,S. Johnson,126.73,1109.75,Credit Card,Overdue,2023-12-11,2023-12-16,Delivered,WH-West,0,Annual
SAL-01282,ORD-00642,1,2024-04-22,2024,2024-04,C008,Evergreen Labs,SMB,Healthcare,Europe,United Kingdom,P105,Storage Array,Hardware,Storage,SKU-P105-1,20,1274.15,0.1,25483.0,22934.7,USD,Direct,A. Patel,851.1,5912.68,ACH,Paid,2024-05-08,2024-05-14,Delivered,WH-EU,0,Multi-year
SAL-01283,ORD-00642,2,2025-03-13,2025,2025-03,C010,Golden Fields Co.,Mid-Market,Agriculture,Latin America,Germany,P108,Mobile Scanner,Hardware,Devices,SKU-P108-4,3,200.9,0.1,602.7,542.43,USD,Partner,J. Chen,131.53,147.83,ACH,Pending,2025-03-28,2025-04-04,Delivered,WH-EU,0,Multi-year
SAL-01284,ORD-00643,1,2024-12-02,2024,2024-12,C007,Atlas Public Services,Public Sector,Government,North America,United Kingdom,P102,Edge Gateway,Hardware,Networking,SKU-P102-4,20,380.28,0.05,7605.6,7225.32,USD,Partner,S. Johnson,208.78,3049.62,ACH,Paid,2024-12-06,2024-12-12,Delivered,WH-West,0,Annual
SAL-01285,ORD-00643,2,2023-11-25,2023,2023-11,C001,Northstar Retail,Retail,Consumer Goods,North America,Brazil,P102,Edge Gateway,Hardware,Networking,SKU-P102-2,6,395.02,0.1,2370.12,2133.11,USD,Marketplace,R. Kim,184.08,1028.63,Wire Transfer,Pending,2023-12-09,2023-12-13,Delivered,WH-West,0,Multi-year
SAL-01286,ORD-00644,1,2025-09-09,2025,2025-09,C010,Golden Fields Co.,Mid-Market,Agriculture,Latin America,Singapore,P101,Cloud Data Suite,Software,Cloud,SKU-P101-3,17,720.77,0.05,12253.09,11640.44,USD,Partner,S. Johnson,450.16,3987.65,Net Terms,Paid,2025-09-19,2025-09-22,Delivered,WH-East,0,Annual
SAL-01287,ORD-00644,2,2023-10-16,2023,2023-10,C001,Northstar Retail,Retail,Consumer Goods,North America,Singapore,P107,Support Renewal,Services,Support,SKU-P107-4,12,333.26,0.1,3999.12,3599.21,USD,Online,J. Chen,220.91,948.26,ACH,Pending,2023-10-31,,Shipped,WH-West,0,Multi-year
SAL-01288,ORD-00645,1,2026-07-20,2026,2026-07,C009,Summit Logistics,Enterprise,Transportation,Asia Pacific,Singapore,P108,Mobile Scanner,Hardware,Devices,SKU-P108-1,4,196.09,0,784.36,784.36,USD,Marketplace,J. Chen,114.88,324.86,Net Terms,Pending,2026-07-25,2026-07-27,Delivered,WH-East,0,Annual
SAL-01289,ORD-00645,2,2026-05-14,2026,2026-05,C007,Atlas Public Services,Public Sector,Government,North America,United States,P105,Storage Array,Hardware,Storage,SKU-P105-4,9,1147.65,0,10328.85,10328.85,USD,Partner,R. Kim,814.12,3001.73,ACH,Paid,2026-05-15,2026-05-17,Delivered,WH-EU,0,Standard
SAL-01290,ORD-00646,1,2025-01-06,2025,2025-01,C004,Cedar & Stone,SMB,Hospitality,Europe,Brazil,P103,Secure Access Kit,Hardware,Security,SKU-P103-4,6,311.36,0.05,1868.16,1774.75,USD,Online,M. Garcia,195.82,599.83,ACH,Paid,2025-01-16,,Returned,WH-East,1,Annual
SAL-01291,ORD-00646,2,2025-03-01,2025,2025-03,C009,Summit Logistics,Enterprise,Transportation,Asia Pacific,Canada,P100,Analytics Platform,Software,Analytics,SKU-P100-4,24,1057.84,0,25388.16,25388.16,USD,Partner,A. Patel,560.62,11933.35,ACH,Paid,2025-03-15,,Cancelled,WH-East,0,Annual
SAL-01292,ORD-00647,1,2024-05-18,2024,2024-05,C010,Golden Fields Co.,Mid-Market,Agriculture,Latin America,United Kingdom,P104,Insight Pro License,Software,Licenses,SKU-P104-2,6,189.28,0.05,1135.68,1078.9,USD,Marketplace,S. Johnson,111.09,412.37,Net Terms,Paid,2024-05-23,2024-05-26,Delivered,WH-Central,0,Standard
SAL-01293,ORD-00647,2,2026-05-17,2026,2026-05,C002,Blue Ridge Systems,Enterprise,Technology,North America,Germany,P102,Edge Gateway,Hardware,Networking,SKU-P102-2,18,422.92,0.05,7612.56,7231.93,USD,Online,R. Kim,279.43,2202.26,Credit Card,Pending,2026-05-22,2026-05-26,Delivered,WH-Central,0,Multi-year
SAL-01294,ORD-00648,1,2026-07-04,2026,2026-07,C005,Vertex Manufacturing,Enterprise,Manufacturing,Europe,Brazil,P104,Insight Pro License,Software,Licenses,SKU-P104-4,22,165.96,0.1,3651.12,3286.01,USD,Direct,J. Chen,101.47,1053.56,Credit Card,Refunded,2026-07-19,,Shipped,WH-EU,0,Standard
SAL-01295,ORD-00648,2,2025-08-13,2025,2025-08,C006,Sunrise Market,SMB,Retail,Asia Pacific,Germany,P102,Edge Gateway,Hardware,Networking,SKU-P102-3,20,399.91,0,7998.2,7998.2,USD,Marketplace,M. Garcia,202.17,3954.86,Net Terms,Paid,2025-08-18,2025-08-20,Delivered,WH-West,0,Multi-year
SAL-01296,ORD-00649,1,2024-03-29,2024,2024-03,C010,Golden Fields Co.,Mid-Market,Agriculture,Latin America,United States,P109,Forecasting Add-on,Software,Analytics,SKU-P109-3,21,340.42,0,7148.82,7148.82,USD,Marketplace,M. Garcia,180.2,3364.64,Net Terms,Paid,2024-04-06,2024-04-08,Delivered,WH-EU,0,Annual
SAL-01297,ORD-00649,2,2026-10-02,2026,2026-10,C007,Atlas Public Services,Public Sector,Government,North America,Singapore,P109,Forecasting Add-on,Software,Analytics,SKU-P109-1,33,327.48,0.1,10806.84,9726.16,USD,Marketplace,A. Patel,211.84,2735.34,Wire Transfer,Paid,2026-10-17,,Shipped,WH-Central,0,Standard
SAL-01298,ORD-00650,1,2025-01-13,2025,2025-01,C002,Blue Ridge Systems,Enterprise,Technology,North America,Germany,P108,Mobile Scanner,Hardware,Devices,SKU-P108-1,32,175.27,0.05,5608.64,5328.21,USD,Online,A. Patel,107.22,1897.2,ACH,Paid,2025-01-22,2025-01-28,Delivered,WH-East,0,Standard
SAL-01299,ORD-00650,2,2024-05-30,2024,2024-05,C006,Sunrise Market,SMB,Retail,Asia Pacific,Brazil,P109,Forecasting Add-on,Software,Analytics,SKU-P109-3,22,322.93,0.05,7104.46,6749.24,USD,Marketplace,J. Chen,161.15,3203.97,Net Terms,Refunded,2024-05-31,2024-06-01,Delivered,WH-EU,0,Multi-year
SAL-01300,ORD-00651,1,2026-03-17,2026,2026-03,C005,Vertex Manufacturing,Enterprise,Manufacturing,Europe,United States,P101,Cloud Data Suite,Software,Cloud,SKU-P101-1,3,769.88,0,2309.64,2309.64,USD,Marketplace,R. Kim,471.28,895.81,Credit Card,Paid,2026-03-30,2026-04-03,Delivered,WH-East,0,Multi-year
SAL-01301,ORD-00651,2,2023-04-20,2023,2023-04,C004,Cedar & Stone,SMB,Hospitality,Europe,Brazil,P101,Cloud Data Suite,Software,Cloud,SKU-P101-3,9,728.45,0,6556.05,6556.05,USD,Partner,S. Johnson,410.23,2863.94,Credit Card,Paid,2023-05-02,2023-05-05,Delivered,WH-East,0,Multi-year
SAL-01302,ORD-00652,1,2026-04-04,2026,2026-04,C004,Cedar & Stone,SMB,Hospitality,Europe,Singapore,P105,Storage Array,Hardware,Storage,SKU-P105-2,13,1176.26,0,15291.38,15291.38,USD,Online,S. Johnson,754.47,5483.22,Wire Transfer,Paid,2026-04-06,2026-04-14,Delivered,WH-West,0,Standard
SAL-01303,ORD-00652,2,2024-08-07,2024,2024-08,C003,Harbor Health Group,Enterprise,Healthcare,North America,Canada,P102,Edge Gateway,Hardware,Networking,SKU-P102-3,23,428.6,0.15,9857.8,8379.13,USD,Online,M. Garcia,182.05,4192.09,Credit Card,Refunded,2024-08-18,2024-08-19,Delivered,WH-West,0,Standard
SAL-01304,ORD-00653,1,2025-06-26,2025,2025-06,C003,Harbor Health Group,Enterprise,Healthcare,North America,United States,P106,Integration Services,Services,Consulting,SKU-P106-1,34,1652.0,0,56168.0,56168.0,USD,Online,M. Garcia,903.14,25461.27,Wire Transfer,Refunded,2025-07-06,2025-07-09,Delivered,WH-East,0,Standard
SAL-01305,ORD-00653,2,2023-09-28,2023,2023-09,C009,Summit Logistics,Enterprise,Transportation,Asia Pacific,Singapore,P101,Cloud Data Suite,Software,Cloud,SKU-P101-4,7,663.71,0.15,4645.97,3949.07,USD,Partner,M. Garcia,359.53,1432.35,Wire Transfer,Pending,2023-10-04,,Shipped,WH-EU,0,Standard
SAL-01306,ORD-00654,1,2024-10-29,2024,2024-10,C009,Summit Logistics,Enterprise,Transportation,Asia Pacific,United Kingdom,P104,Insight Pro License,Software,Licenses,SKU-P104-4,31,196.95,0.05,6105.45,5800.18,USD,Partner,A. Patel,113.45,2283.33,Credit Card,Paid,2024-11-08,2024-11-14,Delivered,WH-Central,0,Standard
SAL-01307,ORD-00654,2,2025-02-14,2025,2025-02,C001,Northstar Retail,Retail,Consumer Goods,North America,Brazil,P103,Secure Access Kit,Hardware,Security,SKU-P103-3,1,265.88,0,265.88,265.88,USD,Online,R. Kim,147.57,118.31,Credit Card,Overdue,2025-02-28,,Processing,WH-Central,0,Annual
SAL-01308,ORD-00655,1,2023-02-06,2023,2023-02,C009,Summit Logistics,Enterprise,Transportation,Asia Pacific,United States,P107,Support Renewal,Services,Support,SKU-P107-1,16,337.13,0.05,5394.08,5124.38,USD,Direct,A. Patel,229.81,1447.47,ACH,Paid,2023-02-22,,Shipped,WH-East,0,Standard
SAL-01309,ORD-00655,2,2024-05-10,2024,2024-05,C001,Northstar Retail,Retail,Consumer Goods,North America,Brazil,P100,Analytics Platform,Software,Analytics,SKU-P100-3,12,1015.09,0.05,12181.08,11572.03,USD,Marketplace,A. Patel,616.44,4174.78,Net Terms,Overdue,2024-05-11,2024-05-14,Delivered,WH-EU,0,Annual
SAL-01310,ORD-00656,1,2024-10-03,2024,2024-10,C008,Evergreen Labs,SMB,Healthcare,Europe,Germany,P106,Integration Services,Services,Consulting,SKU-P106-2,27,1505.74,0.05,40654.98,38622.23,USD,Direct,R. Kim,711.58,19409.7,Net Terms,Paid,2024-10-12,2024-10-16,Delivered,WH-Central,0,Multi-year
SAL-01311,ORD-00656,2,2024-08-29,2024,2024-08,C010,Golden Fields Co.,Mid-Market,Agriculture,Latin America,Canada,P108,Mobile Scanner,Hardware,Devices,SKU-P108-4,28,182.07,0,5097.96,5097.96,USD,Marketplace,S. Johnson,97.15,2377.89,Credit Card,Paid,2024-09-03,2024-09-10,Delivered,WH-West,0,Annual
SAL-01312,ORD-00657,1,2026-05-26,2026,2026-05,C008,Evergreen Labs,SMB,Healthcare,Europe,United States,P108,Mobile Scanner,Hardware,Devices,SKU-P108-3,19,195.7,0.15,3718.3,3160.56,USD,Marketplace,J. Chen,96.99,1317.78,ACH,Paid,2026-06-02,2026-06-09,Delivered,WH-West,0,Standard
SAL-01313,ORD-00657,2,2023-07-20,2023,2023-07,C008,Evergreen Labs,SMB,Healthcare,Europe,Germany,P104,Insight Pro License,Software,Licenses,SKU-P104-2,19,175.91,0.1,3342.29,3008.06,USD,Online,J. Chen,94.62,1210.24,Net Terms,Paid,2023-07-28,2023-07-30,Delivered,WH-Central,0,Annual
SAL-01314,ORD-00658,1,2023-10-22,2023,2023-10,C009,Summit Logistics,Enterprise,Transportation,Asia Pacific,Germany,P101,Cloud Data Suite,Software,Cloud,SKU-P101-3,10,707.84,0.1,7078.4,6370.56,USD,Partner,M. Garcia,371.77,2652.84,ACH,Overdue,2023-10-31,2023-11-01,Delivered,WH-East,0,Annual
SAL-01315,ORD-00658,2,2024-11-15,2024,2024-11,C001,Northstar Retail,Retail,Consumer Goods,North America,United States,P104,Insight Pro License,Software,Licenses,SKU-P104-3,14,163.29,0.15,2286.06,1943.15,USD,Direct,S. Johnson,78.25,847.67,ACH,Paid,2024-12-01,2024-12-05,Delivered,WH-Central,0,Standard
SAL-01316,ORD-00659,1,2024-09-08,2024,2024-09,C008,Evergreen Labs,SMB,Healthcare,Europe,Germany,P106,Integration Services,Services,Consulting,SKU-P106-1,29,1418.73,0.05,41143.17,39086.01,USD,Partner,S. Johnson,988.35,10423.74,Credit Card,Paid,2024-09-15,2024-09-22,Delivered,WH-EU,0,Multi-year
SAL-01317,ORD-00659,2,2026-06-01,2026,2026-06,C010,Golden Fields Co.,Mid-Market,Agriculture,Latin America,Singapore,P105,Storage Array,Hardware,Storage,SKU-P105-2,30,1160.01,0.05,34800.3,33060.29,USD,Partner,J. Chen,562.86,16174.37,Net Terms,Paid,2026-06-11,2026-06-17,Delivered,WH-West,0,Multi-year
SAL-01318,ORD-00660,1,2025-10-10,2025,2025-10,C003,Harbor Health Group,Enterprise,Healthcare,North America,Singapore,P107,Support Renewal,Services,Support,SKU-P107-1,18,358.34,0,6450.12,6450.12,USD,Partner,J. Chen,223.34,2430.01,Credit Card,Paid,2025-10-17,2025-10-18,Delivered,WH-EU,0,Multi-year
SAL-01319,ORD-00660,2,2023-01-01,2023,2023-01,C002,Blue Ridge Systems,Enterprise,Technology,North America,Germany,P108,Mobile Scanner,Hardware,Devices,SKU-P108-4,7,199.77,0.05,1398.39,1328.47,USD,Direct,R. Kim,118.4,499.68,Net Terms,Paid,2023-01-08,2023-01-10,Delivered,WH-West,0,Multi-year
SAL-01320,ORD-00661,1,2025-03-04,2025,2025-03,C003,Harbor Health Group,Enterprise,Healthcare,North America,United States,P109,Forecasting Add-on,Software,Analytics,SKU-P109-3,17,361.94,0.05,6152.98,5845.33,USD,Direct,R. Kim,216.75,2160.61,Credit Card,Pending,2025-03-08,2025-03-10,Delivered,WH-Central,0,Multi-year
SAL-01321,ORD-00661,2,2025-02-13,2025,2025-02,C006,Sunrise Market,SMB,Retail,Asia Pacific,Brazil,P105,Storage Array,Hardware,Storage,SKU-P105-4,13,1333.7,0.1,17338.1,15604.29,USD,Direct,A. Patel,858.02,4450.09,Net Terms,Paid,2025-02-25,2025-03-04,Delivered,WH-West,0,Annual
SAL-01322,ORD-00662,1,2025-11-11,2025,2025-11,C001,Northstar Retail,Retail,Consumer Goods,North America,Canada,P102,Edge Gateway,Hardware,Networking,SKU-P102-1,6,457.83,0,2746.98,2746.98,USD,Online,M. Garcia,327.81,780.1,Credit Card,Paid,2025-11-15,2025-11-18,Delivered,WH-West,0,Annual
SAL-01323,ORD-00662,2,2025-04-14,2025,2025-04,C001,Northstar Retail,Retail,Consumer Goods,North America,United Kingdom,P109,Forecasting Add-on,Software,Analytics,SKU-P109-4,31,363.25,0.15,11260.75,9571.64,USD,Direct,S. Johnson,210.03,3060.75,Net Terms,Paid,2025-04-30,2025-05-02,Delivered,WH-West,0,Multi-year
SAL-01324,ORD-00663,1,2023-01-28,2023,2023-01,C010,Golden Fields Co.,Mid-Market,Agriculture,Latin America,United Kingdom,P103,Secure Access Kit,Hardware,Security,SKU-P103-1,9,254.24,0.05,2288.16,2173.75,USD,Partner,S. Johnson,122.72,1069.25,ACH,Pending,2023-02-03,2023-02-04,Delivered,WH-Central,0,Standard
SAL-01325,ORD-00663,2,2026-09-28,2026,2026-09,C007,Atlas Public Services,Public Sector,Government,North America,Canada,P104,Insight Pro License,Software,Licenses,SKU-P104-2,29,181.88,0,5274.52,5274.52,USD,Direct,R. Kim,101.4,2333.85,ACH,Paid,2026-09-29,2026-09-30,Delivered,WH-West,0,Standard
SAL-01326,ORD-00664,1,2025-07-04,2025,2025-07,C009,Summit Logistics,Enterprise,Transportation,Asia Pacific,Brazil,P103,Secure Access Kit,Hardware,Security,SKU-P103-4,19,311.45,0.1,5917.55,5325.8,USD,Online,R. Kim,150.8,2460.67,ACH,Pending,2025-07-16,2025-07-23,Delivered,WH-EU,0,Multi-year
SAL-01327,ORD-00664,2,2024-04-24,2024,2024-04,C004,Cedar & Stone,SMB,Hospitality,Europe,United Kingdom,P100,Analytics Platform,Software,Analytics,SKU-P100-2,25,890.09,0.1,22252.25,20027.03,USD,Direct,A. Patel,391.14,10248.53,ACH,Paid,2024-04-28,2024-05-05,Delivered,WH-Central,0,Standard
SAL-01328,ORD-00665,1,2023-07-19,2023,2023-07,C010,Golden Fields Co.,Mid-Market,Agriculture,Latin America,United Kingdom,P104,Insight Pro License,Software,Licenses,SKU-P104-1,5,186.07,0.1,930.35,837.32,USD,Marketplace,S. Johnson,94.76,363.51,Wire Transfer,Overdue,2023-07-23,2023-07-25,Delivered,WH-Central,0,Multi-year
SAL-01329,ORD-00665,2,2025-05-11,2025,2025-05,C009,Summit Logistics,Enterprise,Transportation,Asia Pacific,Singapore,P106,Integration Services,Services,Consulting,SKU-P106-4,32,1671.66,0,53493.12,53493.12,USD,Online,J. Chen,1248.1,13553.79,ACH,Paid,2025-05-14,2025-05-19,Delivered,WH-East,0,Multi-year
SAL-01330,ORD-00666,1,2024-04-29,2024,2024-04,C007,Atlas Public Services,Public Sector,Government,North America,Singapore,P106,Integration Services,Services,Consulting,SKU-P106-4,3,1647.95,0,4943.85,4943.85,USD,Online,M. Garcia,1247.28,1202.02,ACH,Paid,2024-05-06,,Cancelled,WH-East,0,Standard
SAL-01331,ORD-00666,2,2025-09-17,2025,2025-09,C002,Blue Ridge Systems,Enterprise,Technology,North America,Germany,P109,Forecasting Add-on,Software,Analytics,SKU-P109-3,34,325.64,0.05,11071.76,10518.17,USD,Marketplace,R. Kim,216.88,3144.4,Net Terms,Paid,2025-09-22,2025-09-26,Delivered,WH-East,0,Standard
SAL-01332,ORD-00667,1,2026-03-13,2026,2026-03,C009,Summit Logistics,Enterprise,Transportation,Asia Pacific,Singapore,P100,Analytics Platform,Software,Analytics,SKU-P100-3,14,997.85,0.1,13969.9,12572.91,USD,Marketplace,R. Kim,585.3,4378.74,Wire Transfer,Overdue,2026-03-20,2026-03-27,Delivered,WH-West,0,Multi-year
SAL-01333,ORD-00667,2,2024-08-05,2024,2024-08,C007,Atlas Public Services,Public Sector,Government,North America,Germany,P105,Storage Array,Hardware,Storage,SKU-P105-1,14,1363.94,0.05,19095.16,18140.4,USD,Direct,R. Kim,970.65,4551.29,Net Terms,Paid,2024-08-16,2024-08-17,Delivered,WH-East,0,Multi-year
SAL-01334,ORD-00668,1,2023-02-10,2023,2023-02,C003,Harbor Health Group,Enterprise,Healthcare,North America,United States,P103,Secure Access Kit,Hardware,Security,SKU-P103-4,30,272.15,0.15,8164.5,6939.82,USD,Direct,S. Johnson,170.93,1811.89,Net Terms,Paid,2023-02-16,2023-02-23,Delivered,WH-Central,0,Multi-year
SAL-01335,ORD-00668,2,2024-06-06,2024,2024-06,C009,Summit Logistics,Enterprise,Transportation,Asia Pacific,United States,P105,Storage Array,Hardware,Storage,SKU-P105-1,16,1182.09,0.15,18913.44,16076.42,USD,Partner,A. Patel,676.64,5250.17,Credit Card,Paid,2024-06-14,2024-06-16,Delivered,WH-West,0,Multi-year
SAL-01336,ORD-00669,1,2023-11-20,2023,2023-11,C001,Northstar Retail,Retail,Consumer Goods,North America,United States,P106,Integration Services,Services,Consulting,SKU-P106-4,14,1504.43,0.05,21062.02,20008.92,USD,Online,S. Johnson,1035.74,5508.56,Credit Card,Paid,2023-11-23,2023-11-24,Delivered,WH-West,0,Annual
SAL-01337,ORD-00669,2,2025-11-27,2025,2025-11,C008,Evergreen Labs,SMB,Healthcare,Europe,United Kingdom,P106,Integration Services,Services,Consulting,SKU-P106-2,35,1497.17,0,52400.95,52400.95,USD,Direct,R. Kim,865.98,22091.74,ACH,Paid,2025-12-03,2025-12-06,Delivered,WH-West,0,Annual
SAL-01338,ORD-00670,1,2023-12-25,2023,2023-12,C006,Sunrise Market,SMB,Retail,Asia Pacific,United Kingdom,P105,Storage Array,Hardware,Storage,SKU-P105-3,15,1139.71,0.1,17095.65,15386.09,USD,Partner,S. Johnson,582.93,6642.16,Net Terms,Paid,2024-01-03,2024-01-08,Delivered,WH-EU,0,Multi-year
SAL-01339,ORD-00670,2,2025-03-24,2025,2025-03,C005,Vertex Manufacturing,Enterprise,Manufacturing,Europe,Canada,P102,Edge Gateway,Hardware,Networking,SKU-P102-1,30,365.3,0.1,10959.0,9863.1,USD,Marketplace,J. Chen,200.61,3844.84,Wire Transfer,Paid,2025-04-05,2025-04-09,Delivered,WH-East,0,Standard
SAL-01340,ORD-00671,1,2025-01-06,2025,2025-01,C001,Northstar Retail,Retail,Consumer Goods,North America,United States,P109,Forecasting Add-on,Software,Analytics,SKU-P109-3,34,345.29,0,11739.86,11739.86,USD,Online,R. Kim,253.95,3105.64,Credit Card,Paid,2025-01-22,2025-01-25,Delivered,WH-EU,0,Standard
SAL-01341,ORD-00671,2,2026-02-21,2026,2026-02,C009,Summit Logistics,Enterprise,Transportation,Asia Pacific,Singapore,P102,Edge Gateway,Hardware,Networking,SKU-P102-4,4,400.78,0.15,1603.12,1362.65,USD,Partner,J. Chen,230.62,440.17,ACH,Paid,2026-03-02,2026-03-08,Delivered,WH-Central,0,Multi-year
SAL-01342,ORD-00672,1,2025-08-17,2025,2025-08,C003,Harbor Health Group,Enterprise,Healthcare,North America,Germany,P103,Secure Access Kit,Hardware,Security,SKU-P103-3,14,275.79,0.15,3861.06,3281.9,USD,Direct,J. Chen,165.09,970.71,Net Terms,Paid,2025-08-27,2025-09-04,Delivered,WH-EU,0,Standard
SAL-01343,ORD-00672,2,2024-11-10,2024,2024-11,C004,Cedar & Stone,SMB,Hospitality,Europe,Brazil,P100,Analytics Platform,Software,Analytics,SKU-P100-4,12,911.12,0.05,10933.44,10386.77,USD,Online,R. Kim,496.54,4428.28,Net Terms,Overdue,2024-11-17,2024-11-24,Delivered,WH-EU,0,Annual
SAL-01344,ORD-00673,1,2025-04-11,2025,2025-04,C008,Evergreen Labs,SMB,Healthcare,Europe,United Kingdom,P109,Forecasting Add-on,Software,Analytics,SKU-P109-1,9,354.08,0.05,3186.72,3027.38,USD,Marketplace,M. Garcia,174.37,1458.09,Wire Transfer,Paid,2025-04-21,2025-04-26,Delivered,WH-East,0,Multi-year
SAL-01345,ORD-00673,2,2025-07-06,2025,2025-07,C005,Vertex Manufacturing,Enterprise,Manufacturing,Europe,Brazil,P103,Secure Access Kit,Hardware,Security,SKU-P103-2,26,284.93,0.1,7408.18,6667.36,USD,Partner,R. Kim,165.72,2358.62,Credit Card,Paid,2025-07-17,2025-07-25,Delivered,WH-Central,0,Standard
SAL-01346,ORD-00674,1,2025-07-25,2025,2025-07,C006,Sunrise Market,SMB,Retail,Asia Pacific,United Kingdom,P106,Integration Services,Services,Consulting,SKU-P106-2,11,1489.96,0,16389.56,16389.56,USD,Online,R. Kim,822.55,7341.47,ACH,Paid,2025-07-31,2025-08-05,Delivered,WH-West,0,Standard
SAL-01347,ORD-00674,2,2024-12-07,2024,2024-12,C006,Sunrise Market,SMB,Retail,Asia Pacific,Brazil,P109,Forecasting Add-on,Software,Analytics,SKU-P109-4,29,362.29,0,10506.41,10506.41,USD,Online,R. Kim,274.53,2544.93,Credit Card,Paid,2024-12-10,,Shipped,WH-EU,0,Multi-year
SAL-01348,ORD-00675,1,2023-09-19,2023,2023-09,C010,Golden Fields Co.,Mid-Market,Agriculture,Latin America,United Kingdom,P103,Secure Access Kit,Hardware,Security,SKU-P103-3,21,280.03,0,5880.63,5880.63,USD,Partner,M. Garcia,164.8,2419.75,Credit Card,Paid,2023-09-29,2023-10-03,Delivered,WH-West,0,Standard
SAL-01349,ORD-00675,2,2023-06-11,2023,2023-06,C004,Cedar & Stone,SMB,Hospitality,Europe,Germany,P106,Integration Services,Services,Consulting,SKU-P106-1,34,1359.78,0,46232.52,46232.52,USD,Marketplace,A. Patel,694.39,22623.23,ACH,Paid,2023-06-18,2023-06-26,Delivered,WH-West,0,Annual
SAL-01350,ORD-00676,1,2024-10-13,2024,2024-10,C006,Sunrise Market,SMB,Retail,Asia Pacific,United States,P103,Secure Access Kit,Hardware,Security,SKU-P103-3,16,292.52,0.2,4680.32,3744.26,USD,Direct,R. Kim,162.09,1150.78,Credit Card,Paid,2024-10-27,,Shipped,WH-EU,0,Annual
SAL-01351,ORD-00676,2,2025-06-26,2025,2025-06,C001,Northstar Retail,Retail,Consumer Goods,North America,Singapore,P103,Secure Access Kit,Hardware,Security,SKU-P103-4,20,263.86,0.2,5277.2,4221.76,USD,Marketplace,M. Garcia,113.85,1944.72,ACH,Refunded,2025-06-27,2025-07-03,Delivered,WH-East,0,Annual
SAL-01352,ORD-00677,1,2023-11-22,2023,2023-11,C004,Cedar & Stone,SMB,Hospitality,Europe,Brazil,P107,Support Renewal,Services,Support,SKU-P107-4,3,374.15,0,1122.45,1122.45,USD,Marketplace,R. Kim,258.69,346.38,Net Terms,Paid,2023-12-04,2023-12-05,Delivered,WH-West,0,Standard
SAL-01353,ORD-00677,2,2026-03-20,2026,2026-03,C006,Sunrise Market,SMB,Retail,Asia Pacific,United Kingdom,P105,Storage Array,Hardware,Storage,SKU-P105-2,15,1118.72,0,16780.8,16780.8,USD,Partner,M. Garcia,705.66,6195.94,Credit Card,Paid,2026-03-29,2026-03-30,Delivered,WH-Central,0,Multi-year
SAL-01354,ORD-00678,1,2026-08-22,2026,2026-08,C003,Harbor Health Group,Enterprise,Healthcare,North America,United States,P108,Mobile Scanner,Hardware,Devices,SKU-P108-1,17,206.57,0,3511.69,3511.69,USD,Marketplace,J. Chen,109.48,1650.46,Credit Card,Paid,2026-08-27,2026-08-28,Delivered,WH-Central,0,Multi-year
SAL-01355,ORD-00678,2,2025-09-27,2025,2025-09,C004,Cedar & Stone,SMB,Hospitality,Europe,Germany,P104,Insight Pro License,Software,Licenses,SKU-P104-1,32,199.67,0,6389.44,6389.44,USD,Online,M. Garcia,118.31,2603.46,Credit Card,Pending,2025-10-13,,Processing,WH-West,0,Standard
SAL-01356,ORD-00679,1,2025-02-26,2025,2025-02,C004,Cedar & Stone,SMB,Hospitality,Europe,Germany,P108,Mobile Scanner,Hardware,Devices,SKU-P108-4,13,186.72,0,2427.36,2427.36,USD,Partner,M. Garcia,94.86,1194.22,Net Terms,Paid,2025-03-01,,Shipped,WH-Central,0,Standard
SAL-01357,ORD-00679,2,2024-02-19,2024,2024-02,C010,Golden Fields Co.,Mid-Market,Agriculture,Latin America,Brazil,P109,Forecasting Add-on,Software,Analytics,SKU-P109-3,15,309.01,0,4635.15,4635.15,USD,Marketplace,J. Chen,216.36,1389.8,Credit Card,Paid,2024-03-04,2024-03-11,Delivered,WH-East,0,Annual
SAL-01358,ORD-00680,1,2023-03-21,2023,2023-03,C001,Northstar Retail,Retail,Consumer Goods,North America,United Kingdom,P106,Integration Services,Services,Consulting,SKU-P106-2,12,1654.18,0,19850.16,19850.16,USD,Partner,A. Patel,1256.63,4770.62,Net Terms,Paid,2023-03-28,2023-04-03,Delivered,WH-East,0,Annual
SAL-01359,ORD-00680,2,2024-10-20,2024,2024-10,C010,Golden Fields Co.,Mid-Market,Agriculture,Latin America,Canada,P104,Insight Pro License,Software,Licenses,SKU-P104-4,17,171.02,0.05,2907.34,2761.97,USD,Marketplace,R. Kim,86.41,1292.93,Credit Card,Paid,2024-11-02,2024-11-09,Delivered,WH-EU,0,Multi-year
SAL-01360,ORD-00681,1,2024-10-22,2024,2024-10,C007,Atlas Public Services,Public Sector,Government,North America,Brazil,P102,Edge Gateway,Hardware,Networking,SKU-P102-2,8,445.05,0.15,3560.4,3026.34,USD,Marketplace,S. Johnson,243.83,1075.73,ACH,Paid,2024-10-29,,Shipped,WH-Central,0,Standard
SAL-01361,ORD-00681,2,2024-11-10,2024,2024-11,C007,Atlas Public Services,Public Sector,Government,North America,United States,P107,Support Renewal,Services,Support,SKU-P107-2,17,362.97,0.2,6170.49,4936.39,USD,Direct,S. Johnson,217.21,1243.78,Net Terms,Paid,2024-11-17,2024-11-25,Delivered,WH-West,0,Standard
SAL-01362,ORD-00682,1,2023-03-04,2023,2023-03,C009,Summit Logistics,Enterprise,Transportation,Asia Pacific,Brazil,P101,Cloud Data Suite,Software,Cloud,SKU-P101-2,34,663.41,0.1,22555.94,20300.35,USD,Online,R. Kim,408.61,6407.59,ACH,Paid,2023-03-16,,Processing,WH-Central,0,Multi-year
SAL-01363,ORD-00682,2,2026-08-14,2026,2026-08,C006,Sunrise Market,SMB,Retail,Asia Pacific,Brazil,P104,Insight Pro License,Software,Licenses,SKU-P104-1,2,166.29,0.05,332.58,315.95,USD,Partner,J. Chen,108.53,98.89,Credit Card,Paid,2026-08-29,2026-09-02,Delivered,WH-EU,0,Multi-year
SAL-01364,ORD-00683,1,2026-08-27,2026,2026-08,C003,Harbor Health Group,Enterprise,Healthcare,North America,Canada,P100,Analytics Platform,Software,Analytics,SKU-P100-1,31,849.41,0.05,26331.71,25015.12,USD,Direct,A. Patel,509.79,9211.54,ACH,Pending,2026-09-01,2026-09-03,Delivered,WH-Central,0,Annual
SAL-01365,ORD-00683,2,2023-11-19,2023,2023-11,C010,Golden Fields Co.,Mid-Market,Agriculture,Latin America,Germany,P101,Cloud Data Suite,Software,Cloud,SKU-P101-4,34,647.1,0.1,22001.4,19801.26,USD,Online,R. Kim,427.26,5274.36,Credit Card,Paid,2023-12-04,2023-12-10,Delivered,WH-EU,0,Multi-year
SAL-01366,ORD-00684,1,2026-07-08,2026,2026-07,C008,Evergreen Labs,SMB,Healthcare,Europe,Brazil,P108,Mobile Scanner,Hardware,Devices,SKU-P108-4,25,186.76,0.15,4669.0,3968.65,USD,Partner,R. Kim,96.0,1568.71,ACH,Overdue,2026-07-24,,Shipped,WH-Central,0,Standard
SAL-01367,ORD-00684,2,2025-05-06,2025,2025-05,C002,Blue Ridge Systems,Enterprise,Technology,North America,Brazil,P109,Forecasting Add-on,Software,Analytics,SKU-P109-1,24,336.01,0,8064.24,8064.24,USD,Marketplace,A. Patel,255.32,1936.52,Wire Transfer,Paid,2025-05-07,2025-05-11,Delivered,WH-West,0,Standard
SAL-01368,ORD-00685,1,2024-12-22,2024,2024-12,C009,Summit Logistics,Enterprise,Transportation,Asia Pacific,Canada,P109,Forecasting Add-on,Software,Analytics,SKU-P109-2,15,308.47,0.1,4627.05,4164.35,USD,Marketplace,A. Patel,158.93,1780.35,Credit Card,Paid,2024-12-30,2025-01-07,Delivered,WH-EU,0,Annual
SAL-01369,ORD-00685,2,2023-11-13,2023,2023-11,C004,Cedar & Stone,SMB,Hospitality,Europe,Canada,P108,Mobile Scanner,Hardware,Devices,SKU-P108-1,26,183.55,0.15,4772.3,4056.45,USD,Marketplace,A. Patel,95.59,1571.11,Credit Card,Paid,2023-11-17,2023-11-18,Delivered,WH-West,0,Annual
SAL-01370,ORD-00686,1,2026-03-03,2026,2026-03,C006,Sunrise Market,SMB,Retail,Asia Pacific,United States,P100,Analytics Platform,Software,Analytics,SKU-P100-2,20,966.14,0.15,19322.8,16424.38,USD,Partner,J. Chen,623.65,3951.41,ACH,Paid,2026-03-15,,Processing,WH-West,0,Standard
SAL-01371,ORD-00686,2,2025-08-15,2025,2025-08,C001,Northstar Retail,Retail,Consumer Goods,North America,Brazil,P103,Secure Access Kit,Hardware,Security,SKU-P103-3,29,264.22,0.1,7662.38,6896.14,USD,Partner,M. Garcia,130.98,3097.77,ACH,Paid,2025-08-17,2025-08-23,Delivered,WH-East,0,Annual
SAL-01372,ORD-00687,1,2026-02-20,2026,2026-02,C005,Vertex Manufacturing,Enterprise,Manufacturing,Europe,Brazil,P107,Support Renewal,Services,Support,SKU-P107-4,23,334.95,0,7703.85,7703.85,USD,Marketplace,A. Patel,235.57,2285.7,Wire Transfer,Paid,2026-03-07,,Processing,WH-East,0,Multi-year
SAL-01373,ORD-00687,2,2025-08-24,2025,2025-08,C007,Atlas Public Services,Public Sector,Government,North America,Canada,P102,Edge Gateway,Hardware,Networking,SKU-P102-3,26,394.89,0,10267.14,10267.14,USD,Partner,J. Chen,196.16,5166.92,Wire Transfer,Paid,2025-09-07,,Returned,WH-Central,22,Annual
SAL-01374,ORD-00688,1,2023-05-16,2023,2023-05,C005,Vertex Manufacturing,Enterprise,Manufacturing,Europe,Singapore,P104,Insight Pro License,Software,Licenses,SKU-P104-3,13,158.58,0.1,2061.54,1855.39,USD,Marketplace,J. Chen,80.06,814.57,Net Terms,Pending,2023-06-01,2023-06-07,Delivered,WH-EU,0,Annual
SAL-01375,ORD-00688,2,2024-03-17,2024,2024-03,C007,Atlas Public Services,Public Sector,Government,North America,Brazil,P107,Support Renewal,Services,Support,SKU-P107-1,31,393.14,0,12187.34,12187.34,USD,Marketplace,S. Johnson,267.4,3897.96,Net Terms,Paid,2024-03-24,2024-03-31,Delivered,WH-West,0,Standard
SAL-01376,ORD-00689,1,2026-07-10,2026,2026-07,C010,Golden Fields Co.,Mid-Market,Agriculture,Latin America,Canada,P102,Edge Gateway,Hardware,Networking,SKU-P102-1,7,449.08,0.15,3143.56,2672.03,USD,Online,S. Johnson,260.11,851.27,Net Terms,Overdue,2026-07-12,,Shipped,WH-EU,0,Standard
SAL-01377,ORD-00689,2,2023-12-03,2023,2023-12,C009,Summit Logistics,Enterprise,Transportation,Asia Pacific,Canada,P108,Mobile Scanner,Hardware,Devices,SKU-P108-4,32,213.94,0,6846.08,6846.08,USD,Partner,M. Garcia,145.77,2181.3,Net Terms,Paid,2023-12-16,2023-12-21,Delivered,WH-Central,0,Standard
SAL-01378,ORD-00690,1,2024-12-24,2024,2024-12,C005,Vertex Manufacturing,Enterprise,Manufacturing,Europe,Brazil,P100,Analytics Platform,Software,Analytics,SKU-P100-4,32,921.32,0.2,29482.24,23585.79,USD,Online,S. Johnson,548.1,6046.61,Credit Card,Paid,2025-01-05,2025-01-13,Delivered,WH-Central,0,Annual
SAL-01379,ORD-00690,2,2023-05-01,2023,2023-05,C010,Golden Fields Co.,Mid-Market,Agriculture,Latin America,United Kingdom,P100,Analytics Platform,Software,Analytics,SKU-P100-3,29,1052.65,0,30526.85,30526.85,USD,Marketplace,J. Chen,632.06,12197.23,Net Terms,Paid,2023-05-17,2023-05-25,Delivered,WH-East,0,Annual
SAL-01380,ORD-00691,1,2024-09-21,2024,2024-09,C001,Northstar Retail,Retail,Consumer Goods,North America,Singapore,P103,Secure Access Kit,Hardware,Security,SKU-P103-1,25,254.69,0.1,6367.25,5730.53,USD,Online,A. Patel,113.86,2884.11,Net Terms,Paid,2024-10-02,,Cancelled,WH-EU,0,Multi-year
SAL-01381,ORD-00691,2,2025-04-10,2025,2025-04,C005,Vertex Manufacturing,Enterprise,Manufacturing,Europe,Germany,P104,Insight Pro License,Software,Licenses,SKU-P104-4,24,159.85,0,3836.4,3836.4,USD,Partner,M. Garcia,107.52,1256.0,ACH,Paid,2025-04-22,2025-04-25,Delivered,WH-Central,0,Standard
SAL-01382,ORD-00692,1,2026-07-20,2026,2026-07,C001,Northstar Retail,Retail,Consumer Goods,North America,Canada,P100,Analytics Platform,Software,Analytics,SKU-P100-3,1,1052.16,0,1052.16,1052.16,USD,Direct,R. Kim,794.65,257.51,Net Terms,Pending,2026-07-22,,Shipped,WH-West,0,Annual
SAL-01383,ORD-00692,2,2023-01-22,2023,2023-01,C007,Atlas Public Services,Public Sector,Government,North America,United States,P100,Analytics Platform,Software,Analytics,SKU-P100-1,6,933.45,0.05,5600.7,5320.66,USD,Online,J. Chen,514.3,2234.84,ACH,Pending,2023-02-05,2023-02-07,Delivered,WH-Central,0,Standard
SAL-01384,ORD-00693,1,2025-01-04,2025,2025-01,C007,Atlas Public Services,Public Sector,Government,North America,Canada,P107,Support Renewal,Services,Support,SKU-P107-4,25,379.78,0.05,9494.5,9019.77,USD,Direct,M. Garcia,222.07,3468.11,Net Terms,Paid,2025-01-12,2025-01-15,Delivered,WH-Central,0,Multi-year
SAL-01385,ORD-00693,2,2023-12-20,2023,2023-12,C005,Vertex Manufacturing,Enterprise,Manufacturing,Europe,Canada,P109,Forecasting Add-on,Software,Analytics,SKU-P109-1,10,294.72,0,2947.2,2947.2,USD,Marketplace,J. Chen,217.95,767.69,Credit Card,Overdue,2023-12-28,,Processing,WH-Central,0,Standard
SAL-01386,ORD-00694,1,2026-05-01,2026,2026-05,C004,Cedar & Stone,SMB,Hospitality,Europe,Singapore,P108,Mobile Scanner,Hardware,Devices,SKU-P108-2,32,181.87,0,5819.84,5819.84,USD,Direct,S. Johnson,98.74,2660.1,Wire Transfer,Pending,2026-05-05,2026-05-10,Delivered,WH-Central,0,Annual
SAL-01387,ORD-00694,2,2026-02-10,2026,2026-02,C007,Atlas Public Services,Public Sector,Government,North America,Canada,P108,Mobile Scanner,Hardware,Devices,SKU-P108-3,21,176.22,0.1,3700.62,3330.56,USD,Online,R. Kim,112.26,973.06,ACH,Paid,2026-02-16,2026-02-20,Delivered,WH-EU,0,Multi-year
SAL-01388,ORD-00695,1,2025-05-07,2025,2025-05,C002,Blue Ridge Systems,Enterprise,Technology,North America,Brazil,P106,Integration Services,Services,Consulting,SKU-P106-1,26,1499.03,0.05,38974.78,37026.04,USD,Online,S. Johnson,951.19,12294.97,ACH,Paid,2025-05-13,2025-05-14,Delivered,WH-East,0,Annual
SAL-01389,ORD-00695,2,2026-05-08,2026,2026-05,C004,Cedar & Stone,SMB,Hospitality,Europe,Brazil,P101,Cloud Data Suite,Software,Cloud,SKU-P101-2,10,690.59,0.1,6905.9,6215.31,USD,Marketplace,R. Kim,325.88,2956.49,Net Terms,Pending,2026-05-23,,Processing,WH-East,0,Standard
SAL-01390,ORD-00696,1,2026-05-18,2026,2026-05,C004,Cedar & Stone,SMB,Hospitality,Europe,Singapore,P105,Storage Array,Hardware,Storage,SKU-P105-3,23,1115.85,0.15,25664.55,21814.87,USD,Online,J. Chen,583.99,8383.12,Credit Card,Pending,2026-05-30,,Processing,WH-West,0,Multi-year
SAL-01391,ORD-00696,2,2023-04-22,2023,2023-04,C004,Cedar & Stone,SMB,Hospitality,Europe,Brazil,P109,Forecasting Add-on,Software,Analytics,SKU-P109-3,32,320.69,0.15,10262.08,8722.77,USD,Marketplace,S. Johnson,152.59,3839.86,Credit Card,Paid,2023-04-28,2023-05-06,Delivered,WH-Central,0,Annual
SAL-01392,ORD-00697,1,2024-12-01,2024,2024-12,C002,Blue Ridge Systems,Enterprise,Technology,North America,United Kingdom,P105,Storage Array,Hardware,Storage,SKU-P105-3,26,1138.25,0.15,29594.5,25155.33,USD,Partner,R. Kim,632.45,8711.53,ACH,Paid,2024-12-05,2024-12-06,Delivered,WH-East,0,Multi-year
SAL-01393,ORD-00697,2,2025-04-09,2025,2025-04,C004,Cedar & Stone,SMB,Hospitality,Europe,Singapore,P106,Integration Services,Services,Consulting,SKU-P106-4,30,1613.14,0,48394.2,48394.2,USD,Direct,M. Garcia,813.9,23977.26,Wire Transfer,Paid,2025-04-15,2025-04-19,Delivered,WH-Central,0,Standard
SAL-01394,ORD-00698,1,2023-08-27,2023,2023-08,C005,Vertex Manufacturing,Enterprise,Manufacturing,Europe,United States,P109,Forecasting Add-on,Software,Analytics,SKU-P109-1,3,354.81,0,1064.43,1064.43,USD,Marketplace,J. Chen,263.42,274.16,Net Terms,Paid,2023-09-04,2023-09-05,Delivered,WH-West,0,Annual
SAL-01395,ORD-00698,2,2025-04-28,2025,2025-04,C003,Harbor Health Group,Enterprise,Healthcare,North America,Brazil,P106,Integration Services,Services,Consulting,SKU-P106-4,12,1390.37,0.05,16684.44,15850.22,USD,Direct,M. Garcia,659.39,7937.56,Net Terms,Paid,2025-04-30,2025-05-02,Delivered,WH-West,0,Annual
SAL-01396,ORD-00699,1,2026-06-17,2026,2026-06,C009,Summit Logistics,Enterprise,Transportation,Asia Pacific,Germany,P101,Cloud Data Suite,Software,Cloud,SKU-P101-3,34,655.17,0,22275.78,22275.78,USD,Online,R. Kim,350.59,10355.77,Credit Card,Paid,2026-07-01,,Processing,WH-EU,0,Multi-year
SAL-01397,ORD-00699,2,2026-08-08,2026,2026-08,C004,Cedar & Stone,SMB,Hospitality,Europe,Canada,P106,Integration Services,Services,Consulting,SKU-P106-4,6,1464.08,0,8784.48,8784.48,USD,Direct,J. Chen,741.42,4335.94,Net Terms,Paid,2026-08-24,2026-08-26,Delivered,WH-EU,0,Annual
SAL-01398,ORD-00700,1,2023-02-11,2023,2023-02,C003,Harbor Health Group,Enterprise,Healthcare,North America,United Kingdom,P108,Mobile Scanner,Hardware,Devices,SKU-P108-4,19,210.96,0.1,4008.24,3607.42,USD,Partner,M. Garcia,123.45,1261.78,ACH,Pending,2023-02-18,,Shipped,WH-Central,0,Multi-year
SAL-01399,ORD-00700,2,2026-06-20,2026,2026-06,C001,Northstar Retail,Retail,Consumer Goods,North America,United States,P106,Integration Services,Services,Consulting,SKU-P106-4,28,1505.76,0.05,42161.28,40053.22,USD,Direct,R. Kim,778.24,18262.46,Credit Card,Paid,2026-06-30,2026-07-02,Delivered,WH-East,0,Multi-year
SAL-01400,ORD-00701,1,2025-11-29,2025,2025-11,C004,Cedar & Stone,SMB,Hospitality,Europe,Canada,P106,Integration Services,Services,Consulting,SKU-P106-4,31,1592.83,0.1,49377.73,44439.96,USD,Marketplace,S. Johnson,776.49,20368.86,ACH,Paid,2025-12-13,,Shipped,WH-West,0,Annual
SAL-01401,ORD-00701,2,2025-11-20,2025,2025-11,C006,Sunrise Market,SMB,Retail,Asia Pacific,Germany,P101,Cloud Data Suite,Software,Cloud,SKU-P101-3,3,712.39,0.2,2137.17,1709.74,USD,Partner,J. Chen,327.71,726.6,ACH,Paid,2025-11-28,2025-12-06,Delivered,WH-West,0,Multi-year
SAL-01402,ORD-00702,1,2024-11-24,2024,2024-11,C004,Cedar & Stone,SMB,Hospitality,Europe,Singapore,P101,Cloud Data Suite,Software,Cloud,SKU-P101-2,30,737.77,0.1,22133.1,19919.79,USD,Partner,J. Chen,480.47,5505.81,Wire Transfer,Paid,2024-12-05,2024-12-08,Delivered,WH-Central,0,Multi-year
SAL-01403,ORD-00702,2,2025-07-20,2025,2025-07,C009,Summit Logistics,Enterprise,Transportation,Asia Pacific,Singapore,P101,Cloud Data Suite,Software,Cloud,SKU-P101-2,19,774.9,0,14723.1,14723.1,USD,Online,S. Johnson,471.57,5763.3,Wire Transfer,Pending,2025-08-03,2025-08-05,Delivered,WH-East,0,Standard
SAL-01404,ORD-00703,1,2024-08-03,2024,2024-08,C004,Cedar & Stone,SMB,Hospitality,Europe,Canada,P109,Forecasting Add-on,Software,Analytics,SKU-P109-1,12,294.7,0.1,3536.4,3182.76,USD,Marketplace,A. Patel,127.98,1647.06,Net Terms,Paid,2024-08-09,2024-08-17,Delivered,WH-East,0,Multi-year
SAL-01405,ORD-00703,2,2023-05-22,2023,2023-05,C003,Harbor Health Group,Enterprise,Healthcare,North America,United States,P100,Analytics Platform,Software,Analytics,SKU-P100-4,19,879.25,0.1,16705.75,15035.18,USD,Partner,S. Johnson,390.36,7618.42,ACH,Paid,2023-06-05,2023-06-10,Delivered,WH-EU,0,Multi-year
SAL-01406,ORD-00704,1,2026-01-31,2026,2026-01,C009,Summit Logistics,Enterprise,Transportation,Asia Pacific,Canada,P104,Insight Pro License,Software,Licenses,SKU-P104-1,22,186.44,0.1,4101.68,3691.51,USD,Direct,J. Chen,125.23,936.5,Net Terms,Paid,2026-02-13,2026-02-18,Delivered,WH-EU,0,Multi-year
SAL-01407,ORD-00704,2,2023-04-15,2023,2023-04,C005,Vertex Manufacturing,Enterprise,Manufacturing,Europe,Canada,P106,Integration Services,Services,Consulting,SKU-P106-1,3,1521.92,0.15,4565.76,3880.9,USD,Online,S. Johnson,722.44,1713.59,ACH,Refunded,2023-04-29,,Shipped,WH-EU,0,Standard
SAL-01408,ORD-00705,1,2023-06-15,2023,2023-06,C010,Golden Fields Co.,Mid-Market,Agriculture,Latin America,Canada,P108,Mobile Scanner,Hardware,Devices,SKU-P108-2,35,206.45,0.1,7225.75,6503.18,USD,Marketplace,M. Garcia,90.41,3338.72,Wire Transfer,Paid,2023-06-20,2023-06-28,Delivered,WH-EU,0,Annual
SAL-01409,ORD-00705,2,2023-02-11,2023,2023-02,C004,Cedar & Stone,SMB,Hospitality,Europe,United Kingdom,P105,Storage Array,Hardware,Storage,SKU-P105-1,34,1186.47,0.05,40339.98,38322.98,USD,Online,M. Garcia,567.27,19035.93,ACH,Pending,2023-02-17,2023-02-24,Delivered,WH-Central,0,Standard
SAL-01410,ORD-00706,1,2026-10-01,2026,2026-10,C004,Cedar & Stone,SMB,Hospitality,Europe,Singapore,P108,Mobile Scanner,Hardware,Devices,SKU-P108-4,2,172.94,0.15,345.88,294.0,USD,Online,S. Johnson,71.59,150.82,Credit Card,Pending,2026-10-04,2026-10-10,Delivered,WH-East,0,Standard
SAL-01411,ORD-00706,2,2025-02-27,2025,2025-02,C001,Northstar Retail,Retail,Consumer Goods,North America,United States,P102,Edge Gateway,Hardware,Networking,SKU-P102-3,27,425.04,0,11476.08,11476.08,USD,Partner,A. Patel,245.77,4840.38,Wire Transfer,Pending,2025-03-13,2025-03-15,Delivered,WH-East,0,Annual
SAL-01412,ORD-00707,1,2026-06-14,2026,2026-06,C005,Vertex Manufacturing,Enterprise,Manufacturing,Europe,Brazil,P107,Support Renewal,Services,Support,SKU-P107-2,17,380.84,0.1,6474.28,5826.85,USD,Direct,M. Garcia,215.49,2163.48,ACH,Overdue,2026-06-20,,Shipped,WH-West,0,Standard
SAL-01413,ORD-00707,2,2024-10-15,2024,2024-10,C006,Sunrise Market,SMB,Retail,Asia Pacific,Canada,P101,Cloud Data Suite,Software,Cloud,SKU-P101-2,24,694.88,0.1,16677.12,15009.41,USD,Marketplace,M. Garcia,349.48,6621.99,Credit Card,Pending,2024-10-29,,Shipped,WH-East,0,Annual
SAL-01414,ORD-00708,1,2025-06-28,2025,2025-06,C002,Blue Ridge Systems,Enterprise,Technology,North America,United Kingdom,P108,Mobile Scanner,Hardware,Devices,SKU-P108-2,14,175.52,0.1,2457.28,2211.55,USD,Direct,J. Chen,78.89,1107.03,ACH,Paid,2025-07-01,2025-07-08,Delivered,WH-West,0,Annual
SAL-01415,ORD-00708,2,2026-05-10,2026,2026-05,C001,Northstar Retail,Retail,Consumer Goods,North America,United Kingdom,P108,Mobile Scanner,Hardware,Devices,SKU-P108-2,5,180.62,0.1,903.1,812.79,USD,Marketplace,A. Patel,82.75,399.05,Credit Card,Refunded,2026-05-18,2026-05-20,Delivered,WH-West,0,Annual
SAL-01416,ORD-00709,1,2024-06-21,2024,2024-06,C008,Evergreen Labs,SMB,Healthcare,Europe,Germany,P103,Secure Access Kit,Hardware,Security,SKU-P103-2,32,307.29,0,9833.28,9833.28,USD,Marketplace,J. Chen,211.85,3054.16,Wire Transfer,Paid,2024-07-07,2024-07-11,Delivered,WH-West,0,Standard
SAL-01417,ORD-00709,2,2025-06-20,2025,2025-06,C004,Cedar & Stone,SMB,Hospitality,Europe,United States,P100,Analytics Platform,Software,Analytics,SKU-P100-3,25,861.41,0.1,21535.25,19381.73,USD,Marketplace,S. Johnson,426.68,8714.83,Wire Transfer,Paid,2025-06-25,2025-06-28,Delivered,WH-Central,0,Standard
SAL-01418,ORD-00710,1,2024-01-13,2024,2024-01,C002,Blue Ridge Systems,Enterprise,Technology,North America,Canada,P106,Integration Services,Services,Consulting,SKU-P106-1,20,1677.2,0.1,33544.0,30189.6,USD,Partner,A. Patel,834.46,13500.3,Credit Card,Pending,2024-01-21,,Shipped,WH-Central,0,Annual
SAL-01419,ORD-00710,2,2026-09-16,2026,2026-09,C008,Evergreen Labs,SMB,Healthcare,Europe,Germany,P102,Edge Gateway,Hardware,Networking,SKU-P102-3,3,439.86,0.1,1319.58,1187.62,USD,Marketplace,R. Kim,278.88,350.99,ACH,Refunded,2026-09-26,2026-10-04,Delivered,WH-West,0,Standard
SAL-01420,ORD-00711,1,2024-10-14,2024,2024-10,C009,Summit Logistics,Enterprise,Transportation,Asia Pacific,Germany,P101,Cloud Data Suite,Software,Cloud,SKU-P101-4,33,648.48,0,21399.84,21399.84,USD,Online,J. Chen,466.46,6006.79,Net Terms,Paid,2024-10-19,2024-10-25,Delivered,WH-Central,0,Annual
SAL-01421,ORD-00711,2,2023-03-01,2023,2023-03,C002,Blue Ridge Systems,Enterprise,Technology,North America,United Kingdom,P107,Support Renewal,Services,Support,SKU-P107-3,15,335.52,0,5032.8,5032.8,USD,Online,R. Kim,217.26,1773.92,ACH,Pending,2023-03-12,2023-03-13,Delivered,WH-EU,0,Annual
SAL-01422,ORD-00712,1,2023-11-16,2023,2023-11,C006,Sunrise Market,SMB,Retail,Asia Pacific,United States,P109,Forecasting Add-on,Software,Analytics,SKU-P109-4,3,364.7,0.05,1094.1,1039.39,USD,Direct,M. Garcia,240.42,318.14,Credit Card,Paid,2023-11-22,2023-11-24,Delivered,WH-East,0,Standard
SAL-01423,ORD-00712,2,2023-07-27,2023,2023-07,C006,Sunrise Market,SMB,Retail,Asia Pacific,United States,P103,Secure Access Kit,Hardware,Security,SKU-P103-4,8,288.79,0.05,2310.32,2194.8,USD,Partner,R. Kim,152.28,976.58,Credit Card,Refunded,2023-08-01,2023-08-09,Delivered,WH-EU,0,Multi-year
SAL-01424,ORD-00713,1,2026-06-01,2026,2026-06,C003,Harbor Health Group,Enterprise,Healthcare,North America,United Kingdom,P104,Insight Pro License,Software,Licenses,SKU-P104-2,18,194.87,0.15,3507.66,2981.51,USD,Online,J. Chen,125.07,730.22,ACH,Paid,2026-06-10,2026-06-12,Delivered,WH-East,0,Standard
SAL-01425,ORD-00713,2,2023-05-26,2023,2023-05,C002,Blue Ridge Systems,Enterprise,Technology,North America,United Kingdom,P104,Insight Pro License,Software,Licenses,SKU-P104-1,21,169.13,0.2,3551.73,2841.38,USD,Partner,S. Johnson,97.53,793.31,ACH,Paid,2023-06-10,,Returned,WH-EU,8,Annual
SAL-01426,ORD-00714,1,2025-12-17,2025,2025-12,C007,Atlas Public Services,Public Sector,Government,North America,Germany,P100,Analytics Platform,Software,Analytics,SKU-P100-1,8,1021.28,0.1,8170.24,7353.22,USD,Marketplace,R. Kim,590.48,2629.4,Net Terms,Paid,2025-12-18,,Cancelled,WH-West,0,Standard
SAL-01427,ORD-00714,2,2025-10-24,2025,2025-10,C010,Golden Fields Co.,Mid-Market,Agriculture,Latin America,Singapore,P103,Secure Access Kit,Hardware,Security,SKU-P103-2,22,290.43,0.1,6389.46,5750.51,USD,Direct,R. Kim,184.4,1693.61,ACH,Paid,2025-10-31,2025-11-07,Delivered,WH-EU,0,Standard
SAL-01428,ORD-00715,1,2026-01-13,2026,2026-01,C007,Atlas Public Services,Public Sector,Government,North America,Germany,P103,Secure Access Kit,Hardware,Security,SKU-P103-1,16,316.48,0.05,5063.68,4810.5,USD,Online,S. Johnson,168.15,2120.05,Wire Transfer,Paid,2026-01-16,2026-01-19,Delivered,WH-West,0,Multi-year
SAL-01429,ORD-00715,2,2023-04-03,2023,2023-04,C001,Northstar Retail,Retail,Consumer Goods,North America,United Kingdom,P102,Edge Gateway,Hardware,Networking,SKU-P102-2,18,379.62,0.2,6833.16,5466.53,USD,Online,J. Chen,203.8,1798.1,Net Terms,Paid,2023-04-09,2023-04-15,Delivered,WH-East,0,Standard
SAL-01430,ORD-00716,1,2023-08-01,2023,2023-08,C006,Sunrise Market,SMB,Retail,Asia Pacific,Brazil,P100,Analytics Platform,Software,Analytics,SKU-P100-3,20,1063.15,0.1,21263.0,19136.7,USD,Direct,J. Chen,622.62,6684.31,Credit Card,Paid,2023-08-04,2023-08-05,Delivered,WH-East,0,Annual
SAL-01431,ORD-00716,2,2023-09-01,2023,2023-09,C009,Summit Logistics,Enterprise,Transportation,Asia Pacific,Canada,P101,Cloud Data Suite,Software,Cloud,SKU-P101-3,32,703.86,0.05,22523.52,21397.34,USD,Direct,A. Patel,453.06,6899.33,Wire Transfer,Pending,2023-09-04,2023-09-07,Delivered,WH-Central,0,Multi-year
SAL-01432,ORD-00717,1,2026-09-18,2026,2026-09,C004,Cedar & Stone,SMB,Hospitality,Europe,Canada,P100,Analytics Platform,Software,Analytics,SKU-P100-2,9,1038.79,0.05,9349.11,8881.65,USD,Online,M. Garcia,566.72,3781.15,Net Terms,Paid,2026-09-26,2026-10-02,Delivered,WH-EU,0,Multi-year
SAL-01433,ORD-00717,2,2023-05-25,2023,2023-05,C006,Sunrise Market,SMB,Retail,Asia Pacific,Canada,P101,Cloud Data Suite,Software,Cloud,SKU-P101-2,18,691.45,0.15,12446.1,10579.18,USD,Online,S. Johnson,371.9,3884.94,Wire Transfer,Paid,2023-06-06,,Shipped,WH-Central,0,Standard
SAL-01434,ORD-00718,1,2026-06-11,2026,2026-06,C007,Atlas Public Services,Public Sector,Government,North America,United States,P106,Integration Services,Services,Consulting,SKU-P106-1,29,1438.32,0.15,41711.28,35454.59,USD,Partner,A. Patel,800.93,12227.57,Wire Transfer,Paid,2026-06-26,,Processing,WH-EU,0,Multi-year
SAL-01435,ORD-00718,2,2023-05-13,2023,2023-05,C009,Summit Logistics,Enterprise,Transportation,Asia Pacific,Germany,P107,Support Renewal,Services,Support,SKU-P107-2,32,343.93,0,11005.76,11005.76,USD,Marketplace,J. Chen,199.59,4618.97,Wire Transfer,Paid,2023-05-23,2023-05-28,Delivered,WH-West,0,Multi-year
SAL-01436,ORD-00719,1,2025-06-04,2025,2025-06,C010,Golden Fields Co.,Mid-Market,Agriculture,Latin America,United Kingdom,P105,Storage Array,Hardware,Storage,SKU-P105-2,10,1178.32,0.1,11783.2,10604.88,USD,Marketplace,S. Johnson,597.33,4631.61,Net Terms,Paid,2025-06-15,,Returned,WH-East,9,Annual
SAL-01437,ORD-00719,2,2025-12-11,2025,2025-12,C010,Golden Fields Co.,Mid-Market,Agriculture,Latin America,Brazil,P107,Support Renewal,Services,Support,SKU-P107-1,14,384.53,0,5383.42,5383.42,USD,Marketplace,S. Johnson,191.56,2701.58,ACH,Paid,2025-12-19,2025-12-21,Delivered,WH-EU,0,Multi-year
SAL-01438,ORD-00720,1,2026-03-05,2026,2026-03,C007,Atlas Public Services,Public Sector,Government,North America,United States,P107,Support Renewal,Services,Support,SKU-P107-1,11,327.06,0,3597.66,3597.66,USD,Marketplace,R. Kim,203.61,1357.95,ACH,Paid,2026-03-13,2026-03-21,Delivered,WH-West,0,Multi-year
SAL-01439,ORD-00720,2,2025-06-15,2025,2025-06,C006,Sunrise Market,SMB,Retail,Asia Pacific,Canada,P108,Mobile Scanner,Hardware,Devices,SKU-P108-1,18,212.36,0,3822.48,3822.48,USD,Direct,J. Chen,123.18,1605.25,ACH,Paid,2025-06-23,,Shipped,WH-West,0,Multi-year
SAL-01440,ORD-00721,1,2025-04-30,2025,2025-04,C006,Sunrise Market,SMB,Retail,Asia Pacific,United Kingdom,P105,Storage Array,Hardware,Storage,SKU-P105-3,12,1184.61,0.05,14215.32,13504.55,USD,Online,J. Chen,635.61,5877.29,ACH,Paid,2025-05-07,2025-05-13,Delivered,WH-Central,0,Multi-year
SAL-01441,ORD-00721,2,2023-08-27,2023,2023-08,C004,Cedar & Stone,SMB,Hospitality,Europe,United States,P101,Cloud Data Suite,Software,Cloud,SKU-P101-2,35,728.26,0,25489.1,25489.1,USD,Marketplace,S. Johnson,459.93,9391.44,ACH,Paid,2023-09-07,2023-09-12,Delivered,WH-East,0,Multi-year
SAL-01442,ORD-00722,1,2024-04-15,2024,2024-04,C010,Golden Fields Co.,Mid-Market,Agriculture,Latin America,Canada,P100,Analytics Platform,Software,Analytics,SKU-P100-1,25,936.65,0.1,23416.25,21074.62,USD,Marketplace,J. Chen,581.31,6541.98,Wire Transfer,Paid,2024-04-26,2024-05-02,Delivered,WH-Central,0,Multi-year
SAL-01443,ORD-00722,2,2023-05-11,2023,2023-05,C006,Sunrise Market,SMB,Retail,Asia Pacific,Germany,P109,Forecasting Add-on,Software,Analytics,SKU-P109-4,31,326.56,0.05,10123.36,9617.19,USD,Direct,M. Garcia,170.61,4328.17,ACH,Overdue,2023-05-26,,Returned,WH-Central,11,Annual
SAL-01444,ORD-00723,1,2025-08-13,2025,2025-08,C006,Sunrise Market,SMB,Retail,Asia Pacific,Brazil,P107,Support Renewal,Services,Support,SKU-P107-4,23,377.84,0.2,8690.32,6952.26,USD,Online,J. Chen,175.75,2909.97,Credit Card,Paid,2025-08-16,2025-08-24,Delivered,WH-EU,0,Standard
SAL-01445,ORD-00723,2,2024-03-06,2024,2024-03,C005,Vertex Manufacturing,Enterprise,Manufacturing,Europe,United Kingdom,P107,Support Renewal,Services,Support,SKU-P107-2,18,403.09,0.15,7255.62,6167.28,USD,Partner,A. Patel,178.0,2963.21,Credit Card,Paid,2024-03-11,,Shipped,WH-West,0,Standard
SAL-01446,ORD-00724,1,2026-07-28,2026,2026-07,C002,Blue Ridge Systems,Enterprise,Technology,North America,Brazil,P105,Storage Array,Hardware,Storage,SKU-P105-1,31,1165.11,0.2,36118.41,28894.73,USD,Partner,J. Chen,691.46,7459.48,Net Terms,Paid,2026-08-13,,Shipped,WH-West,0,Standard
SAL-01447,ORD-00724,2,2025-09-15,2025,2025-09,C003,Harbor Health Group,Enterprise,Healthcare,North America,United Kingdom,P100,Analytics Platform,Software,Analytics,SKU-P100-1,1,887.41,0.2,887.41,709.93,USD,Marketplace,A. Patel,483.85,226.08,Net Terms,Pending,2025-09-17,2025-09-23,Delivered,WH-EU,0,Annual
SAL-01448,ORD-00725,1,2026-08-15,2026,2026-08,C004,Cedar & Stone,SMB,Hospitality,Europe,United States,P100,Analytics Platform,Software,Analytics,SKU-P100-1,2,864.57,0,1729.14,1729.14,USD,Online,S. Johnson,543.23,642.68,Credit Card,Paid,2026-08-30,2026-09-04,Delivered,WH-West,0,Multi-year
SAL-01449,ORD-00725,2,2025-08-05,2025,2025-08,C002,Blue Ridge Systems,Enterprise,Technology,North America,United States,P109,Forecasting Add-on,Software,Analytics,SKU-P109-3,22,319.56,0.1,7030.32,6327.29,USD,Online,J. Chen,152.36,2975.3,Wire Transfer,Paid,2025-08-16,2025-08-18,Delivered,WH-West,0,Annual
SAL-01450,ORD-00726,1,2024-01-02,2024,2024-01,C009,Summit Logistics,Enterprise,Transportation,Asia Pacific,Brazil,P107,Support Renewal,Services,Support,SKU-P107-4,30,331.99,0.1,9959.7,8963.73,USD,Direct,S. Johnson,209.06,2691.96,ACH,Paid,2024-01-13,2024-01-17,Delivered,WH-East,0,Standard
SAL-01451,ORD-00726,2,2024-12-09,2024,2024-12,C006,Sunrise Market,SMB,Retail,Asia Pacific,Brazil,P101,Cloud Data Suite,Software,Cloud,SKU-P101-4,19,701.21,0.1,13322.99,11990.69,USD,Partner,A. Patel,386.51,4647.07,Wire Transfer,Paid,2024-12-24,2024-12-30,Delivered,WH-EU,0,Annual
SAL-01452,ORD-00727,1,2025-05-11,2025,2025-05,C008,Evergreen Labs,SMB,Healthcare,Europe,United Kingdom,P108,Mobile Scanner,Hardware,Devices,SKU-P108-2,16,180.22,0.1,2883.52,2595.17,USD,Marketplace,M. Garcia,99.9,996.79,Credit Card,Paid,2025-05-22,,Cancelled,WH-EU,0,Multi-year
SAL-01453,ORD-00727,2,2026-09-01,2026,2026-09,C001,Northstar Retail,Retail,Consumer Goods,North America,Germany,P109,Forecasting Add-on,Software,Analytics,SKU-P109-3,8,363.64,0.1,2909.12,2618.21,USD,Marketplace,A. Patel,228.87,787.24,ACH,Overdue,2026-09-10,2026-09-15,Delivered,WH-West,0,Annual
SAL-01454,ORD-00728,1,2025-09-21,2025,2025-09,C009,Summit Logistics,Enterprise,Transportation,Asia Pacific,United Kingdom,P104,Insight Pro License,Software,Licenses,SKU-P104-4,4,175.82,0.05,703.28,668.12,USD,Direct,J. Chen,102.72,257.22,ACH,Paid,2025-09-29,,Returned,WH-East,1,Annual
SAL-01455,ORD-00728,2,2026-07-01,2026,2026-07,C007,Atlas Public Services,Public Sector,Government,North America,Singapore,P102,Edge Gateway,Hardware,Networking,SKU-P102-4,23,379.59,0.05,8730.57,8294.04,USD,Online,R. Kim,245.84,2639.72,ACH,Paid,2026-07-06,2026-07-14,Delivered,WH-Central,0,Multi-year
SAL-01456,ORD-00729,1,2025-06-04,2025,2025-06,C005,Vertex Manufacturing,Enterprise,Manufacturing,Europe,Brazil,P103,Secure Access Kit,Hardware,Security,SKU-P103-1,13,308.22,0.2,4006.86,3205.49,USD,Direct,J. Chen,173.92,944.5,Net Terms,Paid,2025-06-11,,Processing,WH-West,0,Standard
SAL-01457,ORD-00729,2,2026-07-30,2026,2026-07,C010,Golden Fields Co.,Mid-Market,Agriculture,Latin America,United States,P104,Insight Pro License,Software,Licenses,SKU-P104-2,29,177.07,0.15,5135.03,4364.78,USD,Marketplace,A. Patel,108.74,1211.42,Net Terms,Pending,2026-08-13,2026-08-21,Delivered,WH-West,0,Multi-year
SAL-01458,ORD-00730,1,2024-03-02,2024,2024-03,C006,Sunrise Market,SMB,Retail,Asia Pacific,United States,P107,Support Renewal,Services,Support,SKU-P107-1,21,373.57,0.1,7844.97,7060.47,USD,Partner,A. Patel,185.18,3171.71,ACH,Paid,2024-03-08,2024-03-11,Delivered,WH-East,0,Annual
SAL-01459,ORD-00730,2,2023-02-20,2023,2023-02,C001,Northstar Retail,Retail,Consumer Goods,North America,United States,P106,Integration Services,Services,Consulting,SKU-P106-1,9,1617.26,0,14555.34,14555.34,USD,Marketplace,M. Garcia,922.61,6251.87,ACH,Pending,2023-03-01,2023-03-04,Delivered,WH-EU,0,Annual
SAL-01460,ORD-00731,1,2023-08-29,2023,2023-08,C004,Cedar & Stone,SMB,Hospitality,Europe,Germany,P102,Edge Gateway,Hardware,Networking,SKU-P102-1,16,417.21,0.1,6675.36,6007.82,USD,Online,R. Kim,267.29,1731.18,ACH,Paid,2023-09-05,2023-09-11,Delivered,WH-East,0,Annual
SAL-01461,ORD-00731,2,2024-05-25,2024,2024-05,C009,Summit Logistics,Enterprise,Transportation,Asia Pacific,United Kingdom,P109,Forecasting Add-on,Software,Analytics,SKU-P109-1,10,290.57,0.05,2905.7,2760.41,USD,Online,R. Kim,205.14,708.97,Net Terms,Pending,2024-06-06,2024-06-12,Delivered,WH-EU,0,Multi-year
SAL-01462,ORD-00732,1,2023-03-19,2023,2023-03,C005,Vertex Manufacturing,Enterprise,Manufacturing,Europe,Brazil,P109,Forecasting Add-on,Software,Analytics,SKU-P109-4,11,308.38,0.1,3392.18,3052.96,USD,Marketplace,A. Patel,163.42,1255.36,Net Terms,Paid,2023-03-30,2023-04-07,Delivered,WH-EU,0,Multi-year
SAL-01463,ORD-00732,2,2026-02-28,2026,2026-02,C005,Vertex Manufacturing,Enterprise,Manufacturing,Europe,United States,P108,Mobile Scanner,Hardware,Devices,SKU-P108-4,34,171.73,0.05,5838.82,5546.88,USD,Online,J. Chen,106.75,1917.48,Net Terms,Paid,2026-03-02,2026-03-07,Delivered,WH-Central,0,Annual
SAL-01464,ORD-00733,1,2026-08-14,2026,2026-08,C003,Harbor Health Group,Enterprise,Healthcare,North America,Brazil,P104,Insight Pro License,Software,Licenses,SKU-P104-3,19,177.46,0.15,3371.74,2865.98,USD,Direct,M. Garcia,79.83,1349.24,Credit Card,Refunded,2026-08-26,2026-08-31,Delivered,WH-Central,0,Annual
SAL-01465,ORD-00733,2,2025-12-14,2025,2025-12,C008,Evergreen Labs,SMB,Healthcare,Europe,Canada,P106,Integration Services,Services,Consulting,SKU-P106-3,34,1449.38,0,49278.92,49278.92,USD,Direct,J. Chen,725.45,24613.77,Wire Transfer,Paid,2025-12-15,2025-12-18,Delivered,WH-EU,0,Multi-year
SAL-01466,ORD-00734,1,2026-07-04,2026,2026-07,C008,Evergreen Labs,SMB,Healthcare,Europe,United Kingdom,P108,Mobile Scanner,Hardware,Devices,SKU-P108-4,4,191.6,0.05,766.4,728.08,USD,Partner,S. Johnson,121.99,240.12,Credit Card,Paid,2026-07-14,2026-07-19,Delivered,WH-East,0,Multi-year
SAL-01467,ORD-00734,2,2026-09-29,2026,2026-09,C005,Vertex Manufacturing,Enterprise,Manufacturing,Europe,United States,P102,Edge Gateway,Hardware,Networking,SKU-P102-4,16,411.07,0.2,6577.12,5261.7,USD,Direct,M. Garcia,217.91,1775.17,Credit Card,Refunded,2026-10-07,,Returned,WH-Central,16,Multi-year
SAL-01468,ORD-00735,1,2024-10-09,2024,2024-10,C010,Golden Fields Co.,Mid-Market,Agriculture,Latin America,Brazil,P108,Mobile Scanner,Hardware,Devices,SKU-P108-2,1,210.29,0.2,210.29,168.23,USD,Direct,R. Kim,84.98,83.25,ACH,Refunded,2024-10-25,2024-11-02,Delivered,WH-EU,0,Annual
SAL-01469,ORD-00735,2,2026-08-12,2026,2026-08,C005,Vertex Manufacturing,Enterprise,Manufacturing,Europe,Germany,P103,Secure Access Kit,Hardware,Security,SKU-P103-3,18,305.87,0,5505.66,5505.66,USD,Marketplace,A. Patel,208.12,1759.55,Net Terms,Paid,2026-08-22,2026-08-23,Delivered,WH-West,0,Standard
SAL-01470,ORD-00736,1,2025-07-02,2025,2025-07,C003,Harbor Health Group,Enterprise,Healthcare,North America,United States,P104,Insight Pro License,Software,Licenses,SKU-P104-4,6,200.55,0.15,1203.3,1022.8,USD,Online,S. Johnson,107.2,379.58,Net Terms,Paid,2025-07-07,,Returned,WH-West,2,Multi-year
SAL-01471,ORD-00736,2,2023-03-15,2023,2023-03,C005,Vertex Manufacturing,Enterprise,Manufacturing,Europe,Brazil,P104,Insight Pro License,Software,Licenses,SKU-P104-1,35,176.29,0.15,6170.15,5244.63,USD,Marketplace,S. Johnson,104.45,1588.79,Wire Transfer,Paid,2023-03-21,2023-03-24,Delivered,WH-East,0,Multi-year
SAL-01472,ORD-00737,1,2023-03-01,2023,2023-03,C006,Sunrise Market,SMB,Retail,Asia Pacific,Canada,P101,Cloud Data Suite,Software,Cloud,SKU-P101-3,20,724.28,0.1,14485.6,13037.04,USD,Marketplace,R. Kim,325.17,6533.58,Net Terms,Pending,2023-03-05,2023-03-09,Delivered,WH-EU,0,Standard
SAL-01473,ORD-00737,2,2024-03-15,2024,2024-03,C010,Golden Fields Co.,Mid-Market,Agriculture,Latin America,Singapore,P109,Forecasting Add-on,Software,Analytics,SKU-P109-3,35,333.76,0.1,11681.6,10513.44,USD,Direct,A. Patel,202.79,3415.65,ACH,Overdue,2024-03-27,,Cancelled,WH-West,0,Standard
SAL-01474,ORD-00738,1,2024-08-02,2024,2024-08,C007,Atlas Public Services,Public Sector,Government,North America,United Kingdom,P103,Secure Access Kit,Hardware,Security,SKU-P103-1,19,255.66,0.05,4857.54,4614.66,USD,Direct,A. Patel,138.77,1978.11,ACH,Paid,2024-08-05,2024-08-09,Delivered,WH-East,0,Standard
SAL-01475,ORD-00738,2,2025-07-28,2025,2025-07,C003,Harbor Health Group,Enterprise,Healthcare,North America,United Kingdom,P109,Forecasting Add-on,Software,Analytics,SKU-P109-1,1,330.93,0.05,330.93,314.38,USD,Online,M. Garcia,186.34,128.04,Credit Card,Paid,2025-08-03,,Cancelled,WH-West,0,Annual
SAL-01476,ORD-00739,1,2024-10-12,2024,2024-10,C004,Cedar & Stone,SMB,Hospitality,Europe,Singapore,P109,Forecasting Add-on,Software,Analytics,SKU-P109-3,13,361.05,0.15,4693.65,3989.6,USD,Partner,S. Johnson,220.61,1121.68,Wire Transfer,Paid,2024-10-14,2024-10-18,Delivered,WH-Central,0,Annual
SAL-01477,ORD-00739,2,2025-12-13,2025,2025-12,C007,Atlas Public Services,Public Sector,Government,North America,Canada,P103,Secure Access Kit,Hardware,Security,SKU-P103-4,9,298.28,0,2684.52,2684.52,USD,Direct,A. Patel,206.18,828.93,ACH,Overdue,2025-12-26,,Processing,WH-East,0,Annual
SAL-01478,ORD-00740,1,2024-12-14,2024,2024-12,C003,Harbor Health Group,Enterprise,Healthcare,North America,United Kingdom,P108,Mobile Scanner,Hardware,Devices,SKU-P108-2,13,185.64,0,2413.32,2413.32,USD,Partner,A. Patel,138.03,618.95,Wire Transfer,Paid,2024-12-15,,Processing,WH-EU,0,Multi-year
SAL-01479,ORD-00740,2,2024-04-29,2024,2024-04,C001,Northstar Retail,Retail,Consumer Goods,North America,Canada,P108,Mobile Scanner,Hardware,Devices,SKU-P108-1,10,198.23,0.1,1982.3,1784.07,USD,Online,M. Garcia,97.95,804.57,ACH,Overdue,2024-05-11,2024-05-18,Delivered,WH-East,0,Annual
SAL-01480,ORD-00741,1,2026-03-27,2026,2026-03,C007,Atlas Public Services,Public Sector,Government,North America,Canada,P109,Forecasting Add-on,Software,Analytics,SKU-P109-3,25,368.61,0.05,9215.25,8754.49,USD,Partner,R. Kim,200.03,3753.7,Wire Transfer,Paid,2026-04-11,,Returned,WH-East,15,Standard
SAL-01481,ORD-00741,2,2023-01-07,2023,2023-01,C006,Sunrise Market,SMB,Retail,Asia Pacific,Germany,P108,Mobile Scanner,Hardware,Devices,SKU-P108-1,26,205.65,0,5346.9,5346.9,USD,Direct,R. Kim,143.38,1618.92,Wire Transfer,Paid,2023-01-15,,Shipped,WH-EU,0,Multi-year
SAL-01482,ORD-00742,1,2026-08-19,2026,2026-08,C002,Blue Ridge Systems,Enterprise,Technology,North America,United States,P101,Cloud Data Suite,Software,Cloud,SKU-P101-4,21,697.99,0,14657.79,14657.79,USD,Online,S. Johnson,515.57,3830.83,ACH,Paid,2026-09-03,,Processing,WH-East,0,Annual
SAL-01483,ORD-00742,2,2026-08-06,2026,2026-08,C008,Evergreen Labs,SMB,Healthcare,Europe,Canada,P107,Support Renewal,Services,Support,SKU-P107-3,9,395.51,0.2,3559.59,2847.67,USD,Partner,J. Chen,188.94,1147.2,Credit Card,Paid,2026-08-17,2026-08-21,Delivered,WH-Central,0,Multi-year
SAL-01484,ORD-00743,1,2023-09-08,2023,2023-09,C006,Sunrise Market,SMB,Retail,Asia Pacific,United Kingdom,P101,Cloud Data Suite,Software,Cloud,SKU-P101-4,7,739.86,0.05,5179.02,4920.07,USD,Online,J. Chen,471.85,1617.14,Wire Transfer,Pending,2023-09-15,,Returned,WH-East,7,Annual
SAL-01485,ORD-00743,2,2025-02-06,2025,2025-02,C004,Cedar & Stone,SMB,Hospitality,Europe,United States,P104,Insight Pro License,Software,Licenses,SKU-P104-3,20,183.13,0.05,3662.6,3479.47,USD,Direct,R. Kim,116.32,1153.15,Credit Card,Paid,2025-02-20,2025-02-27,Delivered,WH-EU,0,Annual
SAL-01486,ORD-00744,1,2025-03-13,2025,2025-03,C010,Golden Fields Co.,Mid-Market,Agriculture,Latin America,Canada,P101,Cloud Data Suite,Software,Cloud,SKU-P101-1,12,762.45,0.05,9149.4,8691.93,USD,Partner,A. Patel,379.67,4135.85,Wire Transfer,Paid,2025-03-18,2025-03-24,Delivered,WH-Central,0,Standard
SAL-01487,ORD-00744,2,2026-03-24,2026,2026-03,C007,Atlas Public Services,Public Sector,Government,North America,Canada,P108,Mobile Scanner,Hardware,Devices,SKU-P108-2,20,213.93,0,4278.6,4278.6,USD,Marketplace,J. Chen,122.22,1834.16,Net Terms,Pending,2026-03-31,2026-04-07,Delivered,WH-West,0,Multi-year
SAL-01488,ORD-00745,1,2026-08-15,2026,2026-08,C009,Summit Logistics,Enterprise,Transportation,Asia Pacific,Brazil,P100,Analytics Platform,Software,Analytics,SKU-P100-2,35,960.76,0.05,33626.6,31945.27,USD,Online,S. Johnson,512.49,14008.08,Wire Transfer,Paid,2026-08-16,2026-08-18,Delivered,WH-Central,0,Multi-year
SAL-01489,ORD-00745,2,2026-07-20,2026,2026-07,C001,Northstar Retail,Retail,Consumer Goods,North America,United States,P109,Forecasting Add-on,Software,Analytics,SKU-P109-4,10,308.29,0,3082.9,3082.9,USD,Partner,A. Patel,170.54,1377.49,Credit Card,Paid,2026-07-29,2026-08-02,Delivered,WH-EU,0,Standard
SAL-01490,ORD-00746,1,2025-03-17,2025,2025-03,C005,Vertex Manufacturing,Enterprise,Manufacturing,Europe,Canada,P108,Mobile Scanner,Hardware,Devices,SKU-P108-3,20,179.01,0.1,3580.2,3222.18,USD,Online,R. Kim,103.07,1160.72,ACH,Refunded,2025-03-19,2025-03-23,Delivered,WH-EU,0,Multi-year
SAL-01491,ORD-00746,2,2023-06-10,2023,2023-06,C006,Sunrise Market,SMB,Retail,Asia Pacific,Brazil,P101,Cloud Data Suite,Software,Cloud,SKU-P101-3,8,757.55,0.15,6060.4,5151.34,USD,Online,M. Garcia,404.19,1917.86,Credit Card,Paid,2023-06-14,2023-06-22,Delivered,WH-West,0,Annual
SAL-01492,ORD-00747,1,2023-02-24,2023,2023-02,C007,Atlas Public Services,Public Sector,Government,North America,United States,P103,Secure Access Kit,Hardware,Security,SKU-P103-3,3,305.08,0.05,915.24,869.48,USD,Online,J. Chen,151.29,415.61,Wire Transfer,Pending,2023-02-25,,Shipped,WH-EU,0,Multi-year
SAL-01493,ORD-00747,2,2026-03-08,2026,2026-03,C003,Harbor Health Group,Enterprise,Healthcare,North America,Canada,P109,Forecasting Add-on,Software,Analytics,SKU-P109-2,25,330.0,0.05,8250.0,7837.5,USD,Online,A. Patel,232.02,2036.89,Credit Card,Paid,2026-03-21,,Shipped,WH-Central,0,Standard
SAL-01494,ORD-00748,1,2025-08-20,2025,2025-08,C007,Atlas Public Services,Public Sector,Government,North America,United Kingdom,P107,Support Renewal,Services,Support,SKU-P107-3,27,401.12,0,10830.24,10830.24,USD,Marketplace,S. Johnson,214.07,5050.24,ACH,Paid,2025-08-30,2025-09-01,Delivered,WH-EU,0,Standard
SAL-01495,ORD-00748,2,2024-09-12,2024,2024-09,C003,Harbor Health Group,Enterprise,Healthcare,North America,Germany,P102,Edge Gateway,Hardware,Networking,SKU-P102-4,18,409.54,0.1,7371.72,6634.55,USD,Direct,A. Patel,192.66,3166.58,Wire Transfer,Refunded,2024-09-21,2024-09-22,Delivered,WH-East,0,Multi-year
SAL-01496,ORD-00749,1,2023-01-12,2023,2023-01,C009,Summit Logistics,Enterprise,Transportation,Asia Pacific,Brazil,P108,Mobile Scanner,Hardware,Devices,SKU-P108-1,20,180.6,0,3612.0,3612.0,USD,Online,J. Chen,133.62,939.68,Credit Card,Paid,2023-01-15,2023-01-21,Delivered,WH-Central,0,Multi-year
SAL-01497,ORD-00749,2,2024-12-05,2024,2024-12,C004,Cedar & Stone,SMB,Hospitality,Europe,Germany,P103,Secure Access Kit,Hardware,Security,SKU-P103-4,10,262.57,0,2625.7,2625.7,USD,Direct,J. Chen,142.71,1198.56,Wire Transfer,Paid,2024-12-16,2024-12-17,Delivered,WH-East,0,Standard
SAL-01498,ORD-00750,1,2023-09-25,2023,2023-09,C004,Cedar & Stone,SMB,Hospitality,Europe,Singapore,P109,Forecasting Add-on,Software,Analytics,SKU-P109-2,31,302.83,0.05,9387.73,8918.34,USD,Marketplace,A. Patel,211.94,2348.08,ACH,Paid,2023-09-28,2023-10-02,Delivered,WH-Central,0,Multi-year
SAL-01499,ORD-00750,2,2023-09-09,2023,2023-09,C004,Cedar & Stone,SMB,Hospitality,Europe,Brazil,P101,Cloud Data Suite,Software,Cloud,SKU-P101-3,22,799.13,0.15,17580.86,14943.73,USD,Partner,R. Kim,406.57,5999.11,Net Terms,Paid,2023-09-14,,Processing,WH-EU,0,Annual
SAL-01500,ORD-00751,1,2026-02-21,2026,2026-02,C010,Golden Fields Co.,Mid-Market,Agriculture,Latin America,United Kingdom,P104,Insight Pro License,Software,Licenses,SKU-P104-1,19,159.58,0.1,3032.02,2728.82,USD,Marketplace,M. Garcia,76.15,1282.06,Net Terms,Pending,2026-03-03,2026-03-06,Delivered,WH-EU,0,Standard
SAL-01501,ORD-00751,2,2023-11-29,2023,2023-11,C002,Blue Ridge Systems,Enterprise,Technology,North America,Singapore,P100,Analytics Platform,Software,Analytics,SKU-P100-1,8,850.59,0.15,6804.72,5784.01,USD,Online,A. Patel,449.33,2189.37,Wire Transfer,Overdue,2023-12-15,,Returned,WH-Central,3,Annual
SAL-01502,ORD-00752,1,2025-11-04,2025,2025-11,C005,Vertex Manufacturing,Enterprise,Manufacturing,Europe,United Kingdom,P108,Mobile Scanner,Hardware,Devices,SKU-P108-3,10,216.39,0,2163.9,2163.9,USD,Direct,S. Johnson,138.28,781.13,ACH,Paid,2025-11-13,2025-11-17,Delivered,WH-EU,0,Multi-year
SAL-01503,ORD-00752,2,2024-12-14,2024,2024-12,C007,Atlas Public Services,Public Sector,Government,North America,Singapore,P109,Forecasting Add-on,Software,Analytics,SKU-P109-4,25,324.07,0,8101.75,8101.75,USD,Direct,M. Garcia,234.74,2233.19,Wire Transfer,Paid,2024-12-24,,Processing,WH-EU,0,Multi-year
SAL-01504,ORD-00753,1,2024-07-07,2024,2024-07,C007,Atlas Public Services,Public Sector,Government,North America,United States,P108,Mobile Scanner,Hardware,Devices,SKU-P108-3,26,217.17,0.05,5646.42,5364.1,USD,Online,A. Patel,145.64,1577.53,Credit Card,Paid,2024-07-16,2024-07-17,Delivered,WH-Central,0,Standard
SAL-01505,ORD-00753,2,2023-09-28,2023,2023-09,C008,Evergreen Labs,SMB,Healthcare,Europe,Brazil,P102,Edge Gateway,Hardware,Networking,SKU-P102-3,3,375.56,0.1,1126.68,1014.01,USD,Partner,S. Johnson,237.41,301.78,Net Terms,Paid,2023-10-03,,Shipped,WH-EU,0,Multi-year
SAL-01506,ORD-00754,1,2025-05-01,2025,2025-05,C008,Evergreen Labs,SMB,Healthcare,Europe,Brazil,P109,Forecasting Add-on,Software,Analytics,SKU-P109-2,21,311.19,0.15,6534.99,5554.74,USD,Direct,J. Chen,129.43,2836.77,ACH,Overdue,2025-05-07,2025-05-10,Delivered,WH-West,0,Annual
SAL-01507,ORD-00754,2,2026-07-11,2026,2026-07,C001,Northstar Retail,Retail,Consumer Goods,North America,Singapore,P100,Analytics Platform,Software,Analytics,SKU-P100-2,10,986.21,0.1,9862.1,8875.89,USD,Partner,A. Patel,566.29,3212.95,Credit Card,Paid,2026-07-13,2026-07-20,Delivered,WH-East,0,Standard
SAL-01508,ORD-00755,1,2024-01-29,2024,2024-01,C007,Atlas Public Services,Public Sector,Government,North America,Singapore,P109,Forecasting Add-on,Software,Analytics,SKU-P109-4,14,329.52,0,4613.28,4613.28,USD,Partner,J. Chen,162.21,2342.4,Wire Transfer,Paid,2024-02-11,2024-02-18,Delivered,WH-EU,0,Multi-year
SAL-01509,ORD-00755,2,2026-01-07,2026,2026-01,C010,Golden Fields Co.,Mid-Market,Agriculture,Latin America,United States,P100,Analytics Platform,Software,Analytics,SKU-P100-2,28,1037.87,0,29060.36,29060.36,USD,Online,A. Patel,569.67,13109.72,Net Terms,Paid,2026-01-19,2026-01-24,Delivered,WH-EU,0,Multi-year
SAL-01510,ORD-00756,1,2026-06-23,2026,2026-06,C006,Sunrise Market,SMB,Retail,Asia Pacific,United Kingdom,P102,Edge Gateway,Hardware,Networking,SKU-P102-4,31,430.56,0.05,13347.36,12679.99,USD,Direct,R. Kim,263.46,4512.68,Wire Transfer,Paid,2026-07-02,2026-07-08,Delivered,WH-West,0,Annual
SAL-01511,ORD-00756,2,2023-02-10,2023,2023-02,C006,Sunrise Market,SMB,Retail,Asia Pacific,United States,P102,Edge Gateway,Hardware,Networking,SKU-P102-4,5,407.66,0.2,2038.3,1630.64,USD,Partner,J. Chen,182.91,716.09,ACH,Overdue,2023-02-17,2023-02-25,Delivered,WH-EU,0,Annual
SAL-01512,ORD-00757,1,2024-02-23,2024,2024-02,C009,Summit Logistics,Enterprise,Transportation,Asia Pacific,Germany,P102,Edge Gateway,Hardware,Networking,SKU-P102-2,26,384.27,0.15,9991.02,8492.37,USD,Partner,S. Johnson,160.17,4327.84,ACH,Paid,2024-03-10,,Processing,WH-EU,0,Standard
SAL-01513,ORD-00757,2,2023-12-04,2023,2023-12,C006,Sunrise Market,SMB,Retail,Asia Pacific,United Kingdom,P105,Storage Array,Hardware,Storage,SKU-P105-3,1,1217.33,0,1217.33,1217.33,USD,Partner,J. Chen,711.0,506.33,ACH,Pending,2023-12-06,2023-12-14,Delivered,WH-Central,0,Multi-year
SAL-01514,ORD-00758,1,2023-07-06,2023,2023-07,C001,Northstar Retail,Retail,Consumer Goods,North America,Brazil,P102,Edge Gateway,Hardware,Networking,SKU-P102-3,29,379.85,0.15,11015.65,9363.3,USD,Direct,R. Kim,206.71,3368.78,Wire Transfer,Paid,2023-07-22,2023-07-27,Delivered,WH-East,0,Annual
SAL-01515,ORD-00758,2,2024-04-22,2024,2024-04,C010,Golden Fields Co.,Mid-Market,Agriculture,Latin America,Brazil,P109,Forecasting Add-on,Software,Analytics,SKU-P109-1,12,356.94,0.15,4283.28,3640.79,USD,Marketplace,A. Patel,226.75,919.8,Net Terms,Paid,2024-05-03,2024-05-10,Delivered,WH-Central,0,Standard
SAL-01516,ORD-00759,1,2026-05-05,2026,2026-05,C006,Sunrise Market,SMB,Retail,Asia Pacific,United States,P101,Cloud Data Suite,Software,Cloud,SKU-P101-4,35,776.09,0,27163.15,27163.15,USD,Marketplace,R. Kim,496.02,9802.55,Net Terms,Paid,2026-05-09,,Cancelled,WH-East,0,Annual
SAL-01517,ORD-00759,2,2023-03-11,2023,2023-03,C002,Blue Ridge Systems,Enterprise,Technology,North America,Canada,P107,Support Renewal,Services,Support,SKU-P107-2,25,340.26,0.1,8506.5,7655.85,USD,Direct,M. Garcia,178.6,3190.81,Credit Card,Paid,2023-03-17,2023-03-21,Delivered,WH-East,0,Standard
SAL-01518,ORD-00760,1,2023-01-15,2023,2023-01,C003,Harbor Health Group,Enterprise,Healthcare,North America,Brazil,P103,Secure Access Kit,Hardware,Security,SKU-P103-2,7,295.66,0.05,2069.62,1966.14,USD,Partner,J. Chen,192.23,620.53,Credit Card,Overdue,2023-01-21,2023-01-23,Delivered,WH-East,0,Annual
SAL-01519,ORD-00760,2,2023-09-28,2023,2023-09,C006,Sunrise Market,SMB,Retail,Asia Pacific,United States,P101,Cloud Data Suite,Software,Cloud,SKU-P101-4,7,709.02,0.05,4963.14,4714.98,USD,Direct,A. Patel,357.14,2215.0,Wire Transfer,Paid,2023-10-09,2023-10-10,Delivered,WH-East,0,Standard
SAL-01520,ORD-00761,1,2023-04-25,2023,2023-04,C003,Harbor Health Group,Enterprise,Healthcare,North America,Singapore,P101,Cloud Data Suite,Software,Cloud,SKU-P101-3,15,667.01,0,10005.15,10005.15,USD,Partner,J. Chen,498.88,2521.89,Wire Transfer,Refunded,2023-04-30,,Shipped,WH-East,0,Annual
SAL-01521,ORD-00761,2,2025-11-19,2025,2025-11,C009,Summit Logistics,Enterprise,Transportation,Asia Pacific,Brazil,P107,Support Renewal,Services,Support,SKU-P107-1,3,336.48,0.15,1009.44,858.02,USD,Online,M. Garcia,182.47,310.61,Net Terms,Paid,2025-12-04,2025-12-05,Delivered,WH-Central,0,Annual
SAL-01522,ORD-00762,1,2025-10-02,2025,2025-10,C006,Sunrise Market,SMB,Retail,Asia Pacific,Brazil,P101,Cloud Data Suite,Software,Cloud,SKU-P101-1,19,718.13,0,13644.47,13644.47,USD,Direct,R. Kim,422.89,5609.47,Wire Transfer,Overdue,2025-10-13,,Shipped,WH-West,0,Multi-year
SAL-01523,ORD-00762,2,2026-05-31,2026,2026-05,C009,Summit Logistics,Enterprise,Transportation,Asia Pacific,Brazil,P106,Integration Services,Services,Consulting,SKU-P106-3,34,1477.53,0,50236.02,50236.02,USD,Marketplace,A. Patel,992.98,16474.57,Net Terms,Paid,2026-06-03,2026-06-07,Delivered,WH-Central,0,Multi-year
SAL-01524,ORD-00763,1,2023-05-05,2023,2023-05,C006,Sunrise Market,SMB,Retail,Asia Pacific,Brazil,P108,Mobile Scanner,Hardware,Devices,SKU-P108-1,3,210.96,0.1,632.88,569.59,USD,Direct,A. Patel,116.76,219.3,Net Terms,Paid,2023-05-17,2023-05-25,Delivered,WH-East,0,Multi-year
SAL-01525,ORD-00763,2,2024-10-29,2024,2024-10,C007,Atlas Public Services,Public Sector,Government,North America,Germany,P100,Analytics Platform,Software,Analytics,SKU-P100-2,24,840.62,0.15,20174.88,17148.65,USD,Partner,S. Johnson,375.79,8129.59,ACH,Paid,2024-11-01,2024-11-02,Delivered,WH-Central,0,Multi-year
SAL-01526,ORD-00764,1,2025-08-30,2025,2025-08,C003,Harbor Health Group,Enterprise,Healthcare,North America,United States,P108,Mobile Scanner,Hardware,Devices,SKU-P108-4,3,181.18,0.1,543.54,489.19,USD,Partner,M. Garcia,119.49,130.71,ACH,Pending,2025-09-01,,Shipped,WH-East,0,Standard
SAL-01527,ORD-00764,2,2026-01-11,2026,2026-01,C008,Evergreen Labs,SMB,Healthcare,Europe,Singapore,P104,Insight Pro License,Software,Licenses,SKU-P104-2,34,165.76,0.15,5635.84,4790.46,USD,Direct,S. Johnson,75.94,2208.59,Wire Transfer,Paid,2026-01-15,2026-01-17,Delivered,WH-West,0,Annual
SAL-01528,ORD-00765,1,2023-06-22,2023,2023-06,C009,Summit Logistics,Enterprise,Transportation,Asia Pacific,Brazil,P103,Secure Access Kit,Hardware,Security,SKU-P103-3,19,276.53,0,5254.07,5254.07,USD,Partner,J. Chen,202.44,1407.68,Wire Transfer,Paid,2023-06-26,2023-07-01,Delivered,WH-Central,0,Annual
SAL-01529,ORD-00765,2,2023-09-22,2023,2023-09,C004,Cedar & Stone,SMB,Hospitality,Europe,United States,P103,Secure Access Kit,Hardware,Security,SKU-P103-2,20,282.96,0,5659.2,5659.2,USD,Partner,A. Patel,163.65,2386.24,Credit Card,Pending,2023-10-01,,Processing,WH-West,0,Annual
SAL-01530,ORD-00766,1,2026-02-04,2026,2026-02,C010,Golden Fields Co.,Mid-Market,Agriculture,Latin America,Canada,P104,Insight Pro License,Software,Licenses,SKU-P104-3,12,159.12,0.1,1909.44,1718.5,USD,Marketplace,A. Patel,73.98,830.75,Net Terms,Refunded,2026-02-05,2026-02-12,Delivered,WH-East,0,Multi-year
SAL-01531,ORD-00766,2,2026-03-15,2026,2026-03,C002,Blue Ridge Systems,Enterprise,Technology,North America,Brazil,P108,Mobile Scanner,Hardware,Devices,SKU-P108-4,6,198.68,0.1,1192.08,1072.87,USD,Marketplace,A. Patel,116.75,372.34,Wire Transfer,Paid,2026-03-19,,Cancelled,WH-Central,0,Annual
SAL-01532,ORD-00767,1,2025-08-25,2025,2025-08,C008,Evergreen Labs,SMB,Healthcare,Europe,United Kingdom,P105,Storage Array,Hardware,Storage,SKU-P105-1,32,1337.45,0,42798.4,42798.4,USD,Online,R. Kim,981.21,11399.62,ACH,Pending,2025-08-28,2025-09-03,Delivered,WH-East,0,Annual
SAL-01533,ORD-00767,2,2024-03-15,2024,2024-03,C001,Northstar Retail,Retail,Consumer Goods,North America,Germany,P101,Cloud Data Suite,Software,Cloud,SKU-P101-2,26,801.11,0.05,20828.86,19787.42,USD,Direct,S. Johnson,455.19,7952.47,Credit Card,Paid,2024-03-28,2024-04-04,Delivered,WH-East,0,Standard
SAL-01534,ORD-00768,1,2025-07-17,2025,2025-07,C009,Summit Logistics,Enterprise,Transportation,Asia Pacific,United Kingdom,P108,Mobile Scanner,Hardware,Devices,SKU-P108-2,13,215.55,0,2802.15,2802.15,USD,Partner,R. Kim,159.66,726.54,Wire Transfer,Paid,2025-08-02,2025-08-05,Delivered,WH-EU,0,Standard
SAL-01535,ORD-00768,2,2025-12-22,2025,2025-12,C009,Summit Logistics,Enterprise,Transportation,Asia Pacific,United Kingdom,P106,Integration Services,Services,Consulting,SKU-P106-1,4,1580.06,0.1,6320.24,5688.22,USD,Partner,M. Garcia,897.48,2098.32,Wire Transfer,Overdue,2026-01-07,2026-01-10,Delivered,WH-EU,0,Multi-year
SAL-01536,ORD-00769,1,2024-09-23,2024,2024-09,C001,Northstar Retail,Retail,Consumer Goods,North America,United States,P106,Integration Services,Services,Consulting,SKU-P106-1,5,1410.68,0,7053.4,7053.4,USD,Partner,R. Kim,803.86,3034.1,Credit Card,Overdue,2024-09-28,,Processing,WH-Central,0,Multi-year
SAL-01537,ORD-00769,2,2023-12-12,2023,2023-12,C001,Northstar Retail,Retail,Consumer Goods,North America,United States,P100,Analytics Platform,Software,Analytics,SKU-P100-3,19,872.18,0.1,16571.42,14914.28,USD,Online,S. Johnson,504.16,5335.31,Wire Transfer,Paid,2023-12-23,,Shipped,WH-West,0,Multi-year
SAL-01538,ORD-00770,1,2024-07-08,2024,2024-07,C001,Northstar Retail,Retail,Consumer Goods,North America,Germany,P106,Integration Services,Services,Consulting,SKU-P106-1,25,1664.21,0.1,41605.25,37444.72,USD,Marketplace,J. Chen,846.1,16292.23,ACH,Paid,2024-07-22,2024-07-28,Delivered,WH-West,0,Multi-year
SAL-01539,ORD-00770,2,2023-09-15,2023,2023-09,C003,Harbor Health Group,Enterprise,Healthcare,North America,United Kingdom,P105,Storage Array,Hardware,Storage,SKU-P105-1,20,1224.54,0.1,24490.8,22041.72,USD,Partner,J. Chen,749.97,7042.28,Wire Transfer,Overdue,2023-09-21,2023-09-22,Delivered,WH-East,0,Multi-year
SAL-01540,ORD-00771,1,2023-01-05,2023,2023-01,C003,Harbor Health Group,Enterprise,Healthcare,North America,Canada,P104,Insight Pro License,Software,Licenses,SKU-P104-3,4,168.32,0,673.28,673.28,USD,Online,A. Patel,100.7,270.48,Credit Card,Paid,2023-01-21,2023-01-23,Delivered,WH-East,0,Annual
SAL-01541,ORD-00771,2,2026-07-14,2026,2026-07,C003,Harbor Health Group,Enterprise,Healthcare,North America,United Kingdom,P106,Integration Services,Services,Consulting,SKU-P106-2,18,1594.21,0.2,28695.78,22956.62,USD,Marketplace,M. Garcia,634.78,11530.61,Net Terms,Refunded,2026-07-30,2026-08-01,Delivered,WH-Central,0,Multi-year
SAL-01542,ORD-00772,1,2023-12-07,2023,2023-12,C010,Golden Fields Co.,Mid-Market,Agriculture,Latin America,Singapore,P109,Forecasting Add-on,Software,Analytics,SKU-P109-3,4,314.43,0.05,1257.72,1194.83,USD,Online,R. Kim,156.76,567.8,Net Terms,Refunded,2023-12-08,,Shipped,WH-Central,0,Multi-year
SAL-01543,ORD-00772,2,2026-02-15,2026,2026-02,C007,Atlas Public Services,Public Sector,Government,North America,United States,P103,Secure Access Kit,Hardware,Security,SKU-P103-2,5,289.01,0.05,1445.05,1372.8,USD,Direct,M. Garcia,167.1,537.32,Net Terms,Paid,2026-02-27,2026-03-02,Delivered,WH-Central,0,Standard
SAL-01544,ORD-00773,1,2026-08-20,2026,2026-08,C002,Blue Ridge Systems,Enterprise,Technology,North America,Germany,P100,Analytics Platform,Software,Analytics,SKU-P100-4,26,840.54,0,21854.04,21854.04,USD,Partner,A. Patel,575.34,6895.32,ACH,Overdue,2026-08-23,2026-08-25,Delivered,WH-Central,0,Multi-year
SAL-01545,ORD-00773,2,2023-01-29,2023,2023-01,C006,Sunrise Market,SMB,Retail,Asia Pacific,Brazil,P103,Secure Access Kit,Hardware,Security,SKU-P103-4,10,281.14,0.1,2811.4,2530.26,USD,Online,S. Johnson,141.07,1119.58,ACH,Paid,2023-02-04,2023-02-06,Delivered,WH-EU,0,Multi-year
SAL-01546,ORD-00774,1,2026-02-26,2026,2026-02,C003,Harbor Health Group,Enterprise,Healthcare,North America,Singapore,P105,Storage Array,Hardware,Storage,SKU-P105-2,14,1347.29,0.05,18862.06,17918.96,USD,Marketplace,S. Johnson,886.79,5503.95,Wire Transfer,Overdue,2026-03-02,2026-03-09,Delivered,WH-EU,0,Standard
SAL-01547,ORD-00774,2,2024-08-25,2024,2024-08,C007,Atlas Public Services,Public Sector,Government,North America,Brazil,P105,Storage Array,Hardware,Storage,SKU-P105-4,6,1326.58,0.1,7959.48,7163.53,USD,Marketplace,M. Garcia,761.11,2596.86,ACH,Paid,2024-09-05,2024-09-13,Delivered,WH-West,0,Annual
SAL-01548,ORD-00775,1,2023-05-07,2023,2023-05,C009,Summit Logistics,Enterprise,Transportation,Asia Pacific,Germany,P102,Edge Gateway,Hardware,Networking,SKU-P102-4,32,429.79,0.15,13753.28,11690.29,USD,Direct,S. Johnson,202.69,5204.3,Credit Card,Refunded,2023-05-09,2023-05-17,Delivered,WH-East,0,Annual
SAL-01549,ORD-00775,2,2026-05-29,2026,2026-05,C008,Evergreen Labs,SMB,Healthcare,Europe,Canada,P109,Forecasting Add-on,Software,Analytics,SKU-P109-1,26,347.48,0,9034.48,9034.48,USD,Marketplace,R. Kim,213.05,3495.29,Wire Transfer,Paid,2026-06-01,2026-06-04,Delivered,WH-East,0,Standard
SAL-01550,ORD-00776,1,2026-03-19,2026,2026-03,C004,Cedar & Stone,SMB,Hospitality,Europe,United States,P100,Analytics Platform,Software,Analytics,SKU-P100-2,34,1029.01,0.2,34986.34,27989.07,USD,Marketplace,A. Patel,406.17,14179.13,Credit Card,Paid,2026-04-04,,Processing,WH-West,0,Annual
SAL-01551,ORD-00776,2,2026-04-14,2026,2026-04,C005,Vertex Manufacturing,Enterprise,Manufacturing,Europe,Germany,P104,Insight Pro License,Software,Licenses,SKU-P104-4,15,160.51,0.15,2407.65,2046.5,USD,Partner,J. Chen,102.58,507.73,Credit Card,Refunded,2026-04-16,2026-04-23,Delivered,WH-East,0,Multi-year
SAL-01552,ORD-00777,1,2023-02-03,2023,2023-02,C010,Golden Fields Co.,Mid-Market,Agriculture,Latin America,Brazil,P109,Forecasting Add-on,Software,Analytics,SKU-P109-4,27,292.6,0.2,7900.2,6320.16,USD,Online,A. Patel,147.34,2341.98,Net Terms,Paid,2023-02-17,,Shipped,WH-EU,0,Standard
SAL-01553,ORD-00777,2,2025-04-20,2025,2025-04,C005,Vertex Manufacturing,Enterprise,Manufacturing,Europe,United Kingdom,P108,Mobile Scanner,Hardware,Devices,SKU-P108-1,32,190.54,0,6097.28,6097.28,USD,Direct,J. Chen,111.65,2524.57,Wire Transfer,Refunded,2025-04-26,2025-04-30,Delivered,WH-West,0,Multi-year
SAL-01554,ORD-00778,1,2024-11-06,2024,2024-11,C004,Cedar & Stone,SMB,Hospitality,Europe,United States,P100,Analytics Platform,Software,Analytics,SKU-P100-4,33,1009.13,0.1,33301.29,29971.16,USD,Partner,J. Chen,559.33,11513.17,Wire Transfer,Paid,2024-11-22,2024-11-29,Delivered,WH-East,0,Multi-year
SAL-01555,ORD-00778,2,2026-06-02,2026,2026-06,C002,Blue Ridge Systems,Enterprise,Technology,North America,Canada,P105,Storage Array,Hardware,Storage,SKU-P105-2,13,1214.0,0.05,15782.0,14992.9,USD,Online,R. Kim,794.24,4667.78,Credit Card,Overdue,2026-06-09,,Processing,WH-East,0,Multi-year
SAL-01556,ORD-00779,1,2023-11-18,2023,2023-11,C009,Summit Logistics,Enterprise,Transportation,Asia Pacific,Singapore,P101,Cloud Data Suite,Software,Cloud,SKU-P101-1,32,741.65,0,23732.8,23732.8,USD,Direct,M. Garcia,357.61,12289.25,Wire Transfer,Refunded,2023-11-29,2023-12-07,Delivered,WH-Central,0,Standard
SAL-01557,ORD-00779,2,2025-10-21,2025,2025-10,C004,Cedar & Stone,SMB,Hospitality,Europe,Germany,P102,Edge Gateway,Hardware,Networking,SKU-P102-4,3,454.76,0,1364.28,1364.28,USD,Online,R. Kim,337.1,352.98,ACH,Paid,2025-11-03,,Shipped,WH-East,0,Standard
SAL-01558,ORD-00780,1,2023-04-11,2023,2023-04,C007,Atlas Public Services,Public Sector,Government,North America,Singapore,P103,Secure Access Kit,Hardware,Security,SKU-P103-1,15,261.67,0.1,3925.05,3532.55,USD,Marketplace,A. Patel,145.25,1353.77,Credit Card,Paid,2023-04-22,,Cancelled,WH-West,0,Annual
SAL-01559,ORD-00780,2,2024-10-03,2024,2024-10,C003,Harbor Health Group,Enterprise,Healthcare,North America,Brazil,P100,Analytics Platform,Software,Analytics,SKU-P100-3,17,891.68,0.1,15158.56,13642.7,USD,Direct,R. Kim,466.23,5716.74,Credit Card,Paid,2024-10-13,2024-10-21,Delivered,WH-EU,0,Multi-year
SAL-01560,ORD-00781,1,2024-08-03,2024,2024-08,C001,Northstar Retail,Retail,Consumer Goods,North America,Singapore,P102,Edge Gateway,Hardware,Networking,SKU-P102-3,31,365.55,0.15,11332.05,9632.24,USD,Marketplace,A. Patel,194.44,3604.66,Credit Card,Paid,2024-08-12,2024-08-15,Delivered,WH-East,0,Multi-year
SAL-01561,ORD-00781,2,2024-07-12,2024,2024-07,C006,Sunrise Market,SMB,Retail,Asia Pacific,Brazil,P101,Cloud Data Suite,Software,Cloud,SKU-P101-1,4,793.03,0.05,3172.12,3013.51,USD,Marketplace,M. Garcia,382.0,1485.53,Credit Card,Paid,2024-07-24,2024-07-30,Delivered,WH-West,0,Multi-year
SAL-01562,ORD-00782,1,2024-04-05,2024,2024-04,C007,Atlas Public Services,Public Sector,Government,North America,Brazil,P107,Support Renewal,Services,Support,SKU-P107-1,10,381.96,0.15,3819.6,3246.66,USD,Online,M. Garcia,196.55,1281.15,ACH,Paid,2024-04-17,2024-04-25,Delivered,WH-West,0,Standard
SAL-01563,ORD-00782,2,2026-09-29,2026,2026-09,C004,Cedar & Stone,SMB,Hospitality,Europe,Germany,P102,Edge Gateway,Hardware,Networking,SKU-P102-2,21,394.54,0.05,8285.34,7871.07,USD,Direct,S. Johnson,262.21,2364.71,Credit Card,Overdue,2026-10-15,2026-10-20,Delivered,WH-EU,0,Standard
SAL-01564,ORD-00783,1,2024-11-04,2024,2024-11,C010,Golden Fields Co.,Mid-Market,Agriculture,Latin America,Singapore,P102,Edge Gateway,Hardware,Networking,SKU-P102-3,21,378.79,0.05,7954.59,7556.86,USD,Direct,M. Garcia,202.4,3306.52,Wire Transfer,Paid,2024-11-05,,Processing,WH-EU,0,Standard
SAL-01565,ORD-00783,2,2023-10-08,2023,2023-10,C006,Sunrise Market,SMB,Retail,Asia Pacific,Canada,P105,Storage Array,Hardware,Storage,SKU-P105-2,21,1331.93,0,27970.53,27970.53,USD,Direct,J. Chen,932.1,8396.47,Net Terms,Paid,2023-10-18,2023-10-21,Delivered,WH-West,0,Annual
SAL-01566,ORD-00784,1,2024-01-11,2024,2024-01,C002,Blue Ridge Systems,Enterprise,Technology,North America,United States,P101,Cloud Data Suite,Software,Cloud,SKU-P101-2,11,679.58,0,7475.38,7475.38,USD,Marketplace,M. Garcia,382.92,3263.21,ACH,Overdue,2024-01-25,2024-01-27,Delivered,WH-Central,0,Annual
SAL-01567,ORD-00784,2,2023-12-26,2023,2023-12,C005,Vertex Manufacturing,Enterprise,Manufacturing,Europe,Germany,P109,Forecasting Add-on,Software,Analytics,SKU-P109-4,14,365.81,0,5121.34,5121.34,USD,Marketplace,A. Patel,179.09,2614.09,Credit Card,Overdue,2024-01-06,,Processing,WH-Central,0,Multi-year
SAL-01568,ORD-00785,1,2026-01-09,2026,2026-01,C009,Summit Logistics,Enterprise,Transportation,Asia Pacific,Canada,P104,Insight Pro License,Software,Licenses,SKU-P104-1,16,180.82,0,2893.12,2893.12,USD,Partner,A. Patel,100.97,1277.59,ACH,Paid,2026-01-19,,Returned,WH-West,11,Annual
SAL-01569,ORD-00785,2,2024-02-18,2024,2024-02,C004,Cedar & Stone,SMB,Hospitality,Europe,Singapore,P101,Cloud Data Suite,Software,Cloud,SKU-P101-1,16,663.97,0.1,10623.52,9561.17,USD,Online,R. Kim,289.44,4930.17,ACH,Paid,2024-03-04,2024-03-12,Delivered,WH-West,0,Standard
SAL-01570,ORD-00786,1,2023-12-16,2023,2023-12,C006,Sunrise Market,SMB,Retail,Asia Pacific,United States,P107,Support Renewal,Services,Support,SKU-P107-4,10,380.09,0,3800.9,3800.9,USD,Marketplace,R. Kim,218.7,1613.91,Net Terms,Paid,2023-12-24,2023-12-26,Delivered,WH-West,0,Standard
SAL-01571,ORD-00786,2,2023-12-27,2023,2023-12,C002,Blue Ridge Systems,Enterprise,Technology,North America,Singapore,P100,Analytics Platform,Software,Analytics,SKU-P100-3,30,1023.2,0,30696.0,30696.0,USD,Partner,R. Kim,668.34,10645.84,Wire Transfer,Paid,2024-01-09,,Processing,WH-East,0,Annual
SAL-01572,ORD-00787,1,2026-07-01,2026,2026-07,C002,Blue Ridge Systems,Enterprise,Technology,North America,Germany,P107,Support Renewal,Services,Support,SKU-P107-2,17,399.87,0,6797.79,6797.79,USD,Partner,M. Garcia,227.71,2926.65,Credit Card,Overdue,2026-07-17,2026-07-19,Delivered,WH-West,0,Multi-year
SAL-01573,ORD-00787,2,2025-04-03,2025,2025-04,C003,Harbor Health Group,Enterprise,Healthcare,North America,United Kingdom,P106,Integration Services,Services,Consulting,SKU-P106-2,29,1584.87,0,45961.23,45961.23,USD,Partner,S. Johnson,1077.16,14723.45,Net Terms,Paid,2025-04-15,2025-04-22,Delivered,WH-West,0,Standard
SAL-01574,ORD-00788,1,2023-09-16,2023,2023-09,C003,Harbor Health Group,Enterprise,Healthcare,North America,Brazil,P101,Cloud Data Suite,Software,Cloud,SKU-P101-4,7,684.74,0.1,4793.18,4313.86,USD,Partner,M. Garcia,445.57,1194.89,ACH,Paid,2023-10-01,2023-10-06,Delivered,WH-West,0,Multi-year
SAL-01575,ORD-00788,2,2023-09-17,2023,2023-09,C005,Vertex Manufacturing,Enterprise,Manufacturing,Europe,United States,P100,Analytics Platform,Software,Analytics,SKU-P100-4,7,896.91,0,6278.37,6278.37,USD,Direct,S. Johnson,586.15,2175.29,ACH,Paid,2023-10-03,2023-10-07,Delivered,WH-EU,0,Standard
SAL-01576,ORD-00789,1,2023-11-20,2023,2023-11,C008,Evergreen Labs,SMB,Healthcare,Europe,Singapore,P101,Cloud Data Suite,Software,Cloud,SKU-P101-1,7,666.38,0,4664.66,4664.66,USD,Direct,S. Johnson,362.69,2125.84,Wire Transfer,Overdue,2023-11-30,2023-12-06,Delivered,WH-West,0,Annual
SAL-01577,ORD-00789,2,2025-07-01,2025,2025-07,C003,Harbor Health Group,Enterprise,Healthcare,North America,Brazil,P102,Edge Gateway,Hardware,Networking,SKU-P102-1,30,447.53,0,13425.9,13425.9,USD,Partner,S. Johnson,237.15,6311.31,ACH,Paid,2025-07-06,,Shipped,WH-West,0,Standard
SAL-01578,ORD-00790,1,2025-05-21,2025,2025-05,C008,Evergreen Labs,SMB,Healthcare,Europe,Germany,P109,Forecasting Add-on,Software,Analytics,SKU-P109-2,10,330.61,0.15,3306.1,2810.18,USD,Online,J. Chen,151.57,1294.43,Wire Transfer,Paid,2025-05-24,,Shipped,WH-West,0,Standard
SAL-01579,ORD-00790,2,2023-10-04,2023,2023-10,C008,Evergreen Labs,SMB,Healthcare,Europe,United States,P108,Mobile Scanner,Hardware,Devices,SKU-P108-3,32,203.46,0.05,6510.72,6185.18,USD,Online,R. Kim,135.67,1843.64,Net Terms,Paid,2023-10-05,2023-10-10,Delivered,WH-Central,0,Standard
SAL-01580,ORD-00791,1,2025-11-21,2025,2025-11,C009,Summit Logistics,Enterprise,Transportation,Asia Pacific,Canada,P104,Insight Pro License,Software,Licenses,SKU-P104-4,35,167.46,0.1,5861.1,5274.99,USD,Online,J. Chen,94.75,1958.62,Wire Transfer,Overdue,2025-11-25,2025-12-03,Delivered,WH-East,0,Multi-year
SAL-01581,ORD-00791,2,2023-02-11,2023,2023-02,C003,Harbor Health Group,Enterprise,Healthcare,North America,Germany,P105,Storage Array,Hardware,Storage,SKU-P105-2,34,1119.4,0,38059.6,38059.6,USD,Direct,J. Chen,622.58,16891.87,Net Terms,Paid,2023-02-21,,Shipped,WH-Central,0,Multi-year
SAL-01582,ORD-00792,1,2025-02-10,2025,2025-02,C001,Northstar Retail,Retail,Consumer Goods,North America,Germany,P108,Mobile Scanner,Hardware,Devices,SKU-P108-4,22,185.09,0.05,4071.98,3868.38,USD,Marketplace,A. Patel,104.2,1575.95,Net Terms,Paid,2025-02-12,,Cancelled,WH-Central,0,Multi-year
SAL-01583,ORD-00792,2,2024-08-21,2024,2024-08,C004,Cedar & Stone,SMB,Hospitality,Europe,United Kingdom,P102,Edge Gateway,Hardware,Networking,SKU-P102-4,34,410.98,0.05,13973.32,13274.65,USD,Online,R. Kim,286.36,3538.53,ACH,Pending,2024-08-30,,Returned,WH-Central,1,Standard
SAL-01584,ORD-00793,1,2023-04-13,2023,2023-04,C006,Sunrise Market,SMB,Retail,Asia Pacific,United Kingdom,P103,Secure Access Kit,Hardware,Security,SKU-P103-3,33,252.54,0.15,8333.82,7083.75,USD,Partner,A. Patel,152.69,2045.04,Wire Transfer,Pending,2023-04-19,2023-04-27,Delivered,WH-Central,0,Standard
SAL-01585,ORD-00793,2,2025-06-13,2025,2025-06,C007,Atlas Public Services,Public Sector,Government,North America,Canada,P104,Insight Pro License,Software,Licenses,SKU-P104-2,8,159.64,0.1,1277.12,1149.41,USD,Partner,M. Garcia,88.59,440.65,Credit Card,Paid,2025-06-28,2025-07-02,Delivered,WH-East,0,Standard
SAL-01586,ORD-00794,1,2026-05-31,2026,2026-05,C008,Evergreen Labs,SMB,Healthcare,Europe,Germany,P109,Forecasting Add-on,Software,Analytics,SKU-P109-3,33,343.23,0,11326.59,11326.59,USD,Marketplace,J. Chen,210.93,4365.98,Wire Transfer,Paid,2026-06-16,2026-06-18,Delivered,WH-EU,0,Multi-year
SAL-01587,ORD-00794,2,2025-02-19,2025,2025-02,C005,Vertex Manufacturing,Enterprise,Manufacturing,Europe,Brazil,P107,Support Renewal,Services,Support,SKU-P107-2,16,368.64,0.05,5898.24,5603.33,USD,Direct,J. Chen,183.66,2664.85,Net Terms,Paid,2025-03-02,,Cancelled,WH-Central,0,Annual
SAL-01588,ORD-00795,1,2023-03-04,2023,2023-03,C005,Vertex Manufacturing,Enterprise,Manufacturing,Europe,Singapore,P102,Edge Gateway,Hardware,Networking,SKU-P102-1,28,390.99,0.15,10947.72,9305.56,USD,Online,M. Garcia,195.2,3839.95,Credit Card,Paid,2023-03-10,,Processing,WH-East,0,Multi-year
SAL-01589,ORD-00795,2,2023-04-25,2023,2023-04,C004,Cedar & Stone,SMB,Hospitality,Europe,United States,P109,Forecasting Add-on,Software,Analytics,SKU-P109-3,32,343.22,0.1,10983.04,9884.74,USD,Marketplace,R. Kim,174.07,4314.46,Credit Card,Paid,2023-05-05,2023-05-09,Delivered,WH-East,0,Standard
SAL-01590,ORD-00796,1,2023-03-25,2023,2023-03,C008,Evergreen Labs,SMB,Healthcare,Europe,United Kingdom,P101,Cloud Data Suite,Software,Cloud,SKU-P101-4,35,730.09,0,25553.15,25553.15,USD,Direct,A. Patel,415.42,11013.32,Net Terms,Paid,2023-04-06,,Shipped,WH-West,0,Annual
SAL-01591,ORD-00796,2,2024-10-18,2024,2024-10,C001,Northstar Retail,Retail,Consumer Goods,North America,Singapore,P101,Cloud Data Suite,Software,Cloud,SKU-P101-1,27,672.67,0.05,18162.09,17253.99,USD,Partner,J. Chen,380.4,6983.08,Net Terms,Overdue,2024-11-02,2024-11-06,Delivered,WH-West,0,Standard
SAL-01592,ORD-00797,1,2025-04-20,2025,2025-04,C006,Sunrise Market,SMB,Retail,Asia Pacific,United States,P103,Secure Access Kit,Hardware,Security,SKU-P103-3,31,307.55,0.1,9534.05,8580.65,USD,Partner,M. Garcia,194.68,2545.48,Wire Transfer,Paid,2025-05-04,,Shipped,WH-Central,0,Annual
SAL-01593,ORD-00797,2,2023-06-05,2023,2023-06,C008,Evergreen Labs,SMB,Healthcare,Europe,Singapore,P106,Integration Services,Services,Consulting,SKU-P106-1,33,1576.25,0,52016.25,52016.25,USD,Partner,R. Kim,791.59,25893.69,Credit Card,Pending,2023-06-11,2023-06-19,Delivered,WH-EU,0,Multi-year
SAL-01594,ORD-00798,1,2024-08-19,2024,2024-08,C003,Harbor Health Group,Enterprise,Healthcare,North America,United States,P107,Support Renewal,Services,Support,SKU-P107-2,3,387.72,0,1163.16,1163.16,USD,Partner,S. Johnson,196.84,572.64,Net Terms,Paid,2024-08-29,,Shipped,WH-West,0,Annual
SAL-01595,ORD-00798,2,2025-12-26,2025,2025-12,C002,Blue Ridge Systems,Enterprise,Technology,North America,Brazil,P106,Integration Services,Services,Consulting,SKU-P106-2,10,1559.82,0.05,15598.2,14818.29,USD,Online,J. Chen,939.27,5425.63,Credit Card,Paid,2026-01-09,2026-01-14,Delivered,WH-Central,0,Multi-year
SAL-01596,ORD-00799,1,2023-09-09,2023,2023-09,C006,Sunrise Market,SMB,Retail,Asia Pacific,United States,P106,Integration Services,Services,Consulting,SKU-P106-2,31,1568.54,0.1,48624.74,43762.27,USD,Online,A. Patel,727.43,21211.82,Wire Transfer,Pending,2023-09-25,2023-09-30,Delivered,WH-West,0,Standard
SAL-01597,ORD-00799,2,2026-09-08,2026,2026-09,C006,Sunrise Market,SMB,Retail,Asia Pacific,United States,P102,Edge Gateway,Hardware,Networking,SKU-P102-2,15,438.88,0.15,6583.2,5595.72,USD,Direct,S. Johnson,280.3,1391.16,ACH,Paid,2026-09-20,2026-09-21,Delivered,WH-East,0,Standard
SAL-01598,ORD-00800,1,2026-05-16,2026,2026-05,C010,Golden Fields Co.,Mid-Market,Agriculture,Latin America,United States,P104,Insight Pro License,Software,Licenses,SKU-P104-4,14,179.64,0.05,2514.96,2389.21,USD,Online,S. Johnson,107.27,887.5,Net Terms,Paid,2026-05-25,,Processing,WH-West,0,Multi-year
SAL-01599,ORD-00800,2,2026-03-19,2026,2026-03,C009,Summit Logistics,Enterprise,Transportation,Asia Pacific,United Kingdom,P100,Analytics Platform,Software,Analytics,SKU-P100-3,11,1059.49,0,11654.39,11654.39,USD,Direct,S. Johnson,586.58,5202.04,Net Terms,Paid,2026-04-04,2026-04-05,Delivered,WH-West,0,Multi-year
SAL-01600,ORD-00801,1,2023-07-02,2023,2023-07,C007,Atlas Public Services,Public Sector,Government,North America,Brazil,P104,Insight Pro License,Software,Licenses,SKU-P104-4,18,166.43,0.05,2995.74,2845.95,USD,Online,A. Patel,114.44,786.0,Net Terms,Paid,2023-07-17,2023-07-23,Delivered,WH-EU,0,Annual
SAL-01601,ORD-00801,2,2023-01-25,2023,2023-01,C005,Vertex Manufacturing,Enterprise,Manufacturing,Europe,United States,P102,Edge Gateway,Hardware,Networking,SKU-P102-1,8,429.67,0.1,3437.36,3093.62,USD,Marketplace,A. Patel,292.05,757.21,ACH,Paid,2023-02-03,,Cancelled,WH-EU,0,Standard
SAL-01602,ORD-00802,1,2026-06-08,2026,2026-06,C004,Cedar & Stone,SMB,Hospitality,Europe,Canada,P109,Forecasting Add-on,Software,Analytics,SKU-P109-1,29,364.25,0.05,10563.25,10035.09,USD,Marketplace,J. Chen,188.45,4570.02,ACH,Paid,2026-06-15,2026-06-22,Delivered,WH-East,0,Multi-year
SAL-01603,ORD-00802,2,2024-09-25,2024,2024-09,C006,Sunrise Market,SMB,Retail,Asia Pacific,Germany,P105,Storage Array,Hardware,Storage,SKU-P105-2,10,1200.97,0.1,12009.7,10808.73,USD,Online,S. Johnson,781.18,2996.97,Credit Card,Paid,2024-10-11,2024-10-14,Delivered,WH-Central,0,Annual
SAL-01604,ORD-00803,1,2023-08-01,2023,2023-08,C002,Blue Ridge Systems,Enterprise,Technology,North America,United Kingdom,P109,Forecasting Add-on,Software,Analytics,SKU-P109-4,24,309.02,0.15,7416.48,6304.01,USD,Marketplace,M. Garcia,168.62,2257.16,Net Terms,Paid,2023-08-13,2023-08-18,Delivered,WH-EU,0,Multi-year
SAL-01605,ORD-00803,2,2024-09-18,2024,2024-09,C006,Sunrise Market,SMB,Retail,Asia Pacific,Canada,P109,Forecasting Add-on,Software,Analytics,SKU-P109-2,6,339.1,0,2034.6,2034.6,USD,Online,S. Johnson,187.67,908.56,ACH,Paid,2024-09-30,2024-10-08,Delivered,WH-West,0,Annual
SAL-01606,ORD-00804,1,2025-05-22,2025,2025-05,C001,Northstar Retail,Retail,Consumer Goods,North America,Canada,P109,Forecasting Add-on,Software,Analytics,SKU-P109-1,33,294.52,0.1,9719.16,8747.24,USD,Direct,J. Chen,149.75,3805.39,ACH,Paid,2025-06-01,2025-06-09,Delivered,WH-East,0,Standard
SAL-01607,ORD-00804,2,2023-09-13,2023,2023-09,C004,Cedar & Stone,SMB,Hospitality,Europe,Singapore,P103,Secure Access Kit,Hardware,Security,SKU-P103-4,8,315.95,0.1,2527.6,2274.84,USD,Direct,M. Garcia,164.23,960.97,ACH,Overdue,2023-09-15,,Processing,WH-Central,0,Standard
SAL-01608,ORD-00805,1,2026-07-24,2026,2026-07,C007,Atlas Public Services,Public Sector,Government,North America,Brazil,P101,Cloud Data Suite,Software,Cloud,SKU-P101-3,4,715.03,0.1,2860.12,2574.11,USD,Online,A. Patel,425.78,870.98,ACH,Paid,2026-08-06,2026-08-14,Delivered,WH-East,0,Multi-year
SAL-01609,ORD-00805,2,2025-06-11,2025,2025-06,C005,Vertex Manufacturing,Enterprise,Manufacturing,Europe,Canada,P107,Support Renewal,Services,Support,SKU-P107-2,20,356.91,0,7138.2,7138.2,USD,Marketplace,J. Chen,182.29,3492.41,ACH,Paid,2025-06-26,2025-07-02,Delivered,WH-West,0,Multi-year
SAL-01610,ORD-00806,1,2026-06-29,2026,2026-06,C008,Evergreen Labs,SMB,Healthcare,Europe,Brazil,P105,Storage Array,Hardware,Storage,SKU-P105-2,34,1127.5,0,38335.0,38335.0,USD,Direct,J. Chen,677.43,15302.29,Net Terms,Paid,2026-07-05,,Returned,WH-Central,8,Standard
SAL-01611,ORD-00806,2,2026-07-15,2026,2026-07,C005,Vertex Manufacturing,Enterprise,Manufacturing,Europe,United States,P104,Insight Pro License,Software,Licenses,SKU-P104-2,35,198.97,0,6963.95,6963.95,USD,Marketplace,J. Chen,112.14,3038.91,Wire Transfer,Paid,2026-07-25,,Shipped,WH-Central,0,Standard
SAL-01612,ORD-00807,1,2024-12-08,2024,2024-12,C009,Summit Logistics,Enterprise,Transportation,Asia Pacific,Brazil,P105,Storage Array,Hardware,Storage,SKU-P105-3,23,1235.57,0,28418.11,28418.11,USD,Partner,A. Patel,599.12,14638.25,ACH,Paid,2024-12-24,2024-12-27,Delivered,WH-EU,0,Standard
SAL-01613,ORD-00807,2,2026-09-04,2026,2026-09,C009,Summit Logistics,Enterprise,Transportation,Asia Pacific,Canada,P105,Storage Array,Hardware,Storage,SKU-P105-2,33,1125.19,0.15,37131.27,31561.58,USD,Marketplace,M. Garcia,622.48,11019.63,Credit Card,Pending,2026-09-06,,Cancelled,WH-EU,0,Annual
SAL-01614,ORD-00808,1,2023-11-14,2023,2023-11,C008,Evergreen Labs,SMB,Healthcare,Europe,Brazil,P109,Forecasting Add-on,Software,Analytics,SKU-P109-4,2,302.88,0,605.76,605.76,USD,Direct,S. Johnson,218.0,169.77,ACH,Paid,2023-11-25,2023-12-01,Delivered,WH-East,0,Standard
SAL-01615,ORD-00808,2,2024-05-13,2024,2024-05,C004,Cedar & Stone,SMB,Hospitality,Europe,Canada,P105,Storage Array,Hardware,Storage,SKU-P105-3,6,1368.08,0,8208.48,8208.48,USD,Direct,R. Kim,928.73,2636.1,Wire Transfer,Paid,2024-05-19,,Shipped,WH-Central,0,Multi-year
SAL-01616,ORD-00809,1,2026-02-16,2026,2026-02,C004,Cedar & Stone,SMB,Hospitality,Europe,United Kingdom,P108,Mobile Scanner,Hardware,Devices,SKU-P108-2,11,206.6,0.1,2272.6,2045.34,USD,Online,R. Kim,107.31,864.95,Credit Card,Paid,2026-02-28,2026-03-08,Delivered,WH-West,0,Multi-year
SAL-01617,ORD-00809,2,2024-07-15,2024,2024-07,C010,Golden Fields Co.,Mid-Market,Agriculture,Latin America,Canada,P104,Insight Pro License,Software,Licenses,SKU-P104-4,32,192.6,0.15,6163.2,5238.72,USD,Direct,S. Johnson,117.67,1473.43,ACH,Pending,2024-07-21,2024-07-22,Delivered,WH-EU,0,Annual
SAL-01618,ORD-00810,1,2024-09-03,2024,2024-09,C004,Cedar & Stone,SMB,Hospitality,Europe,Brazil,P107,Support Renewal,Services,Support,SKU-P107-1,15,366.88,0,5503.2,5503.2,USD,Partner,S. Johnson,259.46,1611.37,Wire Transfer,Paid,2024-09-14,2024-09-19,Delivered,WH-East,0,Annual
SAL-01619,ORD-00810,2,2023-08-15,2023,2023-08,C001,Northstar Retail,Retail,Consumer Goods,North America,United Kingdom,P106,Integration Services,Services,Consulting,SKU-P106-4,5,1563.85,0.2,7819.25,6255.4,USD,Partner,J. Chen,808.93,2210.77,Wire Transfer,Paid,2023-08-16,,Cancelled,WH-EU,0,Multi-year
SAL-01620,ORD-00811,1,2023-05-21,2023,2023-05,C002,Blue Ridge Systems,Enterprise,Technology,North America,United Kingdom,P104,Insight Pro License,Software,Licenses,SKU-P104-1,20,185.05,0.1,3701.0,3330.9,USD,Marketplace,A. Patel,110.94,1112.17,ACH,Paid,2023-05-31,,Shipped,WH-Central,0,Standard
SAL-01621,ORD-00811,2,2025-12-03,2025,2025-12,C006,Sunrise Market,SMB,Retail,Asia Pacific,United States,P104,Insight Pro License,Software,Licenses,SKU-P104-3,14,185.78,0.1,2600.92,2340.83,USD,Marketplace,J. Chen,110.0,800.86,ACH,Paid,2025-12-16,2025-12-24,Delivered,WH-Central,0,Standard
SAL-01622,ORD-00812,1,2024-07-17,2024,2024-07,C003,Harbor Health Group,Enterprise,Healthcare,North America,United States,P107,Support Renewal,Services,Support,SKU-P107-4,1,352.22,0.15,352.22,299.39,USD,Marketplace,A. Patel,180.88,118.51,Net Terms,Overdue,2024-07-20,,Shipped,WH-East,0,Annual
SAL-01623,ORD-00812,2,2024-05-29,2024,2024-05,C002,Blue Ridge Systems,Enterprise,Technology,North America,United States,P106,Integration Services,Services,Consulting,SKU-P106-1,22,1569.89,0.05,34537.58,32810.7,USD,Direct,A. Patel,1014.32,10495.59,ACH,Pending,2024-06-14,2024-06-22,Delivered,WH-West,0,Standard
SAL-01624,ORD-00813,1,2024-11-23,2024,2024-11,C006,Sunrise Market,SMB,Retail,Asia Pacific,United Kingdom,P103,Secure Access Kit,Hardware,Security,SKU-P103-2,6,286.46,0,1718.76,1718.76,USD,Direct,R. Kim,154.94,789.09,Wire Transfer,Paid,2024-11-28,2024-12-01,Delivered,WH-Central,0,Standard
SAL-01625,ORD-00813,2,2025-09-12,2025,2025-09,C001,Northstar Retail,Retail,Consumer Goods,North America,Brazil,P107,Support Renewal,Services,Support,SKU-P107-1,14,327.54,0,4585.56,4585.56,USD,Marketplace,J. Chen,170.08,2204.48,Net Terms,Paid,2025-09-22,2025-09-28,Delivered,WH-West,0,Standard
SAL-01626,ORD-00814,1,2025-02-03,2025,2025-02,C006,Sunrise Market,SMB,Retail,Asia Pacific,Brazil,P104,Insight Pro License,Software,Licenses,SKU-P104-2,6,191.13,0.15,1146.78,974.76,USD,Direct,M. Garcia,93.42,414.25,Net Terms,Overdue,2025-02-05,2025-02-11,Delivered,WH-EU,0,Standard
SAL-01627,ORD-00814,2,2024-08-25,2024,2024-08,C003,Harbor Health Group,Enterprise,Healthcare,North America,Canada,P100,Analytics Platform,Software,Analytics,SKU-P100-1,28,989.16,0.1,27696.48,24926.83,USD,Online,J. Chen,481.94,11432.62,Wire Transfer,Pending,2024-08-27,2024-08-29,Delivered,WH-East,0,Standard
SAL-01628,ORD-00815,1,2024-07-16,2024,2024-07,C009,Summit Logistics,Enterprise,Transportation,Asia Pacific,Germany,P100,Analytics Platform,Software,Analytics,SKU-P100-1,13,1003.72,0.05,13048.36,12395.94,USD,Online,M. Garcia,513.28,5723.35,Net Terms,Paid,2024-08-01,2024-08-08,Delivered,WH-East,0,Annual
SAL-01629,ORD-00815,2,2026-09-27,2026,2026-09,C007,Atlas Public Services,Public Sector,Government,North America,United Kingdom,P107,Support Renewal,Services,Support,SKU-P107-1,8,340.63,0.15,2725.04,2316.28,USD,Online,S. Johnson,152.48,1096.45,ACH,Paid,2026-10-13,,Shipped,WH-West,0,Standard
SAL-01630,ORD-00816,1,2023-11-17,2023,2023-11,C004,Cedar & Stone,SMB,Hospitality,Europe,Canada,P107,Support Renewal,Services,Support,SKU-P107-3,3,394.79,0,1184.37,1184.37,USD,Online,J. Chen,214.26,541.58,Net Terms,Pending,2023-11-23,2023-11-28,Delivered,WH-West,0,Annual
SAL-01631,ORD-00816,2,2024-03-23,2024,2024-03,C006,Sunrise Market,SMB,Retail,Asia Pacific,Singapore,P103,Secure Access Kit,Hardware,Security,SKU-P103-4,26,285.54,0.1,7424.04,6681.64,USD,Marketplace,R. Kim,161.15,2491.65,Credit Card,Paid,2024-04-02,2024-04-06,Delivered,WH-West,0,Multi-year
SAL-01632,ORD-00817,1,2026-09-22,2026,2026-09,C005,Vertex Manufacturing,Enterprise,Manufacturing,Europe,Canada,P101,Cloud Data Suite,Software,Cloud,SKU-P101-2,17,770.91,0,13105.47,13105.47,USD,Partner,R. Kim,495.47,4682.52,Wire Transfer,Paid,2026-09-26,2026-09-29,Delivered,WH-Central,0,Annual
SAL-01633,ORD-00817,2,2024-09-22,2024,2024-09,C004,Cedar & Stone,SMB,Hospitality,Europe,Singapore,P103,Secure Access Kit,Hardware,Security,SKU-P103-4,19,264.85,0,5032.15,5032.15,USD,Direct,R. Kim,173.72,1731.46,ACH,Paid,2024-10-04,2024-10-11,Delivered,WH-Central,0,Standard
SAL-01634,ORD-00818,1,2023-01-15,2023,2023-01,C001,Northstar Retail,Retail,Consumer Goods,North America,United Kingdom,P105,Storage Array,Hardware,Storage,SKU-P105-3,21,1221.78,0,25657.38,25657.38,USD,Direct,R. Kim,694.88,11064.97,Wire Transfer,Paid,2023-01-29,2023-02-02,Delivered,WH-West,0,Annual
SAL-01635,ORD-00818,2,2025-02-02,2025,2025-02,C007,Atlas Public Services,Public Sector,Government,North America,Singapore,P101,Cloud Data Suite,Software,Cloud,SKU-P101-2,11,796.18,0.2,8757.98,7006.38,USD,Marketplace,M. Garcia,361.6,3028.73,ACH,Paid,2025-02-16,2025-02-21,Delivered,WH-EU,0,Standard
SAL-01636,ORD-00819,1,2024-01-20,2024,2024-01,C009,Summit Logistics,Enterprise,Transportation,Asia Pacific,Brazil,P101,Cloud Data Suite,Software,Cloud,SKU-P101-4,27,767.67,0.2,20727.09,16581.67,USD,Partner,M. Garcia,449.46,4446.3,Wire Transfer,Paid,2024-02-04,,Processing,WH-West,0,Standard
SAL-01637,ORD-00819,2,2026-08-05,2026,2026-08,C003,Harbor Health Group,Enterprise,Healthcare,North America,Canada,P108,Mobile Scanner,Hardware,Devices,SKU-P108-3,4,190.94,0,763.76,763.76,USD,Direct,R. Kim,100.58,361.45,Wire Transfer,Paid,2026-08-07,2026-08-13,Delivered,WH-East,0,Multi-year
SAL-01638,ORD-00820,1,2023-10-29,2023,2023-10,C007,Atlas Public Services,Public Sector,Government,North America,United Kingdom,P109,Forecasting Add-on,Software,Analytics,SKU-P109-4,33,322.55,0.05,10644.15,10111.94,USD,Direct,S. Johnson,176.95,4272.63,Net Terms,Pending,2023-11-11,2023-11-19,Delivered,WH-West,0,Multi-year
SAL-01639,ORD-00820,2,2025-05-07,2025,2025-05,C006,Sunrise Market,SMB,Retail,Asia Pacific,Germany,P100,Analytics Platform,Software,Analytics,SKU-P100-1,11,1041.61,0.05,11457.71,10884.82,USD,Partner,M. Garcia,592.25,4370.12,Net Terms,Paid,2025-05-08,2025-05-12,Delivered,WH-West,0,Multi-year
SAL-01640,ORD-00821,1,2023-07-20,2023,2023-07,C008,Evergreen Labs,SMB,Healthcare,Europe,Singapore,P100,Analytics Platform,Software,Analytics,SKU-P100-2,1,873.65,0.1,873.65,786.28,USD,Direct,A. Patel,381.3,404.98,ACH,Paid,2023-08-04,,Shipped,WH-East,0,Annual
SAL-01641,ORD-00821,2,2023-10-26,2023,2023-10,C003,Harbor Health Group,Enterprise,Healthcare,North America,Brazil,P104,Insight Pro License,Software,Licenses,SKU-P104-2,11,163.91,0,1803.01,1803.01,USD,Partner,S. Johnson,110.69,585.46,Credit Card,Paid,2023-11-10,2023-11-17,Delivered,WH-Central,0,Standard
SAL-01642,ORD-00822,1,2026-07-01,2026,2026-07,C009,Summit Logistics,Enterprise,Transportation,Asia Pacific,Singapore,P103,Secure Access Kit,Hardware,Security,SKU-P103-3,26,305.34,0.1,7938.84,7144.96,USD,Direct,R. Kim,164.75,2861.37,Credit Card,Paid,2026-07-11,2026-07-17,Delivered,WH-Central,0,Standard
SAL-01643,ORD-00822,2,2023-09-20,2023,2023-09,C005,Vertex Manufacturing,Enterprise,Manufacturing,Europe,Germany,P106,Integration Services,Services,Consulting,SKU-P106-4,10,1441.58,0.05,14415.8,13695.01,USD,Direct,M. Garcia,871.54,4979.65,Credit Card,Paid,2023-09-25,2023-09-28,Delivered,WH-West,0,Annual
SAL-01644,ORD-00823,1,2026-07-18,2026,2026-07,C002,Blue Ridge Systems,Enterprise,Technology,North America,Singapore,P109,Forecasting Add-on,Software,Analytics,SKU-P109-1,9,359.88,0.1,3238.92,2915.03,USD,Marketplace,J. Chen,170.33,1382.07,ACH,Paid,2026-07-22,2026-07-26,Delivered,WH-West,0,Multi-year
SAL-01645,ORD-00823,2,2025-08-07,2025,2025-08,C004,Cedar & Stone,SMB,Hospitality,Europe,Brazil,P102,Edge Gateway,Hardware,Networking,SKU-P102-2,17,432.65,0.1,7355.05,6619.55,USD,Marketplace,J. Chen,288.74,1711.05,ACH,Refunded,2025-08-09,2025-08-15,Delivered,WH-West,0,Multi-year
SAL-01646,ORD-00824,1,2023-12-01,2023,2023-12,C001,Northstar Retail,Retail,Consumer Goods,North America,Germany,P104,Insight Pro License,Software,Licenses,SKU-P104-1,34,168.96,0.1,5744.64,5170.18,USD,Direct,S. Johnson,76.05,2584.48,Wire Transfer,Paid,2023-12-07,,Shipped,WH-West,0,Standard
SAL-01647,ORD-00824,2,2026-05-09,2026,2026-05,C010,Golden Fields Co.,Mid-Market,Agriculture,Latin America,Canada,P108,Mobile Scanner,Hardware,Devices,SKU-P108-2,11,213.42,0.15,2347.62,1995.48,USD,Direct,S. Johnson,99.58,900.15,Credit Card,Paid,2026-05-14,2026-05-19,Delivered,WH-Central,0,Multi-year
SAL-01648,ORD-00825,1,2024-06-20,2024,2024-06,C002,Blue Ridge Systems,Enterprise,Technology,North America,Singapore,P100,Analytics Platform,Software,Analytics,SKU-P100-3,16,973.73,0.1,15579.68,14021.71,USD,Direct,A. Patel,448.01,6853.62,Net Terms,Paid,2024-06-26,2024-07-04,Delivered,WH-West,0,Multi-year
SAL-01649,ORD-00825,2,2025-06-17,2025,2025-06,C006,Sunrise Market,SMB,Retail,Asia Pacific,United States,P101,Cloud Data Suite,Software,Cloud,SKU-P101-4,31,636.22,0.1,19722.82,17750.54,USD,Direct,S. Johnson,363.63,6477.89,Wire Transfer,Paid,2025-06-29,2025-07-03,Delivered,WH-West,0,Standard
SAL-01650,ORD-00826,1,2025-08-25,2025,2025-08,C003,Harbor Health Group,Enterprise,Healthcare,North America,Canada,P107,Support Renewal,Services,Support,SKU-P107-1,19,336.32,0,6390.08,6390.08,USD,Online,J. Chen,166.09,3234.42,Credit Card,Overdue,2025-08-31,2025-09-06,Delivered,WH-West,0,Standard
SAL-01651,ORD-00826,2,2024-11-01,2024,2024-11,C005,Vertex Manufacturing,Enterprise,Manufacturing,Europe,Germany,P106,Integration Services,Services,Consulting,SKU-P106-3,28,1371.87,0,38412.36,38412.36,USD,Partner,M. Garcia,977.62,11038.88,Credit Card,Paid,2024-11-07,2024-11-12,Delivered,WH-West,0,Standard
SAL-01652,ORD-00827,1,2026-09-08,2026,2026-09,C002,Blue Ridge Systems,Enterprise,Technology,North America,United Kingdom,P103,Secure Access Kit,Hardware,Security,SKU-P103-3,8,263.58,0.1,2108.64,1897.78,USD,Partner,R. Kim,146.62,724.84,Credit Card,Paid,2026-09-10,,Shipped,WH-EU,0,Annual
SAL-01653,ORD-00827,2,2024-04-07,2024,2024-04,C001,Northstar Retail,Retail,Consumer Goods,North America,Singapore,P100,Analytics Platform,Software,Analytics,SKU-P100-3,9,943.63,0,8492.67,8492.67,USD,Marketplace,M. Garcia,484.31,4133.92,Wire Transfer,Paid,2024-04-14,2024-04-15,Delivered,WH-Central,0,Annual
SAL-01654,ORD-00828,1,2024-04-04,2024,2024-04,C004,Cedar & Stone,SMB,Hospitality,Europe,Canada,P102,Edge Gateway,Hardware,Networking,SKU-P102-2,19,458.59,0,8713.21,8713.21,USD,Marketplace,R. Kim,306.07,2897.85,ACH,Paid,2024-04-16,2024-04-21,Delivered,WH-EU,0,Annual
SAL-01655,ORD-00828,2,2026-01-30,2026,2026-01,C003,Harbor Health Group,Enterprise,Healthcare,North America,Brazil,P100,Analytics Platform,Software,Analytics,SKU-P100-4,25,932.49,0.2,23312.25,18649.8,USD,Direct,M. Garcia,514.12,5796.89,Wire Transfer,Paid,2026-02-07,2026-02-08,Delivered,WH-Central,0,Standard
SAL-01656,ORD-00829,1,2025-06-26,2025,2025-06,C004,Cedar & Stone,SMB,Hospitality,Europe,Singapore,P102,Edge Gateway,Hardware,Networking,SKU-P102-4,14,423.16,0,5924.24,5924.24,USD,Marketplace,S. Johnson,259.92,2285.38,ACH,Paid,2025-06-28,2025-06-29,Delivered,WH-West,0,Multi-year
SAL-01657,ORD-00829,2,2024-02-01,2024,2024-02,C004,Cedar & Stone,SMB,Hospitality,Europe,United Kingdom,P103,Secure Access Kit,Hardware,Security,SKU-P103-1,25,293.48,0.2,7337.0,5869.6,USD,Partner,A. Patel,168.58,1655.22,Net Terms,Paid,2024-02-02,,Shipped,WH-Central,0,Multi-year
SAL-01658,ORD-00830,1,2024-09-07,2024,2024-09,C007,Atlas Public Services,Public Sector,Government,North America,United Kingdom,P107,Support Renewal,Services,Support,SKU-P107-1,11,358.6,0,3944.6,3944.6,USD,Online,M. Garcia,233.54,1375.66,Net Terms,Paid,2024-09-17,2024-09-23,Delivered,WH-West,0,Multi-year
SAL-01659,ORD-00830,2,2024-02-10,2024,2024-02,C004,Cedar & Stone,SMB,Hospitality,Europe,Germany,P106,Integration Services,Services,Consulting,SKU-P106-2,25,1450.01,0.05,36250.25,34437.74,USD,Direct,A. Patel,881.67,12395.91,Wire Transfer,Pending,2024-02-15,,Cancelled,WH-East,0,Annual
SAL-01660,ORD-00831,1,2026-06-02,2026,2026-06,C005,Vertex Manufacturing,Enterprise,Manufacturing,Europe,United States,P104,Insight Pro License,Software,Licenses,SKU-P104-2,30,199.13,0.15,5973.9,5077.81,USD,Direct,S. Johnson,94.37,2246.66,ACH,Paid,2026-06-07,2026-06-13,Delivered,WH-EU,0,Standard
SAL-01661,ORD-00831,2,2025-01-19,2025,2025-01,C010,Golden Fields Co.,Mid-Market,Agriculture,Latin America,United States,P105,Storage Array,Hardware,Storage,SKU-P105-1,29,1128.21,0,32718.09,32718.09,USD,Marketplace,M. Garcia,615.96,14855.15,ACH,Paid,2025-02-04,2025-02-09,Delivered,WH-East,0,Multi-year
SAL-01662,ORD-00832,1,2024-08-09,2024,2024-08,C005,Vertex Manufacturing,Enterprise,Manufacturing,Europe,Singapore,P108,Mobile Scanner,Hardware,Devices,SKU-P108-4,22,200.44,0.15,4409.68,3748.23,USD,Online,M. Garcia,120.25,1102.64,ACH,Paid,2024-08-25,,Shipped,WH-East,0,Multi-year
SAL-01663,ORD-00832,2,2026-07-09,2026,2026-07,C001,Northstar Retail,Retail,Consumer Goods,North America,Singapore,P104,Insight Pro License,Software,Licenses,SKU-P104-3,19,189.15,0.1,3593.85,3234.47,USD,Direct,A. Patel,86.22,1596.38,Credit Card,Paid,2026-07-15,,Processing,WH-West,0,Standard
SAL-01664,ORD-00833,1,2026-08-10,2026,2026-08,C008,Evergreen Labs,SMB,Healthcare,Europe,Singapore,P102,Edge Gateway,Hardware,Networking,SKU-P102-2,35,408.68,0.2,14303.8,11443.04,USD,Partner,A. Patel,227.78,3470.9,Wire Transfer,Paid,2026-08-16,2026-08-24,Delivered,WH-West,0,Annual
SAL-01665,ORD-00833,2,2026-02-26,2026,2026-02,C010,Golden Fields Co.,Mid-Market,Agriculture,Latin America,Canada,P106,Integration Services,Services,Consulting,SKU-P106-4,35,1659.07,0,58067.45,58067.45,USD,Direct,J. Chen,907.04,26321.21,Credit Card,Paid,2026-03-03,2026-03-10,Delivered,WH-EU,0,Multi-year
SAL-01666,ORD-00834,1,2023-03-31,2023,2023-03,C001,Northstar Retail,Retail,Consumer Goods,North America,Germany,P102,Edge Gateway,Hardware,Networking,SKU-P102-3,30,457.98,0.1,13739.4,12365.46,USD,Marketplace,R. Kim,289.51,3680.25,Credit Card,Paid,2023-04-11,2023-04-18,Delivered,WH-East,0,Annual
SAL-01667,ORD-00834,2,2024-09-18,2024,2024-09,C006,Sunrise Market,SMB,Retail,Asia Pacific,United States,P108,Mobile Scanner,Hardware,Devices,SKU-P108-1,2,206.12,0,412.24,412.24,USD,Partner,A. Patel,151.41,109.43,Wire Transfer,Overdue,2024-09-30,2024-10-02,Delivered,WH-West,0,Standard
SAL-01668,ORD-00835,1,2026-02-07,2026,2026-02,C008,Evergreen Labs,SMB,Healthcare,Europe,Singapore,P109,Forecasting Add-on,Software,Analytics,SKU-P109-3,22,367.78,0.1,8091.16,7282.04,USD,Direct,M. Garcia,161.13,3737.24,Wire Transfer,Paid,2026-02-09,2026-02-15,Delivered,WH-Central,0,Standard
SAL-01669,ORD-00835,2,2025-07-11,2025,2025-07,C003,Harbor Health Group,Enterprise,Healthcare,North America,Singapore,P102,Edge Gateway,Hardware,Networking,SKU-P102-2,34,381.67,0,12976.78,12976.78,USD,Marketplace,J. Chen,247.96,4546.09,ACH,Paid,2025-07-26,,Shipped,WH-Central,0,Annual
SAL-01670,ORD-00836,1,2024-06-20,2024,2024-06,C009,Summit Logistics,Enterprise,Transportation,Asia Pacific,United Kingdom,P103,Secure Access Kit,Hardware,Security,SKU-P103-1,34,270.12,0.1,9184.08,8265.67,USD,Marketplace,J. Chen,133.79,3716.96,Wire Transfer,Paid,2024-06-30,2024-07-08,Delivered,WH-West,0,Standard
SAL-01671,ORD-00836,2,2026-06-27,2026,2026-06,C001,Northstar Retail,Retail,Consumer Goods,North America,Singapore,P101,Cloud Data Suite,Software,Cloud,SKU-P101-2,19,670.77,0.05,12744.63,12107.4,USD,Marketplace,J. Chen,450.89,3540.58,Net Terms,Paid,2026-06-29,,Shipped,WH-Central,0,Standard
SAL-01672,ORD-00837,1,2023-11-10,2023,2023-11,C008,Evergreen Labs,SMB,Healthcare,Europe,Singapore,P104,Insight Pro License,Software,Licenses,SKU-P104-4,14,187.89,0.2,2630.46,2104.37,USD,Partner,R. Kim,91.64,821.34,ACH,Overdue,2023-11-17,2023-11-18,Delivered,WH-West,0,Annual
SAL-01673,ORD-00837,2,2026-07-09,2026,2026-07,C002,Blue Ridge Systems,Enterprise,Technology,North America,Germany,P108,Mobile Scanner,Hardware,Devices,SKU-P108-4,29,211.14,0.05,6123.06,5816.91,USD,Online,M. Garcia,108.17,2679.97,Net Terms,Paid,2026-07-17,,Returned,WH-Central,2,Standard
SAL-01674,ORD-00838,1,2023-03-27,2023,2023-03,C009,Summit Logistics,Enterprise,Transportation,Asia Pacific,Singapore,P109,Forecasting Add-on,Software,Analytics,SKU-P109-1,26,355.58,0.05,9245.08,8782.83,USD,Direct,M. Garcia,168.68,4397.07,Credit Card,Paid,2023-04-04,2023-04-10,Delivered,WH-Central,0,Standard
SAL-01675,ORD-00838,2,2024-08-21,2024,2024-08,C004,Cedar & Stone,SMB,Hospitality,Europe,United Kingdom,P105,Storage Array,Hardware,Storage,SKU-P105-4,6,1102.02,0.1,6612.12,5950.91,USD,Partner,J. Chen,743.27,1491.3,ACH,Pending,2024-08-27,,Shipped,WH-Central,0,Multi-year
SAL-01676,ORD-00839,1,2025-05-02,2025,2025-05,C001,Northstar Retail,Retail,Consumer Goods,North America,Germany,P109,Forecasting Add-on,Software,Analytics,SKU-P109-1,2,291.28,0,582.56,582.56,USD,Direct,J. Chen,192.06,198.44,ACH,Paid,2025-05-07,2025-05-09,Delivered,WH-Central,0,Annual
SAL-01677,ORD-00839,2,2026-01-15,2026,2026-01,C005,Vertex Manufacturing,Enterprise,Manufacturing,Europe,Germany,P100,Analytics Platform,Software,Analytics,SKU-P100-3,14,866.71,0.2,12133.94,9707.15,USD,Direct,M. Garcia,462.5,3232.08,Credit Card,Paid,2026-01-25,2026-01-29,Delivered,WH-East,0,Annual
SAL-01678,ORD-00840,1,2024-10-30,2024,2024-10,C007,Atlas Public Services,Public Sector,Government,North America,Canada,P102,Edge Gateway,Hardware,Networking,SKU-P102-1,10,374.52,0.05,3745.2,3557.94,USD,Partner,M. Garcia,204.78,1510.17,Wire Transfer,Pending,2024-11-12,2024-11-15,Delivered,WH-East,0,Standard
SAL-01679,ORD-00840,2,2023-01-03,2023,2023-01,C005,Vertex Manufacturing,Enterprise,Manufacturing,Europe,Canada,P105,Storage Array,Hardware,Storage,SKU-P105-4,5,1104.96,0.05,5524.8,5248.56,USD,Partner,S. Johnson,738.89,1554.11,ACH,Pending,2023-01-06,,Processing,WH-East,0,Standard
SAL-01680,ORD-00841,1,2025-09-04,2025,2025-09,C006,Sunrise Market,SMB,Retail,Asia Pacific,Canada,P104,Insight Pro License,Software,Licenses,SKU-P104-3,11,200.57,0.15,2206.27,1875.33,USD,Partner,A. Patel,96.13,817.93,ACH,Paid,2025-09-12,2025-09-18,Delivered,WH-East,0,Standard
SAL-01681,ORD-00841,2,2023-08-05,2023,2023-08,C007,Atlas Public Services,Public Sector,Government,North America,Brazil,P104,Insight Pro License,Software,Licenses,SKU-P104-4,24,173.36,0.15,4160.64,3536.54,USD,Direct,R. Kim,99.96,1137.47,ACH,Paid,2023-08-08,2023-08-14,Delivered,WH-Central,0,Standard
SAL-01682,ORD-00842,1,2023-01-14,2023,2023-01,C003,Harbor Health Group,Enterprise,Healthcare,North America,Canada,P108,Mobile Scanner,Hardware,Devices,SKU-P108-4,13,199.36,0.1,2591.68,2332.51,USD,Direct,R. Kim,101.86,1008.28,Credit Card,Paid,2023-01-15,2023-01-16,Delivered,WH-EU,0,Annual
SAL-01683,ORD-00842,2,2025-07-24,2025,2025-07,C005,Vertex Manufacturing,Enterprise,Manufacturing,Europe,United States,P101,Cloud Data Suite,Software,Cloud,SKU-P101-4,34,663.35,0,22553.9,22553.9,USD,Marketplace,R. Kim,500.28,5544.43,Wire Transfer,Paid,2025-08-09,2025-08-15,Delivered,WH-Central,0,Multi-year
SAL-01684,ORD-00843,1,2026-05-09,2026,2026-05,C008,Evergreen Labs,SMB,Healthcare,Europe,Canada,P106,Integration Services,Services,Consulting,SKU-P106-1,20,1608.89,0,32177.8,32177.8,USD,Direct,R. Kim,1146.21,9253.69,Credit Card,Pending,2026-05-10,2026-05-11,Delivered,WH-East,0,Annual
SAL-01685,ORD-00843,2,2023-03-22,2023,2023-03,C007,Atlas Public Services,Public Sector,Government,North America,Singapore,P103,Secure Access Kit,Hardware,Security,SKU-P103-4,9,300.75,0,2706.75,2706.75,USD,Partner,S. Johnson,202.38,885.32,Wire Transfer,Pending,2023-03-27,2023-03-28,Delivered,WH-East,0,Standard
SAL-01686,ORD-00844,1,2026-06-16,2026,2026-06,C010,Golden Fields Co.,Mid-Market,Agriculture,Latin America,Singapore,P101,Cloud Data Suite,Software,Cloud,SKU-P101-4,25,664.38,0.1,16609.5,14948.55,USD,Marketplace,S. Johnson,337.15,6519.88,Net Terms,Paid,2026-06-29,2026-07-07,Delivered,WH-West,0,Multi-year
SAL-01687,ORD-00844,2,2026-04-11,2026,2026-04,C002,Blue Ridge Systems,Enterprise,Technology,North America,Germany,P103,Secure Access Kit,Hardware,Security,SKU-P103-2,7,250.95,0.1,1756.65,1580.99,USD,Online,S. Johnson,133.64,645.48,ACH,Overdue,2026-04-18,2026-04-21,Delivered,WH-East,0,Annual
SAL-01688,ORD-00845,1,2024-10-21,2024,2024-10,C008,Evergreen Labs,SMB,Healthcare,Europe,United Kingdom,P101,Cloud Data Suite,Software,Cloud,SKU-P101-1,18,728.19,0.15,13107.42,11141.31,USD,Online,A. Patel,354.91,4752.9,Net Terms,Refunded,2024-10-26,2024-10-29,Delivered,WH-EU,0,Multi-year
SAL-01689,ORD-00845,2,2024-09-30,2024,2024-09,C005,Vertex Manufacturing,Enterprise,Manufacturing,Europe,Singapore,P109,Forecasting Add-on,Software,Analytics,SKU-P109-4,30,333.14,0.15,9994.2,8495.07,USD,Marketplace,J. Chen,214.93,2047.13,ACH,Paid,2024-10-15,,Processing,WH-East,0,Annual
SAL-01690,ORD-00846,1,2023-06-12,2023,2023-06,C004,Cedar & Stone,SMB,Hospitality,Europe,United States,P108,Mobile Scanner,Hardware,Devices,SKU-P108-3,3,204.43,0,613.29,613.29,USD,Partner,S. Johnson,119.57,254.58,Net Terms,Paid,2023-06-24,2023-06-30,Delivered,WH-EU,0,Standard
SAL-01691,ORD-00846,2,2026-10-05,2026,2026-10,C009,Summit Logistics,Enterprise,Transportation,Asia Pacific,United States,P106,Integration Services,Services,Consulting,SKU-P106-3,30,1463.56,0.1,43906.8,39516.12,USD,Direct,J. Chen,712.14,18151.96,ACH,Paid,2026-10-13,2026-10-14,Delivered,WH-West,0,Multi-year
SAL-01692,ORD-00847,1,2024-09-10,2024,2024-09,C009,Summit Logistics,Enterprise,Transportation,Asia Pacific,United Kingdom,P107,Support Renewal,Services,Support,SKU-P107-4,1,329.42,0.1,329.42,296.48,USD,Partner,J. Chen,183.01,113.47,Wire Transfer,Paid,2024-09-20,2024-09-28,Delivered,WH-Central,0,Multi-year
SAL-01693,ORD-00847,2,2024-10-08,2024,2024-10,C003,Harbor Health Group,Enterprise,Healthcare,North America,Brazil,P101,Cloud Data Suite,Software,Cloud,SKU-P101-3,1,795.55,0.05,795.55,755.77,USD,Partner,M. Garcia,518.44,237.33,ACH,Paid,2024-10-17,2024-10-21,Delivered,WH-East,0,Standard
SAL-01694,ORD-00848,1,2024-09-22,2024,2024-09,C004,Cedar & Stone,SMB,Hospitality,Europe,Singapore,P104,Insight Pro License,Software,Licenses,SKU-P104-4,21,163.19,0,3426.99,3426.99,USD,Marketplace,J. Chen,108.18,1155.16,Credit Card,Paid,2024-10-05,2024-10-08,Delivered,WH-East,0,Annual
SAL-01695,ORD-00848,2,2026-09-03,2026,2026-09,C002,Blue Ridge Systems,Enterprise,Technology,North America,United Kingdom,P102,Edge Gateway,Hardware,Networking,SKU-P102-3,8,400.04,0,3200.32,3200.32,USD,Marketplace,R. Kim,214.58,1483.68,Credit Card,Refunded,2026-09-12,,Cancelled,WH-EU,0,Annual
SAL-01696,ORD-00849,1,2025-10-10,2025,2025-10,C008,Evergreen Labs,SMB,Healthcare,Europe,Singapore,P102,Edge Gateway,Hardware,Networking,SKU-P102-3,35,364.97,0,12773.95,12773.95,USD,Direct,S. Johnson,179.44,6493.7,Wire Transfer,Paid,2025-10-11,,Processing,WH-West,0,Multi-year
SAL-01697,ORD-00849,2,2025-10-23,2025,2025-10,C008,Evergreen Labs,SMB,Healthcare,Europe,Brazil,P104,Insight Pro License,Software,Licenses,SKU-P104-4,17,165.02,0,2805.34,2805.34,USD,Partner,S. Johnson,102.41,1064.29,Wire Transfer,Refunded,2025-10-30,2025-11-01,Delivered,WH-EU,0,Standard
SAL-01698,ORD-00850,1,2025-07-18,2025,2025-07,C004,Cedar & Stone,SMB,Hospitality,Europe,Canada,P107,Support Renewal,Services,Support,SKU-P107-4,7,371.02,0.1,2597.14,2337.43,USD,Online,S. Johnson,183.72,1051.39,Wire Transfer,Paid,2025-07-25,,Cancelled,WH-East,0,Multi-year
SAL-01699,ORD-00850,2,2026-05-07,2026,2026-05,C003,Harbor Health Group,Enterprise,Healthcare,North America,Canada,P107,Support Renewal,Services,Support,SKU-P107-3,20,385.52,0,7710.4,7710.4,USD,Marketplace,M. Garcia,235.29,3004.53,Credit Card,Overdue,2026-05-13,2026-05-19,Delivered,WH-West,0,Annual
SAL-01700,ORD-00851,1,2025-05-11,2025,2025-05,C006,Sunrise Market,SMB,Retail,Asia Pacific,United Kingdom,P104,Insight Pro License,Software,Licenses,SKU-P104-4,18,167.86,0.05,3021.48,2870.41,USD,Direct,A. Patel,83.32,1370.58,ACH,Paid,2025-05-12,2025-05-19,Delivered,WH-West,0,Multi-year
SAL-01701,ORD-00851,2,2024-03-19,2024,2024-03,C009,Summit Logistics,Enterprise,Transportation,Asia Pacific,United States,P103,Secure Access Kit,Hardware,Security,SKU-P103-4,17,261.31,0,4442.27,4442.27,USD,Marketplace,S. Johnson,171.49,1526.99,Wire Transfer,Paid,2024-03-24,2024-03-27,Delivered,WH-Central,0,Standard
SAL-01702,ORD-00852,1,2024-11-01,2024,2024-11,C003,Harbor Health Group,Enterprise,Healthcare,North America,Canada,P105,Storage Array,Hardware,Storage,SKU-P105-3,16,1149.64,0.1,18394.24,16554.82,USD,Marketplace,J. Chen,524.41,8164.25,Wire Transfer,Pending,2024-11-03,2024-11-11,Delivered,WH-East,0,Annual
SAL-01703,ORD-00852,2,2024-08-04,2024,2024-08,C005,Vertex Manufacturing,Enterprise,Manufacturing,Europe,Singapore,P108,Mobile Scanner,Hardware,Devices,SKU-P108-4,4,202.87,0.1,811.48,730.33,USD,Marketplace,S. Johnson,137.84,178.96,Net Terms,Overdue,2024-08-13,,Returned,WH-West,4,Standard
SAL-01704,ORD-00853,1,2024-04-08,2024,2024-04,C001,Northstar Retail,Retail,Consumer Goods,North America,Singapore,P103,Secure Access Kit,Hardware,Security,SKU-P103-2,33,296.81,0,9794.73,9794.73,USD,Partner,A. Patel,182.3,3778.91,Net Terms,Paid,2024-04-17,2024-04-20,Delivered,WH-EU,0,Multi-year
SAL-01705,ORD-00853,2,2025-06-26,2025,2025-06,C003,Harbor Health Group,Enterprise,Healthcare,North America,Germany,P102,Edge Gateway,Hardware,Networking,SKU-P102-1,1,363.41,0.1,363.41,327.07,USD,Online,S. Johnson,246.71,80.36,Wire Transfer,Pending,2025-07-10,2025-07-16,Delivered,WH-EU,0,Multi-year
SAL-01706,ORD-00854,1,2024-11-19,2024,2024-11,C002,Blue Ridge Systems,Enterprise,Technology,North America,Singapore,P108,Mobile Scanner,Hardware,Devices,SKU-P108-1,26,193.45,0.05,5029.7,4778.21,USD,Marketplace,J. Chen,114.69,1796.4,Net Terms,Paid,2024-11-30,2024-12-06,Delivered,WH-Central,0,Multi-year
SAL-01707,ORD-00854,2,2023-05-25,2023,2023-05,C002,Blue Ridge Systems,Enterprise,Technology,North America,Canada,P102,Edge Gateway,Hardware,Networking,SKU-P102-4,25,416.8,0.1,10420.0,9378.0,USD,Direct,J. Chen,219.97,3878.7,Wire Transfer,Paid,2023-06-07,2023-06-12,Delivered,WH-EU,0,Annual
SAL-01708,ORD-00855,1,2025-04-26,2025,2025-04,C009,Summit Logistics,Enterprise,Transportation,Asia Pacific,Canada,P109,Forecasting Add-on,Software,Analytics,SKU-P109-1,10,366.98,0.1,3669.8,3302.82,USD,Marketplace,R. Kim,160.81,1694.74,Net Terms,Paid,2025-05-05,,Cancelled,WH-EU,0,Multi-year
SAL-01709,ORD-00855,2,2024-07-10,2024,2024-07,C003,Harbor Health Group,Enterprise,Healthcare,North America,United Kingdom,P102,Edge Gateway,Hardware,Networking,SKU-P102-3,14,388.05,0.15,5432.7,4617.8,USD,Online,A. Patel,200.74,1807.4,Net Terms,Paid,2024-07-17,,Processing,WH-East,0,Standard
SAL-01710,ORD-00856,1,2023-09-29,2023,2023-09,C002,Blue Ridge Systems,Enterprise,Technology,North America,Canada,P108,Mobile Scanner,Hardware,Devices,SKU-P108-2,16,206.25,0,3300.0,3300.0,USD,Marketplace,J. Chen,131.4,1197.56,Net Terms,Paid,2023-09-30,2023-10-04,Delivered,WH-Central,0,Multi-year
SAL-01711,ORD-00856,2,2025-06-26,2025,2025-06,C005,Vertex Manufacturing,Enterprise,Manufacturing,Europe,Germany,P108,Mobile Scanner,Hardware,Devices,SKU-P108-2,16,208.72,0,3339.52,3339.52,USD,Online,A. Patel,104.58,1666.32,Wire Transfer,Paid,2025-07-10,2025-07-11,Delivered,WH-Central,0,Standard
SAL-01712,ORD-00857,1,2023-03-20,2023,2023-03,C006,Sunrise Market,SMB,Retail,Asia Pacific,Canada,P105,Storage Array,Hardware,Storage,SKU-P105-3,7,1115.66,0.05,7809.62,7419.14,USD,Online,R. Kim,758.55,2109.26,ACH,Paid,2023-03-31,,Shipped,WH-West,0,Multi-year
SAL-01713,ORD-00857,2,2026-01-10,2026,2026-01,C007,Atlas Public Services,Public Sector,Government,North America,United Kingdom,P101,Cloud Data Suite,Software,Cloud,SKU-P101-1,3,779.64,0.15,2338.92,1988.08,USD,Online,R. Kim,319.8,1028.68,Wire Transfer,Pending,2026-01-11,2026-01-12,Delivered,WH-EU,0,Annual
SAL-01714,ORD-00858,1,2026-04-17,2026,2026-04,C009,Summit Logistics,Enterprise,Transportation,Asia Pacific,Singapore,P102,Edge Gateway,Hardware,Networking,SKU-P102-2,15,442.14,0.1,6632.1,5968.89,USD,Partner,A. Patel,236.65,2419.13,Wire Transfer,Paid,2026-05-03,,Returned,WH-Central,12,Standard
SAL-01715,ORD-00858,2,2025-02-13,2025,2025-02,C006,Sunrise Market,SMB,Retail,Asia Pacific,Canada,P102,Edge Gateway,Hardware,Networking,SKU-P102-3,23,427.54,0.1,9833.42,8850.08,USD,Partner,J. Chen,217.16,3855.47,Net Terms,Paid,2025-02-20,,Shipped,WH-East,0,Standard
SAL-01716,ORD-00859,1,2024-10-06,2024,2024-10,C002,Blue Ridge Systems,Enterprise,Technology,North America,United Kingdom,P109,Forecasting Add-on,Software,Analytics,SKU-P109-2,28,343.7,0.2,9623.6,7698.88,USD,Direct,A. Patel,194.73,2246.39,Net Terms,Paid,2024-10-13,2024-10-14,Delivered,WH-East,0,Standard
SAL-01717,ORD-00859,2,2024-10-24,2024,2024-10,C005,Vertex Manufacturing,Enterprise,Manufacturing,Europe,Brazil,P107,Support Renewal,Services,Support,SKU-P107-3,14,385.61,0.15,5398.54,4588.76,USD,Direct,S. Johnson,247.61,1122.18,Net Terms,Pending,2024-11-08,,Cancelled,WH-EU,0,Multi-year
SAL-01718,ORD-00860,1,2023-05-14,2023,2023-05,C001,Northstar Retail,Retail,Consumer Goods,North America,Germany,P101,Cloud Data Suite,Software,Cloud,SKU-P101-4,23,723.66,0.1,16644.18,14979.76,USD,Online,R. Kim,431.27,5060.53,Credit Card,Paid,2023-05-16,2023-05-21,Delivered,WH-West,0,Annual
SAL-01719,ORD-00860,2,2026-03-21,2026,2026-03,C008,Evergreen Labs,SMB,Healthcare,Europe,United Kingdom,P102,Edge Gateway,Hardware,Networking,SKU-P102-3,34,402.11,0.1,13671.74,12304.57,USD,Direct,A. Patel,235.98,4281.1,Net Terms,Pending,2026-03-25,2026-03-28,Delivered,WH-West,0,Standard
SAL-01720,ORD-00861,1,2026-03-18,2026,2026-03,C005,Vertex Manufacturing,Enterprise,Manufacturing,Europe,Brazil,P100,Analytics Platform,Software,Analytics,SKU-P100-2,11,1015.45,0.1,11169.95,10052.96,USD,Online,A. Patel,667.38,2711.8,Net Terms,Pending,2026-03-30,2026-04-06,Delivered,WH-West,0,Standard
SAL-01721,ORD-00861,2,2024-11-14,2024,2024-11,C003,Harbor Health Group,Enterprise,Healthcare,North America,Singapore,P108,Mobile Scanner,Hardware,Devices,SKU-P108-2,13,214.9,0.1,2793.7,2514.33,USD,Direct,J. Chen,102.39,1183.27,Credit Card,Paid,2024-11-25,2024-12-01,Delivered,WH-East,0,Standard
SAL-01722,ORD-00862,1,2026-07-17,2026,2026-07,C009,Summit Logistics,Enterprise,Transportation,Asia Pacific,Canada,P108,Mobile Scanner,Hardware,Devices,SKU-P108-2,11,197.31,0.15,2170.41,1844.85,USD,Partner,R. Kim,102.3,719.53,Wire Transfer,Overdue,2026-07-29,2026-08-05,Delivered,WH-Central,0,Annual
SAL-01723,ORD-00862,2,2023-11-15,2023,2023-11,C002,Blue Ridge Systems,Enterprise,Technology,North America,Brazil,P102,Edge Gateway,Hardware,Networking,SKU-P102-4,28,454.18,0,12717.04,12717.04,USD,Online,R. Kim,235.76,6115.71,Wire Transfer,Paid,2023-11-23,2023-11-30,Delivered,WH-East,0,Standard
SAL-01724,ORD-00863,1,2025-04-28,2025,2025-04,C002,Blue Ridge Systems,Enterprise,Technology,North America,Brazil,P100,Analytics Platform,Software,Analytics,SKU-P100-1,5,942.07,0.05,4710.35,4474.83,USD,Partner,S. Johnson,577.2,1588.82,Net Terms,Overdue,2025-05-13,2025-05-21,Delivered,WH-EU,0,Multi-year
SAL-01725,ORD-00863,2,2023-06-23,2023,2023-06,C009,Summit Logistics,Enterprise,Transportation,Asia Pacific,United States,P108,Mobile Scanner,Hardware,Devices,SKU-P108-3,9,202.38,0.05,1821.42,1730.35,USD,Partner,J. Chen,99.48,835.04,ACH,Overdue,2023-06-25,2023-06-30,Delivered,WH-Central,0,Standard
SAL-01726,ORD-00864,1,2026-02-07,2026,2026-02,C002,Blue Ridge Systems,Enterprise,Technology,North America,Germany,P108,Mobile Scanner,Hardware,Devices,SKU-P108-2,14,188.53,0.15,2639.42,2243.51,USD,Partner,M. Garcia,113.95,648.28,Credit Card,Overdue,2026-02-18,2026-02-23,Delivered,WH-East,0,Multi-year
SAL-01727,ORD-00864,2,2023-02-04,2023,2023-02,C007,Atlas Public Services,Public Sector,Government,North America,Canada,P107,Support Renewal,Services,Support,SKU-P107-4,18,398.94,0.1,7180.92,6462.83,USD,Marketplace,S. Johnson,186.45,3106.81,Credit Card,Paid,2023-02-12,2023-02-18,Delivered,WH-EU,0,Multi-year
SAL-01728,ORD-00865,1,2025-09-11,2025,2025-09,C006,Sunrise Market,SMB,Retail,Asia Pacific,United Kingdom,P100,Analytics Platform,Software,Analytics,SKU-P100-1,10,912.12,0.15,9121.2,7753.02,USD,Partner,A. Patel,453.79,3215.17,Wire Transfer,Paid,2025-09-26,2025-09-29,Delivered,WH-East,0,Multi-year
SAL-01729,ORD-00865,2,2026-07-07,2026,2026-07,C002,Blue Ridge Systems,Enterprise,Technology,North America,Canada,P109,Forecasting Add-on,Software,Analytics,SKU-P109-3,3,294.1,0.05,882.3,838.18,USD,Partner,R. Kim,184.81,283.74,ACH,Overdue,2026-07-19,2026-07-21,Delivered,WH-EU,0,Multi-year
SAL-01730,ORD-00866,1,2023-01-17,2023,2023-01,C010,Golden Fields Co.,Mid-Market,Agriculture,Latin America,Brazil,P108,Mobile Scanner,Hardware,Devices,SKU-P108-2,35,206.89,0.05,7241.15,6879.09,USD,Marketplace,J. Chen,110.86,2998.87,ACH,Overdue,2023-01-19,2023-01-27,Delivered,WH-West,0,Standard
SAL-01731,ORD-00866,2,2025-05-27,2025,2025-05,C009,Summit Logistics,Enterprise,Transportation,Asia Pacific,Canada,P102,Edge Gateway,Hardware,Networking,SKU-P102-2,33,445.01,0.15,14685.33,12482.53,USD,Online,S. Johnson,281.49,3193.45,ACH,Paid,2025-05-30,,Shipped,WH-West,0,Standard
SAL-01732,ORD-00867,1,2024-06-07,2024,2024-06,C009,Summit Logistics,Enterprise,Transportation,Asia Pacific,Germany,P102,Edge Gateway,Hardware,Networking,SKU-P102-4,10,406.06,0.1,4060.6,3654.54,USD,Direct,M. Garcia,256.89,1085.67,Wire Transfer,Refunded,2024-06-17,,Returned,WH-East,7,Annual
SAL-01733,ORD-00867,2,2025-11-05,2025,2025-11,C005,Vertex Manufacturing,Enterprise,Manufacturing,Europe,Singapore,P101,Cloud Data Suite,Software,Cloud,SKU-P101-4,5,690.16,0.1,3450.8,3105.72,USD,Marketplace,R. Kim,452.41,843.65,Wire Transfer,Paid,2025-11-06,2025-11-14,Delivered,WH-Central,0,Standard
SAL-01734,ORD-00868,1,2025-05-21,2025,2025-05,C005,Vertex Manufacturing,Enterprise,Manufacturing,Europe,United States,P102,Edge Gateway,Hardware,Networking,SKU-P102-4,11,455.58,0.1,5011.38,4510.24,USD,Online,M. Garcia,299.13,1219.82,Wire Transfer,Paid,2025-05-28,,Returned,WH-Central,4,Annual
SAL-01735,ORD-00868,2,2024-07-05,2024,2024-07,C009,Summit Logistics,Enterprise,Transportation,Asia Pacific,Brazil,P109,Forecasting Add-on,Software,Analytics,SKU-P109-4,9,358.63,0,3227.67,3227.67,USD,Online,M. Garcia,228.48,1171.31,ACH,Paid,2024-07-11,,Cancelled,WH-Central,0,Annual
SAL-01736,ORD-00869,1,2023-06-07,2023,2023-06,C008,Evergreen Labs,SMB,Healthcare,Europe,Canada,P105,Storage Array,Hardware,Storage,SKU-P105-1,28,1235.87,0.1,34604.36,31143.92,USD,Partner,A. Patel,711.78,11214.13,Net Terms,Paid,2023-06-10,,Processing,WH-East,0,Multi-year
SAL-01737,ORD-00869,2,2023-07-13,2023,2023-07,C008,Evergreen Labs,SMB,Healthcare,Europe,Germany,P102,Edge Gateway,Hardware,Networking,SKU-P102-2,3,364.62,0.15,1093.86,929.78,USD,Partner,A. Patel,186.47,370.36,ACH,Pending,2023-07-21,2023-07-24,Delivered,WH-EU,0,Multi-year
SAL-01738,ORD-00870,1,2026-09-01,2026,2026-09,C003,Harbor Health Group,Enterprise,Healthcare,North America,Singapore,P103,Secure Access Kit,Hardware,Security,SKU-P103-2,17,263.28,0,4475.76,4475.76,USD,Online,R. Kim,196.65,1132.63,ACH,Overdue,2026-09-16,2026-09-17,Delivered,WH-EU,0,Standard
SAL-01739,ORD-00870,2,2024-04-27,2024,2024-04,C003,Harbor Health Group,Enterprise,Healthcare,North America,United Kingdom,P104,Insight Pro License,Software,Licenses,SKU-P104-1,5,175.38,0.1,876.9,789.21,USD,Partner,J. Chen,89.04,343.99,Credit Card,Paid,2024-05-06,2024-05-08,Delivered,WH-Central,0,Standard
SAL-01740,ORD-00871,1,2024-04-20,2024,2024-04,C005,Vertex Manufacturing,Enterprise,Manufacturing,Europe,Brazil,P106,Integration Services,Services,Consulting,SKU-P106-3,8,1394.19,0,11153.52,11153.52,USD,Partner,S. Johnson,889.2,4039.91,Net Terms,Paid,2024-05-06,2024-05-12,Delivered,WH-Central,0,Standard
SAL-01741,ORD-00871,2,2024-01-06,2024,2024-01,C007,Atlas Public Services,Public Sector,Government,North America,Germany,P101,Cloud Data Suite,Software,Cloud,SKU-P101-4,29,686.12,0.1,19897.48,17907.73,USD,Direct,M. Garcia,383.56,6784.43,Wire Transfer,Paid,2024-01-18,,Shipped,WH-West,0,Standard
SAL-01742,ORD-00872,1,2024-12-17,2024,2024-12,C007,Atlas Public Services,Public Sector,Government,North America,United States,P107,Support Renewal,Services,Support,SKU-P107-2,24,385.14,0.15,9243.36,7856.86,USD,Marketplace,S. Johnson,238.62,2129.87,ACH,Overdue,2024-12-31,2025-01-06,Delivered,WH-East,0,Multi-year
SAL-01743,ORD-00872,2,2024-04-05,2024,2024-04,C008,Evergreen Labs,SMB,Healthcare,Europe,Canada,P103,Secure Access Kit,Hardware,Security,SKU-P103-2,30,277.09,0.05,8312.7,7897.07,USD,Direct,S. Johnson,166.63,2898.1,Wire Transfer,Refunded,2024-04-12,2024-04-20,Delivered,WH-EU,0,Annual
SAL-01744,ORD-00873,1,2025-01-07,2025,2025-01,C009,Summit Logistics,Enterprise,Transportation,Asia Pacific,United States,P108,Mobile Scanner,Hardware,Devices,SKU-P108-2,4,200.67,0.1,802.68,722.41,USD,Online,A. Patel,99.1,326.02,Credit Card,Paid,2025-01-08,2025-01-11,Delivered,WH-EU,0,Multi-year
SAL-01745,ORD-00873,2,2023-04-18,2023,2023-04,C005,Vertex Manufacturing,Enterprise,Manufacturing,Europe,United Kingdom,P107,Support Renewal,Services,Support,SKU-P107-3,35,394.37,0.15,13802.95,11732.51,USD,Partner,J. Chen,243.37,3214.62,Net Terms,Paid,2023-05-02,2023-05-04,Delivered,WH-Central,0,Multi-year
SAL-01746,ORD-00874,1,2024-03-29,2024,2024-03,C006,Sunrise Market,SMB,Retail,Asia Pacific,United Kingdom,P104,Insight Pro License,Software,Licenses,SKU-P104-4,33,160.43,0,5294.19,5294.19,USD,Direct,A. Patel,101.69,1938.48,Credit Card,Paid,2024-04-01,2024-04-05,Delivered,WH-Central,0,Annual
SAL-01747,ORD-00874,2,2025-10-18,2025,2025-10,C004,Cedar & Stone,SMB,Hospitality,Europe,Germany,P104,Insight Pro License,Software,Licenses,SKU-P104-2,17,161.14,0,2739.38,2739.38,USD,Direct,M. Garcia,90.49,1201.05,Net Terms,Paid,2025-10-30,2025-11-03,Delivered,WH-Central,0,Annual
SAL-01748,ORD-00875,1,2026-01-30,2026,2026-01,C003,Harbor Health Group,Enterprise,Healthcare,North America,Singapore,P100,Analytics Platform,Software,Analytics,SKU-P100-2,14,866.49,0,12130.86,12130.86,USD,Online,R. Kim,587.96,3899.37,Wire Transfer,Paid,2026-02-08,,Returned,WH-West,6,Multi-year
SAL-01749,ORD-00875,2,2026-08-26,2026,2026-08,C007,Atlas Public Services,Public Sector,Government,North America,United Kingdom,P107,Support Renewal,Services,Support,SKU-P107-4,14,389.27,0.2,5449.78,4359.82,USD,Marketplace,S. Johnson,175.65,1900.79,ACH,Paid,2026-09-10,2026-09-16,Delivered,WH-West,0,Multi-year
SAL-01750,ORD-00876,1,2025-04-15,2025,2025-04,C010,Golden Fields Co.,Mid-Market,Agriculture,Latin America,United States,P109,Forecasting Add-on,Software,Analytics,SKU-P109-2,17,298.05,0,5066.85,5066.85,USD,Online,M. Garcia,215.97,1395.36,Net Terms,Paid,2025-04-30,2025-05-06,Delivered,WH-West,0,Annual
SAL-01751,ORD-00876,2,2024-07-12,2024,2024-07,C009,Summit Logistics,Enterprise,Transportation,Asia Pacific,United States,P109,Forecasting Add-on,Software,Analytics,SKU-P109-1,1,315.57,0.1,315.57,284.01,USD,Online,J. Chen,206.66,77.35,Credit Card,Paid,2024-07-18,2024-07-21,Delivered,WH-EU,0,Standard
SAL-01752,ORD-00877,1,2024-05-06,2024,2024-05,C010,Golden Fields Co.,Mid-Market,Agriculture,Latin America,United States,P106,Integration Services,Services,Consulting,SKU-P106-1,28,1554.16,0.05,43516.48,41340.66,USD,Direct,S. Johnson,869.84,16985.21,Credit Card,Paid,2024-05-16,2024-05-20,Delivered,WH-West,0,Annual
SAL-01753,ORD-00877,2,2023-06-14,2023,2023-06,C001,Northstar Retail,Retail,Consumer Goods,North America,Canada,P106,Integration Services,Services,Consulting,SKU-P106-4,12,1630.11,0.05,19561.32,18583.25,USD,Partner,J. Chen,753.89,9536.61,ACH,Paid,2023-06-18,2023-06-26,Delivered,WH-East,0,Multi-year
SAL-01754,ORD-00878,1,2023-10-07,2023,2023-10,C009,Summit Logistics,Enterprise,Transportation,Asia Pacific,Germany,P103,Secure Access Kit,Hardware,Security,SKU-P103-1,29,262.9,0.05,7624.1,7242.9,USD,Marketplace,R. Kim,178.65,2062.01,ACH,Paid,2023-10-08,2023-10-09,Delivered,WH-West,0,Standard
SAL-01755,ORD-00878,2,2025-07-22,2025,2025-07,C002,Blue Ridge Systems,Enterprise,Technology,North America,United Kingdom,P106,Integration Services,Services,Consulting,SKU-P106-1,25,1420.15,0.15,35503.75,30178.19,USD,Direct,J. Chen,732.17,11874.05,Credit Card,Overdue,2025-08-02,2025-08-07,Delivered,WH-EU,0,Annual
SAL-01756,ORD-00879,1,2024-06-27,2024,2024-06,C010,Golden Fields Co.,Mid-Market,Agriculture,Latin America,Canada,P103,Secure Access Kit,Hardware,Security,SKU-P103-2,12,289.37,0.1,3472.44,3125.2,USD,Online,R. Kim,149.99,1325.28,Wire Transfer,Pending,2024-07-11,2024-07-14,Delivered,WH-Central,0,Annual
SAL-01757,ORD-00879,2,2025-10-30,2025,2025-10,C002,Blue Ridge Systems,Enterprise,Technology,North America,Germany,P108,Mobile Scanner,Hardware,Devices,SKU-P108-4,27,203.53,0.1,5495.31,4945.78,USD,Marketplace,M. Garcia,136.66,1256.08,Credit Card,Overdue,2025-11-11,,Shipped,WH-East,0,Standard
SAL-01758,ORD-00880,1,2024-06-18,2024,2024-06,C003,Harbor Health Group,Enterprise,Healthcare,North America,Singapore,P107,Support Renewal,Services,Support,SKU-P107-4,1,351.78,0.05,351.78,334.19,USD,Partner,S. Johnson,198.45,135.74,Credit Card,Paid,2024-06-27,2024-07-04,Delivered,WH-Central,0,Multi-year
SAL-01759,ORD-00880,2,2024-10-05,2024,2024-10,C008,Evergreen Labs,SMB,Healthcare,Europe,United Kingdom,P101,Cloud Data Suite,Software,Cloud,SKU-P101-3,2,673.01,0.15,1346.02,1144.12,USD,Direct,A. Patel,288.28,567.56,Net Terms,Paid,2024-10-14,2024-10-18,Delivered,WH-East,0,Multi-year
SAL-01760,ORD-00881,1,2024-07-16,2024,2024-07,C002,Blue Ridge Systems,Enterprise,Technology,North America,United States,P106,Integration Services,Services,Consulting,SKU-P106-3,34,1512.31,0.1,51418.54,46276.69,USD,Partner,M. Garcia,659.79,23843.67,ACH,Pending,2024-07-21,2024-07-28,Delivered,WH-East,0,Multi-year
SAL-01761,ORD-00881,2,2025-07-23,2025,2025-07,C004,Cedar & Stone,SMB,Hospitality,Europe,Brazil,P106,Integration Services,Services,Consulting,SKU-P106-4,7,1641.98,0.2,11493.86,9195.09,USD,Direct,R. Kim,783.1,3713.38,Wire Transfer,Paid,2025-07-26,2025-08-03,Delivered,WH-EU,0,Standard
SAL-01762,ORD-00882,1,2023-10-09,2023,2023-10,C001,Northstar Retail,Retail,Consumer Goods,North America,Canada,P100,Analytics Platform,Software,Analytics,SKU-P100-1,12,924.45,0,11093.4,11093.4,USD,Marketplace,J. Chen,491.56,5194.71,Credit Card,Pending,2023-10-13,2023-10-20,Delivered,WH-EU,0,Multi-year
SAL-01763,ORD-00882,2,2024-09-10,2024,2024-09,C001,Northstar Retail,Retail,Consumer Goods,North America,Brazil,P100,Analytics Platform,Software,Analytics,SKU-P100-1,1,1057.27,0.1,1057.27,951.54,USD,Marketplace,M. Garcia,588.83,362.71,Credit Card,Paid,2024-09-14,,Returned,WH-West,1,Multi-year
SAL-01764,ORD-00883,1,2024-04-26,2024,2024-04,C008,Evergreen Labs,SMB,Healthcare,Europe,Singapore,P106,Integration Services,Services,Consulting,SKU-P106-3,1,1596.76,0.05,1596.76,1516.92,USD,Partner,M. Garcia,932.62,584.3,Net Terms,Pending,2024-05-12,2024-05-16,Delivered,WH-Central,0,Multi-year
SAL-01765,ORD-00883,2,2025-06-28,2025,2025-06,C002,Blue Ridge Systems,Enterprise,Technology,North America,Germany,P100,Analytics Platform,Software,Analytics,SKU-P100-3,32,880.8,0.1,28185.6,25367.04,USD,Direct,M. Garcia,586.6,6595.82,Credit Card,Paid,2025-07-01,,Shipped,WH-EU,0,Annual
SAL-01766,ORD-00884,1,2023-03-23,2023,2023-03,C006,Sunrise Market,SMB,Retail,Asia Pacific,United Kingdom,P108,Mobile Scanner,Hardware,Devices,SKU-P108-2,2,172.82,0.05,345.64,328.36,USD,Direct,A. Patel,105.97,116.43,Credit Card,Overdue,2023-04-08,2023-04-09,Delivered,WH-East,0,Annual
SAL-01767,ORD-00884,2,2026-04-02,2026,2026-04,C008,Evergreen Labs,SMB,Healthcare,Europe,Singapore,P107,Support Renewal,Services,Support,SKU-P107-1,15,348.16,0.15,5222.4,4439.04,USD,Partner,J. Chen,193.81,1531.94,Net Terms,Paid,2026-04-11,2026-04-15,Delivered,WH-EU,0,Standard
SAL-01768,ORD-00885,1,2026-01-04,2026,2026-01,C007,Atlas Public Services,Public Sector,Government,North America,United States,P102,Edge Gateway,Hardware,Networking,SKU-P102-3,14,426.75,0,5974.5,5974.5,USD,Online,S. Johnson,213.28,2988.57,Wire Transfer,Paid,2026-01-07,2026-01-14,Delivered,WH-Central,0,Standard
SAL-01769,ORD-00885,2,2023-11-26,2023,2023-11,C009,Summit Logistics,Enterprise,Transportation,Asia Pacific,Brazil,P108,Mobile Scanner,Hardware,Devices,SKU-P108-4,32,202.58,0,6482.56,6482.56,USD,Online,M. Garcia,101.44,3236.38,ACH,Pending,2023-12-04,2023-12-06,Delivered,WH-West,0,Multi-year
SAL-01770,ORD-00886,1,2026-05-17,2026,2026-05,C003,Harbor Health Group,Enterprise,Healthcare,North America,United States,P104,Insight Pro License,Software,Licenses,SKU-P104-2,21,176.61,0,3708.81,3708.81,USD,Marketplace,J. Chen,117.03,1251.18,Credit Card,Paid,2026-05-29,2026-06-05,Delivered,WH-East,0,Standard
SAL-01771,ORD-00886,2,2023-06-16,2023,2023-06,C004,Cedar & Stone,SMB,Hospitality,Europe,Canada,P104,Insight Pro License,Software,Licenses,SKU-P104-3,4,165.77,0.05,663.08,629.93,USD,Partner,S. Johnson,97.96,238.1,ACH,Paid,2023-06-22,,Cancelled,WH-Central,0,Annual
SAL-01772,ORD-00887,1,2024-08-21,2024,2024-08,C007,Atlas Public Services,Public Sector,Government,North America,Brazil,P104,Insight Pro License,Software,Licenses,SKU-P104-3,15,197.96,0,2969.4,2969.4,USD,Direct,J. Chen,144.3,804.88,Wire Transfer,Paid,2024-08-31,2024-09-02,Delivered,WH-Central,0,Standard
SAL-01773,ORD-00887,2,2023-07-09,2023,2023-07,C006,Sunrise Market,SMB,Retail,Asia Pacific,Singapore,P101,Cloud Data Suite,Software,Cloud,SKU-P101-1,11,716.51,0,7881.61,7881.61,USD,Partner,A. Patel,526.18,2093.64,Credit Card,Paid,2023-07-25,,Processing,WH-East,0,Standard
SAL-01774,ORD-00888,1,2025-03-25,2025,2025-03,C001,Northstar Retail,Retail,Consumer Goods,North America,Brazil,P105,Storage Array,Hardware,Storage,SKU-P105-3,25,1398.74,0.05,34968.5,33220.07,USD,Marketplace,A. Patel,934.88,9848.08,Net Terms,Paid,2025-04-03,,Shipped,WH-Central,0,Standard
SAL-01775,ORD-00888,2,2023-11-13,2023,2023-11,C005,Vertex Manufacturing,Enterprise,Manufacturing,Europe,Canada,P108,Mobile Scanner,Hardware,Devices,SKU-P108-4,32,184.19,0,5894.08,5894.08,USD,Online,M. Garcia,117.32,2139.99,Credit Card,Paid,2023-11-27,2023-12-01,Delivered,WH-East,0,Standard
SAL-01776,ORD-00889,1,2026-07-27,2026,2026-07,C005,Vertex Manufacturing,Enterprise,Manufacturing,Europe,Singapore,P102,Edge Gateway,Hardware,Networking,SKU-P102-2,29,368.13,0,10675.77,10675.77,USD,Online,R. Kim,261.95,3079.16,Credit Card,Paid,2026-08-08,2026-08-16,Delivered,WH-Central,0,Multi-year
SAL-01777,ORD-00889,2,2024-01-29,2024,2024-01,C005,Vertex Manufacturing,Enterprise,Manufacturing,Europe,Canada,P109,Forecasting Add-on,Software,Analytics,SKU-P109-2,18,319.56,0.15,5752.08,4889.27,USD,Marketplace,M. Garcia,139.01,2387.11,ACH,Overdue,2024-02-07,2024-02-09,Delivered,WH-East,0,Multi-year
SAL-01778,ORD-00890,1,2026-07-21,2026,2026-07,C001,Northstar Retail,Retail,Consumer Goods,North America,United States,P108,Mobile Scanner,Hardware,Devices,SKU-P108-2,30,180.4,0.15,5412.0,4600.2,USD,Partner,J. Chen,114.26,1172.4,Credit Card,Paid,2026-08-05,,Processing,WH-Central,0,Standard
SAL-01779,ORD-00890,2,2023-07-04,2023,2023-07,C009,Summit Logistics,Enterprise,Transportation,Asia Pacific,Brazil,P100,Analytics Platform,Software,Analytics,SKU-P100-3,9,999.38,0.2,8994.42,7195.54,USD,Online,A. Patel,555.03,2200.24,Credit Card,Paid,2023-07-16,2023-07-24,Delivered,WH-West,0,Standard
SAL-01780,ORD-00891,1,2025-06-02,2025,2025-06,C009,Summit Logistics,Enterprise,Transportation,Asia Pacific,United Kingdom,P103,Secure Access Kit,Hardware,Security,SKU-P103-3,35,309.26,0.2,10824.1,8659.28,USD,Online,A. Patel,167.29,2804.15,Credit Card,Paid,2025-06-15,2025-06-21,Delivered,WH-West,0,Annual
SAL-01781,ORD-00891,2,2024-10-04,2024,2024-10,C010,Golden Fields Co.,Mid-Market,Agriculture,Latin America,Germany,P104,Insight Pro License,Software,Licenses,SKU-P104-2,17,197.1,0,3350.7,3350.7,USD,Partner,M. Garcia,107.46,1523.91,Credit Card,Paid,2024-10-13,2024-10-17,Delivered,WH-EU,0,Annual
SAL-01782,ORD-00892,1,2024-06-11,2024,2024-06,C005,Vertex Manufacturing,Enterprise,Manufacturing,Europe,Singapore,P104,Insight Pro License,Software,Licenses,SKU-P104-1,32,190.79,0.1,6105.28,5494.75,USD,Partner,R. Kim,113.3,1869.09,ACH,Refunded,2024-06-25,2024-06-26,Delivered,WH-Central,0,Standard
SAL-01783,ORD-00892,2,2025-08-18,2025,2025-08,C002,Blue Ridge Systems,Enterprise,Technology,North America,Singapore,P109,Forecasting Add-on,Software,Analytics,SKU-P109-3,31,300.72,0.1,9322.32,8390.09,USD,Direct,J. Chen,152.13,3674.12,Wire Transfer,Paid,2025-08-24,2025-08-26,Delivered,WH-East,0,Annual
SAL-01784,ORD-00893,1,2024-07-02,2024,2024-07,C005,Vertex Manufacturing,Enterprise,Manufacturing,Europe,Germany,P105,Storage Array,Hardware,Storage,SKU-P105-1,27,1168.68,0,31554.36,31554.36,USD,Marketplace,R. Kim,788.23,10272.04,Credit Card,Paid,2024-07-10,2024-07-11,Delivered,WH-East,0,Standard
SAL-01785,ORD-00893,2,2025-06-25,2025,2025-06,C001,Northstar Retail,Retail,Consumer Goods,North America,Brazil,P105,Storage Array,Hardware,Storage,SKU-P105-3,21,1394.98,0.15,29294.58,24900.39,USD,Marketplace,S. Johnson,622.09,11836.51,Net Terms,Refunded,2025-07-07,2025-07-15,Delivered,WH-West,0,Standard
SAL-01786,ORD-00894,1,2025-10-23,2025,2025-10,C002,Blue Ridge Systems,Enterprise,Technology,North America,Singapore,P100,Analytics Platform,Software,Analytics,SKU-P100-3,13,922.76,0,11995.88,11995.88,USD,Marketplace,R. Kim,550.72,4836.58,Wire Transfer,Overdue,2025-11-02,2025-11-05,Delivered,WH-West,0,Annual
SAL-01787,ORD-00894,2,2024-05-19,2024,2024-05,C003,Harbor Health Group,Enterprise,Healthcare,North America,Canada,P103,Secure Access Kit,Hardware,Security,SKU-P103-4,11,269.15,0,2960.65,2960.65,USD,Direct,M. Garcia,133.99,1486.77,Net Terms,Refunded,2024-05-28,,Returned,WH-East,8,Annual
SAL-01788,ORD-00895,1,2023-07-09,2023,2023-07,C001,Northstar Retail,Retail,Consumer Goods,North America,Singapore,P101,Cloud Data Suite,Software,Cloud,SKU-P101-4,30,791.26,0,23737.8,23737.8,USD,Partner,R. Kim,504.99,8588.14,Credit Card,Paid,2023-07-10,2023-07-17,Delivered,WH-Central,0,Multi-year
SAL-01789,ORD-00895,2,2024-05-27,2024,2024-05,C003,Harbor Health Group,Enterprise,Healthcare,North America,Brazil,P107,Support Renewal,Services,Support,SKU-P107-2,26,352.98,0.1,9177.48,8259.73,USD,Partner,R. Kim,179.7,3587.49,Credit Card,Paid,2024-06-05,2024-06-09,Delivered,WH-West,0,Annual
SAL-01790,ORD-00896,1,2024-04-10,2024,2024-04,C003,Harbor Health Group,Enterprise,Healthcare,North America,Canada,P103,Secure Access Kit,Hardware,Security,SKU-P103-2,12,304.33,0.1,3651.96,3286.76,USD,Online,A. Patel,200.3,883.2,Credit Card,Paid,2024-04-12,2024-04-20,Delivered,WH-EU,0,Annual
SAL-01791,ORD-00896,2,2024-01-26,2024,2024-01,C007,Atlas Public Services,Public Sector,Government,North America,United States,P107,Support Renewal,Services,Support,SKU-P107-3,29,398.8,0,11565.2,11565.2,USD,Online,S. Johnson,199.16,5789.44,Credit Card,Paid,2024-01-28,,Processing,WH-East,0,Standard
SAL-01792,ORD-00897,1,2024-02-10,2024,2024-02,C008,Evergreen Labs,SMB,Healthcare,Europe,Brazil,P107,Support Renewal,Services,Support,SKU-P107-3,25,363.44,0.1,9086.0,8177.4,USD,Marketplace,M. Garcia,208.88,2955.37,Credit Card,Paid,2024-02-26,2024-02-28,Delivered,WH-West,0,Annual
SAL-01793,ORD-00897,2,2025-10-22,2025,2025-10,C004,Cedar & Stone,SMB,Hospitality,Europe,Singapore,P109,Forecasting Add-on,Software,Analytics,SKU-P109-3,19,293.99,0.2,5585.81,4468.65,USD,Partner,M. Garcia,128.07,2035.34,Wire Transfer,Paid,2025-10-26,,Shipped,WH-Central,0,Annual
SAL-01794,ORD-00898,1,2026-08-06,2026,2026-08,C005,Vertex Manufacturing,Enterprise,Manufacturing,Europe,Brazil,P105,Storage Array,Hardware,Storage,SKU-P105-1,4,1390.47,0.1,5561.88,5005.69,USD,Marketplace,M. Garcia,857.5,1575.71,Net Terms,Overdue,2026-08-11,,Processing,WH-Central,0,Standard
SAL-01795,ORD-00898,2,2023-03-02,2023,2023-03,C003,Harbor Health Group,Enterprise,Healthcare,North America,Canada,P104,Insight Pro License,Software,Licenses,SKU-P104-2,29,181.46,0,5262.34,5262.34,USD,Direct,S. Johnson,91.77,2601.15,Wire Transfer,Paid,2023-03-18,2023-03-24,Delivered,WH-East,0,Standard
SAL-01796,ORD-00899,1,2026-01-01,2026,2026-01,C006,Sunrise Market,SMB,Retail,Asia Pacific,Singapore,P109,Forecasting Add-on,Software,Analytics,SKU-P109-3,3,311.8,0,935.4,935.4,USD,Online,J. Chen,166.14,436.97,Credit Card,Pending,2026-01-09,,Processing,WH-West,0,Multi-year
SAL-01797,ORD-00899,2,2026-04-02,2026,2026-04,C001,Northstar Retail,Retail,Consumer Goods,North America,United Kingdom,P109,Forecasting Add-on,Software,Analytics,SKU-P109-2,28,294.74,0.1,8252.72,7427.45,USD,Direct,A. Patel,192.48,2038.04,Credit Card,Paid,2026-04-10,2026-04-14,Delivered,WH-East,0,Annual
SAL-01798,ORD-00900,1,2026-08-26,2026,2026-08,C005,Vertex Manufacturing,Enterprise,Manufacturing,Europe,Germany,P101,Cloud Data Suite,Software,Cloud,SKU-P101-1,15,796.78,0.15,11951.7,10158.94,USD,Marketplace,R. Kim,352.73,4867.95,Net Terms,Overdue,2026-09-03,2026-09-08,Delivered,WH-West,0,Multi-year
SAL-01799,ORD-00900,2,2023-06-28,2023,2023-06,C004,Cedar & Stone,SMB,Hospitality,Europe,Canada,P109,Forecasting Add-on,Software,Analytics,SKU-P109-4,30,366.81,0.1,11004.3,9903.87,USD,Online,M. Garcia,242.42,2631.27,Wire Transfer,Paid,2023-07-14,2023-07-16,Delivered,WH-EU,0,Standard
SAL-01800,ORD-00901,1,2025-03-18,2025,2025-03,C007,Atlas Public Services,Public Sector,Government,North America,Canada,P104,Insight Pro License,Software,Licenses,SKU-P104-1,35,190.88,0.1,6680.8,6012.72,USD,Direct,S. Johnson,97.83,2588.71,Net Terms,Overdue,2025-03-28,,Cancelled,WH-East,0,Multi-year
SAL-01801,ORD-00901,2,2024-03-17,2024,2024-03,C009,Summit Logistics,Enterprise,Transportation,Asia Pacific,Singapore,P105,Storage Array,Hardware,Storage,SKU-P105-4,16,1239.51,0.05,19832.16,18840.55,USD,Partner,A. Patel,622.96,8873.19,ACH,Paid,2024-04-02,,Processing,WH-Central,0,Standard
SAL-01802,ORD-00902,1,2025-03-27,2025,2025-03,C010,Golden Fields Co.,Mid-Market,Agriculture,Latin America,Brazil,P109,Forecasting Add-on,Software,Analytics,SKU-P109-2,5,330.63,0,1653.15,1653.15,USD,Direct,A. Patel,232.23,491.98,Credit Card,Paid,2025-04-08,2025-04-13,Delivered,WH-West,0,Standard
SAL-01803,ORD-00902,2,2023-06-13,2023,2023-06,C001,Northstar Retail,Retail,Consumer Goods,North America,Canada,P105,Storage Array,Hardware,Storage,SKU-P105-4,19,1143.87,0.1,21733.53,19560.18,USD,Direct,S. Johnson,564.37,8837.22,Credit Card,Pending,2023-06-24,2023-07-02,Delivered,WH-East,0,Annual
SAL-01804,ORD-00903,1,2025-11-26,2025,2025-11,C001,Northstar Retail,Retail,Consumer Goods,North America,Singapore,P105,Storage Array,Hardware,Storage,SKU-P105-1,19,1390.52,0,26419.88,26419.88,USD,Marketplace,M. Garcia,741.64,12328.71,Wire Transfer,Pending,2025-12-03,,Shipped,WH-West,0,Standard
SAL-01805,ORD-00903,2,2024-01-06,2024,2024-01,C001,Northstar Retail,Retail,Consumer Goods,North America,Brazil,P108,Mobile Scanner,Hardware,Devices,SKU-P108-4,14,198.03,0.05,2772.42,2633.8,USD,Marketplace,R. Kim,94.78,1306.9,ACH,Paid,2024-01-15,2024-01-19,Delivered,WH-West,0,Multi-year
SAL-01806,ORD-00904,1,2024-12-10,2024,2024-12,C008,Evergreen Labs,SMB,Healthcare,Europe,Brazil,P105,Storage Array,Hardware,Storage,SKU-P105-1,8,1228.5,0.1,9828.0,8845.2,USD,Online,A. Patel,713.71,3135.51,ACH,Paid,2024-12-26,2025-01-01,Delivered,WH-West,0,Annual
SAL-01807,ORD-00904,2,2024-12-27,2024,2024-12,C003,Harbor Health Group,Enterprise,Healthcare,North America,Brazil,P102,Edge Gateway,Hardware,Networking,SKU-P102-3,25,430.98,0,10774.5,10774.5,USD,Online,A. Patel,261.72,4231.62,ACH,Pending,2025-01-07,2025-01-13,Delivered,WH-West,0,Multi-year
SAL-01808,ORD-00905,1,2023-08-27,2023,2023-08,C010,Golden Fields Co.,Mid-Market,Agriculture,Latin America,Canada,P105,Storage Array,Hardware,Storage,SKU-P105-4,10,1135.18,0.1,11351.8,10216.62,USD,Online,S. Johnson,661.32,3603.41,ACH,Paid,2023-09-12,2023-09-20,Delivered,WH-West,0,Standard
SAL-01809,ORD-00905,2,2024-02-26,2024,2024-02,C005,Vertex Manufacturing,Enterprise,Manufacturing,Europe,United States,P106,Integration Services,Services,Consulting,SKU-P106-4,15,1395.34,0.15,20930.1,17790.58,USD,Online,S. Johnson,880.35,4585.36,ACH,Paid,2024-03-11,2024-03-12,Delivered,WH-Central,0,Annual
SAL-01810,ORD-00906,1,2024-04-13,2024,2024-04,C008,Evergreen Labs,SMB,Healthcare,Europe,Canada,P107,Support Renewal,Services,Support,SKU-P107-2,18,326.59,0,5878.62,5878.62,USD,Online,S. Johnson,215.17,2005.55,Net Terms,Paid,2024-04-14,2024-04-20,Delivered,WH-West,0,Annual
SAL-01811,ORD-00906,2,2026-05-19,2026,2026-05,C010,Golden Fields Co.,Mid-Market,Agriculture,Latin America,Germany,P107,Support Renewal,Services,Support,SKU-P107-2,13,397.53,0.1,5167.89,4651.1,USD,Direct,J. Chen,221.41,1772.82,Wire Transfer,Pending,2026-05-29,2026-05-31,Delivered,WH-Central,0,Multi-year
SAL-01812,ORD-00907,1,2023-02-02,2023,2023-02,C007,Atlas Public Services,Public Sector,Government,North America,Brazil,P102,Edge Gateway,Hardware,Networking,SKU-P102-2,4,435.03,0,1740.12,1740.12,USD,Online,R. Kim,318.55,465.94,Credit Card,Paid,2023-02-08,2023-02-11,Delivered,WH-West,0,Multi-year
SAL-01813,ORD-00907,2,2026-09-12,2026,2026-09,C005,Vertex Manufacturing,Enterprise,Manufacturing,Europe,United States,P107,Support Renewal,Services,Support,SKU-P107-2,1,393.6,0.2,393.6,314.88,USD,Marketplace,A. Patel,162.43,152.45,Net Terms,Paid,2026-09-16,2026-09-20,Delivered,WH-EU,0,Multi-year
SAL-01814,ORD-00908,1,2024-09-29,2024,2024-09,C007,Atlas Public Services,Public Sector,Government,North America,United Kingdom,P104,Insight Pro License,Software,Licenses,SKU-P104-4,17,182.16,0,3096.72,3096.72,USD,Partner,A. Patel,92.89,1517.64,ACH,Pending,2024-10-04,2024-10-12,Delivered,WH-Central,0,Annual
SAL-01815,ORD-00908,2,2025-11-04,2025,2025-11,C007,Atlas Public Services,Public Sector,Government,North America,Singapore,P102,Edge Gateway,Hardware,Networking,SKU-P102-2,29,410.49,0,11904.21,11904.21,USD,Partner,J. Chen,216.21,5634.15,Net Terms,Paid,2025-11-05,2025-11-06,Delivered,WH-East,0,Annual
SAL-01816,ORD-00909,1,2023-12-29,2023,2023-12,C007,Atlas Public Services,Public Sector,Government,North America,United States,P103,Secure Access Kit,Hardware,Security,SKU-P103-3,16,300.82,0.15,4813.12,4091.15,USD,Direct,A. Patel,139.3,1862.38,Credit Card,Paid,2024-01-01,2024-01-08,Delivered,WH-West,0,Standard
SAL-01817,ORD-00909,2,2025-08-05,2025,2025-08,C004,Cedar & Stone,SMB,Hospitality,Europe,Singapore,P101,Cloud Data Suite,Software,Cloud,SKU-P101-4,33,768.13,0,25348.29,25348.29,USD,Online,M. Garcia,453.68,10376.78,Net Terms,Paid,2025-08-08,2025-08-13,Delivered,WH-EU,0,Standard
SAL-01818,ORD-00910,1,2025-07-21,2025,2025-07,C009,Summit Logistics,Enterprise,Transportation,Asia Pacific,Brazil,P103,Secure Access Kit,Hardware,Security,SKU-P103-4,6,319.06,0,1914.36,1914.36,USD,Partner,J. Chen,216.42,615.83,Net Terms,Paid,2025-08-04,2025-08-05,Delivered,WH-EU,0,Standard
SAL-01819,ORD-00910,2,2023-11-20,2023,2023-11,C004,Cedar & Stone,SMB,Hospitality,Europe,Germany,P101,Cloud Data Suite,Software,Cloud,SKU-P101-1,3,800.83,0,2402.49,2402.49,USD,Partner,M. Garcia,573.84,680.96,Wire Transfer,Overdue,2023-11-26,2023-11-30,Delivered,WH-EU,0,Multi-year
SAL-01820,ORD-00911,1,2026-09-27,2026,2026-09,C001,Northstar Retail,Retail,Consumer Goods,North America,United States,P106,Integration Services,Services,Consulting,SKU-P106-1,8,1367.89,0,10943.12,10943.12,USD,Partner,A. Patel,868.26,3997.01,Wire Transfer,Pending,2026-10-12,,Returned,WH-East,8,Multi-year
SAL-01821,ORD-00911,2,2024-11-18,2024,2024-11,C001,Northstar Retail,Retail,Consumer Goods,North America,United States,P103,Secure Access Kit,Hardware,Security,SKU-P103-4,13,274.52,0.15,3568.76,3033.45,USD,Online,A. Patel,123.76,1424.59,Credit Card,Overdue,2024-12-04,2024-12-06,Delivered,WH-West,0,Standard
SAL-01822,ORD-00912,1,2026-06-10,2026,2026-06,C006,Sunrise Market,SMB,Retail,Asia Pacific,United States,P104,Insight Pro License,Software,Licenses,SKU-P104-3,27,189.2,0.1,5108.4,4597.56,USD,Online,S. Johnson,103.27,1809.37,ACH,Paid,2026-06-23,,Processing,WH-East,0,Standard
SAL-01823,ORD-00912,2,2023-07-09,2023,2023-07,C006,Sunrise Market,SMB,Retail,Asia Pacific,United States,P108,Mobile Scanner,Hardware,Devices,SKU-P108-3,15,178.3,0.1,2674.5,2407.05,USD,Marketplace,J. Chen,80.82,1194.71,Wire Transfer,Overdue,2023-07-23,,Shipped,WH-Central,0,Multi-year
SAL-01824,ORD-00913,1,2025-11-25,2025,2025-11,C006,Sunrise Market,SMB,Retail,Asia Pacific,Germany,P101,Cloud Data Suite,Software,Cloud,SKU-P101-3,12,775.56,0,9306.72,9306.72,USD,Online,S. Johnson,481.62,3527.29,Net Terms,Paid,2025-12-08,2025-12-13,Delivered,WH-West,0,Standard
SAL-01825,ORD-00913,2,2025-09-02,2025,2025-09,C001,Northstar Retail,Retail,Consumer Goods,North America,Brazil,P103,Secure Access Kit,Hardware,Security,SKU-P103-4,1,280.0,0.1,280.0,252.0,USD,Partner,A. Patel,191.25,60.75,Net Terms,Paid,2025-09-18,,Cancelled,WH-Central,0,Multi-year
SAL-01826,ORD-00914,1,2023-04-19,2023,2023-04,C005,Vertex Manufacturing,Enterprise,Manufacturing,Europe,United States,P109,Forecasting Add-on,Software,Analytics,SKU-P109-4,23,292.89,0,6736.47,6736.47,USD,Direct,R. Kim,189.72,2372.93,Credit Card,Paid,2023-05-01,2023-05-02,Delivered,WH-West,0,Multi-year
SAL-01827,ORD-00914,2,2024-03-08,2024,2024-03,C002,Blue Ridge Systems,Enterprise,Technology,North America,Germany,P107,Support Renewal,Services,Support,SKU-P107-3,28,391.23,0,10954.44,10954.44,USD,Marketplace,R. Kim,248.97,3983.27,Net Terms,Paid,2024-03-15,2024-03-16,Delivered,WH-Central,0,Annual
SAL-01828,ORD-00915,1,2025-12-02,2025,2025-12,C008,Evergreen Labs,SMB,Healthcare,Europe,United States,P105,Storage Array,Hardware,Storage,SKU-P105-1,17,1381.55,0.05,23486.35,22312.03,USD,Online,S. Johnson,686.28,10645.32,Wire Transfer,Paid,2025-12-03,,Shipped,WH-West,0,Standard
SAL-01829,ORD-00915,2,2025-12-12,2025,2025-12,C009,Summit Logistics,Enterprise,Transportation,Asia Pacific,Canada,P107,Support Renewal,Services,Support,SKU-P107-3,8,371.08,0.05,2968.64,2820.21,USD,Online,R. Kim,183.1,1355.39,Net Terms,Paid,2025-12-24,,Returned,WH-East,5,Multi-year
SAL-01830,ORD-00916,1,2023-01-20,2023,2023-01,C007,Atlas Public Services,Public Sector,Government,North America,Germany,P108,Mobile Scanner,Hardware,Devices,SKU-P108-4,14,206.4,0,2889.6,2889.6,USD,Partner,A. Patel,120.59,1201.29,ACH,Pending,2023-01-21,2023-01-22,Delivered,WH-West,0,Annual
SAL-01831,ORD-00916,2,2024-06-14,2024,2024-06,C006,Sunrise Market,SMB,Retail,Asia Pacific,Canada,P105,Storage Array,Hardware,Storage,SKU-P105-1,31,1164.54,0,36100.74,36100.74,USD,Marketplace,M. Garcia,684.81,14871.75,Wire Transfer,Overdue,2024-06-26,2024-06-29,Delivered,WH-EU,0,Standard
SAL-01832,ORD-00917,1,2024-10-27,2024,2024-10,C003,Harbor Health Group,Enterprise,Healthcare,North America,Brazil,P101,Cloud Data Suite,Software,Cloud,SKU-P101-2,31,730.1,0.05,22633.1,21501.44,USD,Marketplace,J. Chen,465.43,7072.98,Net Terms,Overdue,2024-11-01,2024-11-02,Delivered,WH-EU,0,Standard
SAL-01833,ORD-00917,2,2025-06-06,2025,2025-06,C005,Vertex Manufacturing,Enterprise,Manufacturing,Europe,United Kingdom,P102,Edge Gateway,Hardware,Networking,SKU-P102-4,33,455.44,0.15,15029.52,12775.09,USD,Partner,S. Johnson,196.03,6306.04,Credit Card,Overdue,2025-06-07,2025-06-09,Delivered,WH-EU,0,Standard
SAL-01834,ORD-00918,1,2026-06-29,2026,2026-06,C005,Vertex Manufacturing,Enterprise,Manufacturing,Europe,United Kingdom,P100,Analytics Platform,Software,Analytics,SKU-P100-2,19,1022.47,0.15,19426.93,16512.89,USD,Online,S. Johnson,604.45,5028.42,ACH,Paid,2026-07-03,,Processing,WH-West,0,Standard
SAL-01835,ORD-00918,2,2023-10-24,2023,2023-10,C009,Summit Logistics,Enterprise,Transportation,Asia Pacific,Singapore,P102,Edge Gateway,Hardware,Networking,SKU-P102-3,7,388.41,0,2718.87,2718.87,USD,Partner,S. Johnson,208.25,1261.13,Credit Card,Pending,2023-11-05,2023-11-12,Delivered,WH-West,0,Standard
SAL-01836,ORD-00919,1,2024-12-02,2024,2024-12,C007,Atlas Public Services,Public Sector,Government,North America,Germany,P109,Forecasting Add-on,Software,Analytics,SKU-P109-4,31,338.51,0.1,10493.81,9444.43,USD,Online,S. Johnson,224.45,2486.53,Credit Card,Paid,2024-12-11,2024-12-18,Delivered,WH-EU,0,Annual
SAL-01837,ORD-00919,2,2026-09-15,2026,2026-09,C007,Atlas Public Services,Public Sector,Government,North America,Canada,P100,Analytics Platform,Software,Analytics,SKU-P100-1,31,874.46,0.1,27108.26,24397.43,USD,Marketplace,J. Chen,433.91,10946.3,ACH,Pending,2026-09-18,,Shipped,WH-East,0,Standard
SAL-01838,ORD-00920,1,2026-08-25,2026,2026-08,C004,Cedar & Stone,SMB,Hospitality,Europe,Germany,P100,Analytics Platform,Software,Analytics,SKU-P100-1,30,1050.59,0.15,31517.7,26790.04,USD,Online,A. Patel,638.89,7623.37,Credit Card,Pending,2026-08-31,2026-09-05,Delivered,WH-East,0,Standard
SAL-01839,ORD-00920,2,2025-11-23,2025,2025-11,C006,Sunrise Market,SMB,Retail,Asia Pacific,Canada,P105,Storage Array,Hardware,Storage,SKU-P105-2,24,1397.33,0,33535.92,33535.92,USD,Direct,J. Chen,1029.17,8835.82,Wire Transfer,Paid,2025-11-30,2025-12-06,Delivered,WH-EU,0,Annual
SAL-01840,ORD-00921,1,2023-08-08,2023,2023-08,C004,Cedar & Stone,SMB,Hospitality,Europe,United Kingdom,P102,Edge Gateway,Hardware,Networking,SKU-P102-3,23,458.1,0.1,10536.3,9482.67,USD,Online,R. Kim,207.22,4716.62,Net Terms,Paid,2023-08-21,2023-08-24,Delivered,WH-East,0,Annual
SAL-01841,ORD-00921,2,2025-10-23,2025,2025-10,C010,Golden Fields Co.,Mid-Market,Agriculture,Latin America,Singapore,P104,Insight Pro License,Software,Licenses,SKU-P104-4,25,173.9,0.1,4347.5,3912.75,USD,Marketplace,S. Johnson,85.48,1775.86,Net Terms,Paid,2025-11-02,2025-11-05,Delivered,WH-EU,0,Standard
SAL-01842,ORD-00922,1,2024-09-24,2024,2024-09,C003,Harbor Health Group,Enterprise,Healthcare,North America,Brazil,P101,Cloud Data Suite,Software,Cloud,SKU-P101-2,28,710.47,0,19893.16,19893.16,USD,Marketplace,M. Garcia,347.08,10174.91,Wire Transfer,Paid,2024-10-03,,Shipped,WH-Central,0,Annual
SAL-01843,ORD-00922,2,2026-09-01,2026,2026-09,C010,Golden Fields Co.,Mid-Market,Agriculture,Latin America,Canada,P103,Secure Access Kit,Hardware,Security,SKU-P103-2,4,287.73,0,1150.92,1150.92,USD,Marketplace,R. Kim,211.03,306.81,Credit Card,Overdue,2026-09-11,2026-09-12,Delivered,WH-East,0,Multi-year
SAL-01844,ORD-00923,1,2024-10-11,2024,2024-10,C008,Evergreen Labs,SMB,Healthcare,Europe,Brazil,P106,Integration Services,Services,Consulting,SKU-P106-2,15,1326.46,0.1,19896.9,17907.21,USD,Online,S. Johnson,577.5,9244.78,ACH,Paid,2024-10-14,2024-10-18,Delivered,WH-West,0,Multi-year
SAL-01845,ORD-00923,2,2023-07-08,2023,2023-07,C009,Summit Logistics,Enterprise,Transportation,Asia Pacific,Germany,P108,Mobile Scanner,Hardware,Devices,SKU-P108-3,27,215.88,0,5828.76,5828.76,USD,Online,A. Patel,113.24,2771.27,Credit Card,Pending,2023-07-10,,Shipped,WH-Central,0,Standard
SAL-01846,ORD-00924,1,2024-06-29,2024,2024-06,C005,Vertex Manufacturing,Enterprise,Manufacturing,Europe,United States,P109,Forecasting Add-on,Software,Analytics,SKU-P109-4,27,356.71,0,9631.17,9631.17,USD,Direct,S. Johnson,210.87,3937.62,Net Terms,Overdue,2024-07-06,,Processing,WH-West,0,Multi-year
SAL-01847,ORD-00924,2,2025-04-25,2025,2025-04,C010,Golden Fields Co.,Mid-Market,Agriculture,Latin America,Brazil,P105,Storage Array,Hardware,Storage,SKU-P105-2,7,1196.8,0,8377.6,8377.6,USD,Online,R. Kim,860.66,2352.95,Wire Transfer,Paid,2025-04-28,2025-05-04,Delivered,WH-Central,0,Standard
SAL-01848,ORD-00925,1,2024-07-20,2024,2024-07,C005,Vertex Manufacturing,Enterprise,Manufacturing,Europe,Canada,P103,Secure Access Kit,Hardware,Security,SKU-P103-3,17,257.11,0.1,4370.87,3933.78,USD,Partner,M. Garcia,127.35,1768.87,ACH,Paid,2024-07-22,,Cancelled,WH-Central,0,Multi-year
SAL-01849,ORD-00925,2,2023-09-23,2023,2023-09,C010,Golden Fields Co.,Mid-Market,Agriculture,Latin America,Brazil,P102,Edge Gateway,Hardware,Networking,SKU-P102-4,34,399.17,0,13571.78,13571.78,USD,Partner,A. Patel,256.65,4845.78,Net Terms,Paid,2023-09-30,,Processing,WH-East,0,Multi-year
SAL-01850,ORD-00926,1,2024-10-25,2024,2024-10,C003,Harbor Health Group,Enterprise,Healthcare,North America,Canada,P106,Integration Services,Services,Consulting,SKU-P106-3,20,1452.24,0.1,29044.8,26140.32,USD,Online,A. Patel,752.24,11095.49,Credit Card,Paid,2024-10-29,,Processing,WH-East,0,Standard
SAL-01851,ORD-00926,2,2023-06-05,2023,2023-06,C001,Northstar Retail,Retail,Consumer Goods,North America,Brazil,P108,Mobile Scanner,Hardware,Devices,SKU-P108-1,3,195.38,0.1,586.14,527.53,USD,Online,R. Kim,92.26,250.75,Credit Card,Paid,2023-06-07,,Returned,WH-EU,3,Multi-year
SAL-01852,ORD-00927,1,2026-05-18,2026,2026-05,C004,Cedar & Stone,SMB,Hospitality,Europe,Germany,P109,Forecasting Add-on,Software,Analytics,SKU-P109-2,23,356.62,0.15,8202.26,6971.92,USD,Online,R. Kim,145.73,3620.23,Net Terms,Overdue,2026-05-30,,Cancelled,WH-Central,0,Multi-year
SAL-01853,ORD-00927,2,2026-08-31,2026,2026-08,C005,Vertex Manufacturing,Enterprise,Manufacturing,Europe,United States,P101,Cloud Data Suite,Software,Cloud,SKU-P101-3,15,660.81,0.15,9912.15,8425.33,USD,Direct,S. Johnson,409.15,2288.1,Net Terms,Paid,2026-09-15,,Shipped,WH-EU,0,Multi-year
SAL-01854,ORD-00928,1,2025-08-21,2025,2025-08,C009,Summit Logistics,Enterprise,Transportation,Asia Pacific,Germany,P108,Mobile Scanner,Hardware,Devices,SKU-P108-3,23,197.43,0.15,4540.89,3859.76,USD,Direct,S. Johnson,81.84,1977.36,Wire Transfer,Paid,2025-08-27,2025-08-28,Delivered,WH-Central,0,Annual
SAL-01855,ORD-00928,2,2024-04-10,2024,2024-04,C009,Summit Logistics,Enterprise,Transportation,Asia Pacific,United States,P102,Edge Gateway,Hardware,Networking,SKU-P102-1,16,366.64,0,5866.24,5866.24,USD,Partner,M. Garcia,215.28,2421.77,Credit Card,Pending,2024-04-17,2024-04-21,Delivered,WH-West,0,Annual
SAL-01856,ORD-00929,1,2023-11-08,2023,2023-11,C007,Atlas Public Services,Public Sector,Government,North America,Germany,P104,Insight Pro License,Software,Licenses,SKU-P104-3,2,201.39,0,402.78,402.78,USD,Direct,A. Patel,110.56,181.65,ACH,Overdue,2023-11-22,,Cancelled,WH-East,0,Standard
SAL-01857,ORD-00929,2,2026-02-26,2026,2026-02,C006,Sunrise Market,SMB,Retail,Asia Pacific,United Kingdom,P104,Insight Pro License,Software,Licenses,SKU-P104-3,4,170.7,0.05,682.8,648.66,USD,Direct,M. Garcia,116.9,181.07,Credit Card,Paid,2026-03-11,2026-03-16,Delivered,WH-EU,0,Multi-year
SAL-01858,ORD-00930,1,2023-09-29,2023,2023-09,C010,Golden Fields Co.,Mid-Market,Agriculture,Latin America,Singapore,P100,Analytics Platform,Software,Analytics,SKU-P100-1,31,1021.43,0.1,31664.33,28497.9,USD,Partner,R. Kim,602.78,9811.65,Net Terms,Overdue,2023-10-02,,Returned,WH-West,27,Multi-year
SAL-01859,ORD-00930,2,2024-05-05,2024,2024-05,C003,Harbor Health Group,Enterprise,Healthcare,North America,Germany,P108,Mobile Scanner,Hardware,Devices,SKU-P108-2,15,191.61,0,2874.15,2874.15,USD,Marketplace,A. Patel,121.39,1053.36,Credit Card,Overdue,2024-05-13,2024-05-16,Delivered,WH-West,0,Standard
SAL-01860,ORD-00931,1,2024-05-12,2024,2024-05,C009,Summit Logistics,Enterprise,Transportation,Asia Pacific,Germany,P105,Storage Array,Hardware,Storage,SKU-P105-1,24,1101.14,0.1,26427.36,23784.62,USD,Partner,R. Kim,533.52,10980.17,Net Terms,Paid,2024-05-27,,Shipped,WH-West,0,Multi-year
SAL-01861,ORD-00931,2,2025-09-16,2025,2025-09,C007,Atlas Public Services,Public Sector,Government,North America,Canada,P103,Secure Access Kit,Hardware,Security,SKU-P103-2,9,268.94,0.1,2420.46,2178.41,USD,Marketplace,S. Johnson,153.58,796.23,Wire Transfer,Paid,2025-09-28,2025-10-04,Delivered,WH-Central,0,Annual
SAL-01862,ORD-00932,1,2026-04-17,2026,2026-04,C007,Atlas Public Services,Public Sector,Government,North America,Brazil,P108,Mobile Scanner,Hardware,Devices,SKU-P108-4,18,196.92,0.1,3544.56,3190.1,USD,Partner,R. Kim,107.21,1260.36,Credit Card,Paid,2026-04-22,,Shipped,WH-West,0,Annual
SAL-01863,ORD-00932,2,2023-07-07,2023,2023-07,C005,Vertex Manufacturing,Enterprise,Manufacturing,Europe,Canada,P101,Cloud Data Suite,Software,Cloud,SKU-P101-1,23,634.48,0.15,14593.04,12404.08,USD,Marketplace,J. Chen,359.31,4139.98,Net Terms,Pending,2023-07-08,,Shipped,WH-Central,0,Multi-year
SAL-01864,ORD-00933,1,2023-08-31,2023,2023-08,C001,Northstar Retail,Retail,Consumer Goods,North America,Brazil,P106,Integration Services,Services,Consulting,SKU-P106-4,5,1614.01,0.1,8070.05,7263.05,USD,Partner,M. Garcia,918.29,2671.62,Net Terms,Paid,2023-09-01,,Cancelled,WH-Central,0,Annual
SAL-01865,ORD-00933,2,2023-01-18,2023,2023-01,C001,Northstar Retail,Retail,Consumer Goods,North America,Canada,P109,Forecasting Add-on,Software,Analytics,SKU-P109-3,11,336.81,0.1,3704.91,3334.42,USD,Direct,J. Chen,163.39,1537.13,Net Terms,Overdue,2023-02-02,,Processing,WH-EU,0,Standard
SAL-01866,ORD-00934,1,2025-11-03,2025,2025-11,C008,Evergreen Labs,SMB,Healthcare,Europe,Brazil,P104,Insight Pro License,Software,Licenses,SKU-P104-4,35,194.27,0,6799.45,6799.45,USD,Partner,A. Patel,141.41,1850.26,Net Terms,Paid,2025-11-06,2025-11-13,Delivered,WH-West,0,Annual
SAL-01867,ORD-00934,2,2023-02-16,2023,2023-02,C004,Cedar & Stone,SMB,Hospitality,Europe,United States,P102,Edge Gateway,Hardware,Networking,SKU-P102-4,16,396.01,0.1,6336.16,5702.54,USD,Marketplace,J. Chen,174.94,2903.54,Net Terms,Paid,2023-03-01,2023-03-08,Delivered,WH-West,0,Standard
SAL-01868,ORD-00935,1,2023-07-28,2023,2023-07,C009,Summit Logistics,Enterprise,Transportation,Asia Pacific,United States,P108,Mobile Scanner,Hardware,Devices,SKU-P108-2,26,181.5,0.1,4719.0,4247.1,USD,Partner,J. Chen,100.04,1645.95,Net Terms,Pending,2023-08-05,2023-08-12,Delivered,WH-EU,0,Annual
SAL-01869,ORD-00935,2,2025-09-28,2025,2025-09,C002,Blue Ridge Systems,Enterprise,Technology,North America,United Kingdom,P105,Storage Array,Hardware,Storage,SKU-P105-3,15,1223.85,0.15,18357.75,15604.09,USD,Direct,S. Johnson,674.36,5488.71,Credit Card,Paid,2025-09-29,2025-10-01,Delivered,WH-Central,0,Annual
SAL-01870,ORD-00936,1,2025-09-02,2025,2025-09,C008,Evergreen Labs,SMB,Healthcare,Europe,Brazil,P105,Storage Array,Hardware,Storage,SKU-P105-3,27,1377.66,0.1,37196.82,33477.14,USD,Partner,A. Patel,600.74,17257.14,Net Terms,Paid,2025-09-14,,Processing,WH-EU,0,Multi-year
SAL-01871,ORD-00936,2,2026-07-19,2026,2026-07,C010,Golden Fields Co.,Mid-Market,Agriculture,Latin America,United Kingdom,P106,Integration Services,Services,Consulting,SKU-P106-4,23,1518.98,0.15,34936.54,29696.06,USD,Online,M. Garcia,814.31,10966.85,Wire Transfer,Refunded,2026-08-03,2026-08-09,Delivered,WH-East,0,Multi-year
SAL-01872,ORD-00937,1,2026-02-12,2026,2026-02,C005,Vertex Manufacturing,Enterprise,Manufacturing,Europe,Germany,P100,Analytics Platform,Software,Analytics,SKU-P100-4,35,1029.07,0,36017.45,36017.45,USD,Online,M. Garcia,672.99,12462.66,ACH,Paid,2026-02-28,2026-03-05,Delivered,WH-EU,0,Multi-year
SAL-01873,ORD-00937,2,2023-12-02,2023,2023-12,C008,Evergreen Labs,SMB,Healthcare,Europe,United States,P101,Cloud Data Suite,Software,Cloud,SKU-P101-3,35,718.62,0.1,25151.7,22636.53,USD,Online,J. Chen,345.99,10526.99,Credit Card,Paid,2023-12-06,2023-12-14,Delivered,WH-EU,0,Annual
SAL-01874,ORD-00938,1,2024-10-11,2024,2024-10,C008,Evergreen Labs,SMB,Healthcare,Europe,United States,P106,Integration Services,Services,Consulting,SKU-P106-1,1,1333.51,0.1,1333.51,1200.16,USD,Marketplace,A. Patel,870.53,329.63,Net Terms,Pending,2024-10-24,2024-10-31,Delivered,WH-EU,0,Annual
SAL-01875,ORD-00938,2,2024-02-29,2024,2024-02,C007,Atlas Public Services,Public Sector,Government,North America,Germany,P103,Secure Access Kit,Hardware,Security,SKU-P103-1,24,287.87,0,6908.88,6908.88,USD,Partner,R. Kim,181.81,2545.51,Wire Transfer,Paid,2024-03-06,2024-03-12,Delivered,WH-Central,0,Multi-year
SAL-01876,ORD-00939,1,2025-08-15,2025,2025-08,C002,Blue Ridge Systems,Enterprise,Technology,North America,Singapore,P108,Mobile Scanner,Hardware,Devices,SKU-P108-1,25,180.25,0,4506.25,4506.25,USD,Marketplace,M. Garcia,97.95,2057.59,Net Terms,Paid,2025-08-31,2025-09-06,Delivered,WH-EU,0,Multi-year
SAL-01877,ORD-00939,2,2025-07-26,2025,2025-07,C008,Evergreen Labs,SMB,Healthcare,Europe,Brazil,P109,Forecasting Add-on,Software,Analytics,SKU-P109-2,17,349.11,0.05,5934.87,5638.13,USD,Marketplace,A. Patel,175.66,2651.84,Wire Transfer,Paid,2025-08-09,,Processing,WH-East,0,Standard
SAL-01878,ORD-00940,1,2024-10-01,2024,2024-10,C006,Sunrise Market,SMB,Retail,Asia Pacific,Brazil,P106,Integration Services,Services,Consulting,SKU-P106-3,3,1655.46,0,4966.38,4966.38,USD,Partner,M. Garcia,1075.49,1739.91,Credit Card,Paid,2024-10-08,2024-10-14,Delivered,WH-EU,0,Annual
SAL-01879,ORD-00940,2,2024-08-23,2024,2024-08,C003,Harbor Health Group,Enterprise,Healthcare,North America,Germany,P101,Cloud Data Suite,Software,Cloud,SKU-P101-2,9,677.3,0.15,6095.7,5181.34,USD,Online,J. Chen,406.18,1525.73,Wire Transfer,Paid,2024-08-25,2024-08-28,Delivered,WH-West,0,Standard
SAL-01880,ORD-00941,1,2023-01-14,2023,2023-01,C001,Northstar Retail,Retail,Consumer Goods,North America,Canada,P108,Mobile Scanner,Hardware,Devices,SKU-P108-4,25,178.21,0.1,4455.25,4009.72,USD,Online,S. Johnson,118.98,1035.2,Credit Card,Pending,2023-01-25,2023-01-31,Delivered,WH-Central,0,Multi-year
SAL-01881,ORD-00941,2,2026-08-23,2026,2026-08,C008,Evergreen Labs,SMB,Healthcare,Europe,Germany,P107,Support Renewal,Services,Support,SKU-P107-3,19,326.59,0.15,6205.21,5274.43,USD,Direct,M. Garcia,193.9,1590.3,Credit Card,Pending,2026-08-29,,Shipped,WH-West,0,Annual
SAL-01882,ORD-00942,1,2025-07-18,2025,2025-07,C010,Golden Fields Co.,Mid-Market,Agriculture,Latin America,United Kingdom,P107,Support Renewal,Services,Support,SKU-P107-3,31,376.77,0,11679.87,11679.87,USD,Marketplace,R. Kim,210.52,5153.66,Credit Card,Paid,2025-07-30,2025-08-07,Delivered,WH-East,0,Annual
SAL-01883,ORD-00942,2,2026-04-21,2026,2026-04,C009,Summit Logistics,Enterprise,Transportation,Asia Pacific,Singapore,P108,Mobile Scanner,Hardware,Devices,SKU-P108-2,20,202.72,0.15,4054.4,3446.24,USD,Partner,J. Chen,115.64,1133.38,Net Terms,Paid,2026-04-27,2026-04-30,Delivered,WH-EU,0,Multi-year
SAL-01884,ORD-00943,1,2026-07-09,2026,2026-07,C005,Vertex Manufacturing,Enterprise,Manufacturing,Europe,Singapore,P107,Support Renewal,Services,Support,SKU-P107-1,14,377.33,0.05,5282.62,5018.49,USD,Partner,J. Chen,212.23,2047.29,Wire Transfer,Refunded,2026-07-22,2026-07-30,Delivered,WH-West,0,Standard
SAL-01885,ORD-00943,2,2023-05-06,2023,2023-05,C007,Atlas Public Services,Public Sector,Government,North America,Germany,P101,Cloud Data Suite,Software,Cloud,SKU-P101-4,15,667.87,0,10018.05,10018.05,USD,Direct,M. Garcia,466.13,3026.07,Credit Card,Paid,2023-05-20,2023-05-22,Delivered,WH-West,0,Annual
SAL-01886,ORD-00944,1,2025-06-28,2025,2025-06,C002,Blue Ridge Systems,Enterprise,Technology,North America,Canada,P105,Storage Array,Hardware,Storage,SKU-P105-4,32,1235.06,0.05,39521.92,37545.82,USD,Partner,A. Patel,744.93,13708.15,Credit Card,Overdue,2025-07-04,2025-07-07,Delivered,WH-Central,0,Annual
SAL-01887,ORD-00944,2,2026-01-05,2026,2026-01,C006,Sunrise Market,SMB,Retail,Asia Pacific,Singapore,P109,Forecasting Add-on,Software,Analytics,SKU-P109-2,34,358.77,0,12198.18,12198.18,USD,Partner,S. Johnson,175.98,6214.71,ACH,Pending,2026-01-17,2026-01-18,Delivered,WH-EU,0,Standard
SAL-01888,ORD-00945,1,2024-05-16,2024,2024-05,C005,Vertex Manufacturing,Enterprise,Manufacturing,Europe,Canada,P106,Integration Services,Services,Consulting,SKU-P106-2,20,1547.99,0.15,30959.8,26315.83,USD,Online,A. Patel,680.1,12713.82,Net Terms,Overdue,2024-05-24,,Returned,WH-EU,4,Standard
SAL-01889,ORD-00945,2,2026-05-05,2026,2026-05,C009,Summit Logistics,Enterprise,Transportation,Asia Pacific,Germany,P109,Forecasting Add-on,Software,Analytics,SKU-P109-4,25,303.01,0.05,7575.25,7196.49,USD,Marketplace,S. Johnson,205.14,2067.96,Wire Transfer,Paid,2026-05-15,,Returned,WH-EU,9,Standard
SAL-01890,ORD-00946,1,2023-03-29,2023,2023-03,C008,Evergreen Labs,SMB,Healthcare,Europe,United Kingdom,P105,Storage Array,Hardware,Storage,SKU-P105-2,14,1313.88,0.2,18394.32,14715.46,USD,Marketplace,S. Johnson,623.74,5983.04,Wire Transfer,Pending,2023-04-14,2023-04-18,Delivered,WH-West,0,Standard
SAL-01891,ORD-00946,2,2023-04-03,2023,2023-04,C002,Blue Ridge Systems,Enterprise,Technology,North America,Germany,P100,Analytics Platform,Software,Analytics,SKU-P100-3,33,923.2,0.1,30465.6,27419.04,USD,Direct,M. Garcia,596.58,7732.01,ACH,Paid,2023-04-06,2023-04-11,Delivered,WH-EU,0,Multi-year
SAL-01892,ORD-00947,1,2023-04-06,2023,2023-04,C001,Northstar Retail,Retail,Consumer Goods,North America,Singapore,P103,Secure Access Kit,Hardware,Security,SKU-P103-2,2,292.09,0.15,584.18,496.55,USD,Partner,R. Kim,147.18,202.2,Net Terms,Paid,2023-04-09,2023-04-12,Delivered,WH-Central,0,Standard
SAL-01893,ORD-00947,2,2023-08-20,2023,2023-08,C007,Atlas Public Services,Public Sector,Government,North America,Canada,P106,Integration Services,Services,Consulting,SKU-P106-2,20,1583.12,0.2,31662.4,25329.92,USD,Direct,A. Patel,655.5,12219.89,Credit Card,Paid,2023-08-30,2023-09-02,Delivered,WH-West,0,Standard
SAL-01894,ORD-00948,1,2023-09-25,2023,2023-09,C001,Northstar Retail,Retail,Consumer Goods,North America,United Kingdom,P103,Secure Access Kit,Hardware,Security,SKU-P103-1,23,310.14,0,7133.22,7133.22,USD,Online,S. Johnson,167.6,3278.51,Wire Transfer,Overdue,2023-10-08,2023-10-14,Delivered,WH-West,0,Multi-year
SAL-01895,ORD-00948,2,2026-06-03,2026,2026-06,C005,Vertex Manufacturing,Enterprise,Manufacturing,Europe,Brazil,P109,Forecasting Add-on,Software,Analytics,SKU-P109-1,10,317.45,0,3174.5,3174.5,USD,Partner,A. Patel,234.21,832.42,Credit Card,Paid,2026-06-14,,Shipped,WH-West,0,Multi-year
SAL-01896,ORD-00949,1,2025-09-23,2025,2025-09,C003,Harbor Health Group,Enterprise,Healthcare,North America,United States,P105,Storage Array,Hardware,Storage,SKU-P105-2,33,1344.64,0,44373.12,44373.12,USD,Online,R. Kim,820.22,17305.77,Credit Card,Pending,2025-10-02,2025-10-04,Delivered,WH-Central,0,Standard
SAL-01897,ORD-00949,2,2026-06-04,2026,2026-06,C001,Northstar Retail,Retail,Consumer Goods,North America,Germany,P106,Integration Services,Services,Consulting,SKU-P106-3,20,1673.09,0.05,33461.8,31788.71,USD,Online,J. Chen,816.74,15453.92,Wire Transfer,Paid,2026-06-15,2026-06-17,Delivered,WH-EU,0,Multi-year
SAL-01898,ORD-00950,1,2025-06-21,2025,2025-06,C010,Golden Fields Co.,Mid-Market,Agriculture,Latin America,United States,P103,Secure Access Kit,Hardware,Security,SKU-P103-1,4,291.0,0.05,1164.0,1105.8,USD,Online,R. Kim,183.98,369.88,Credit Card,Paid,2025-07-04,2025-07-11,Delivered,WH-EU,0,Standard
SAL-01899,ORD-00950,2,2026-01-08,2026,2026-01,C001,Northstar Retail,Retail,Consumer Goods,North America,Singapore,P109,Forecasting Add-on,Software,Analytics,SKU-P109-2,18,365.43,0.05,6577.74,6248.85,USD,Marketplace,A. Patel,177.43,3055.09,Wire Transfer,Paid,2026-01-10,2026-01-13,Delivered,WH-Central,0,Multi-year
SAL-01900,ORD-00951,1,2026-03-23,2026,2026-03,C001,Northstar Retail,Retail,Consumer Goods,North America,United Kingdom,P103,Secure Access Kit,Hardware,Security,SKU-P103-3,7,292.08,0.05,2044.56,1942.33,USD,Partner,R. Kim,203.7,516.4,Net Terms,Paid,2026-03-24,2026-03-30,Delivered,WH-East,0,Annual
SAL-01901,ORD-00951,2,2024-07-10,2024,2024-07,C007,Atlas Public Services,Public Sector,Government,North America,Canada,P107,Support Renewal,Services,Support,SKU-P107-2,8,333.96,0,2671.68,2671.68,USD,Partner,J. Chen,213.56,963.2,Net Terms,Paid,2024-07-13,2024-07-15,Delivered,WH-EU,0,Annual
SAL-01902,ORD-00952,1,2026-03-22,2026,2026-03,C005,Vertex Manufacturing,Enterprise,Manufacturing,Europe,United Kingdom,P106,Integration Services,Services,Consulting,SKU-P106-1,23,1326.53,0,30510.19,30510.19,USD,Marketplace,R. Kim,995.04,7624.37,Net Terms,Pending,2026-03-23,2026-03-27,Delivered,WH-East,0,Multi-year
SAL-01903,ORD-00952,2,2024-11-15,2024,2024-11,C002,Blue Ridge Systems,Enterprise,Technology,North America,Brazil,P104,Insight Pro License,Software,Licenses,SKU-P104-1,32,163.23,0.15,5223.36,4439.86,USD,Direct,S. Johnson,94.57,1413.55,Wire Transfer,Paid,2024-11-21,2024-11-24,Delivered,WH-East,0,Multi-year
SAL-01904,ORD-00953,1,2023-09-19,2023,2023-09,C007,Atlas Public Services,Public Sector,Government,North America,Germany,P103,Secure Access Kit,Hardware,Security,SKU-P103-3,31,309.97,0.1,9609.07,8648.16,USD,Online,R. Kim,146.23,4115.01,Net Terms,Refunded,2023-09-25,,Returned,WH-Central,21,Multi-year
SAL-01905,ORD-00953,2,2024-03-21,2024,2024-03,C001,Northstar Retail,Retail,Consumer Goods,North America,Canada,P103,Secure Access Kit,Hardware,Security,SKU-P103-3,12,310.37,0.1,3724.44,3352.0,USD,Direct,J. Chen,140.44,1666.78,Wire Transfer,Paid,2024-03-24,2024-04-01,Delivered,WH-West,0,Annual
SAL-01906,ORD-00954,1,2023-08-24,2023,2023-08,C003,Harbor Health Group,Enterprise,Healthcare,North America,Canada,P107,Support Renewal,Services,Support,SKU-P107-4,16,335.08,0.15,5361.28,4557.09,USD,Marketplace,R. Kim,154.45,2085.88,ACH,Paid,2023-08-28,,Shipped,WH-East,0,Standard
SAL-01907,ORD-00954,2,2023-02-24,2023,2023-02,C010,Golden Fields Co.,Mid-Market,Agriculture,Latin America,Singapore,P105,Storage Array,Hardware,Storage,SKU-P105-3,15,1393.37,0.05,20900.55,19855.52,USD,Online,S. Johnson,922.05,6024.76,Wire Transfer,Paid,2023-03-08,2023-03-14,Delivered,WH-EU,0,Standard
SAL-01908,ORD-00955,1,2024-05-23,2024,2024-05,C002,Blue Ridge Systems,Enterprise,Technology,North America,Singapore,P103,Secure Access Kit,Hardware,Security,SKU-P103-1,6,269.04,0.1,1614.24,1452.82,USD,Partner,J. Chen,128.98,678.92,ACH,Paid,2024-06-05,2024-06-13,Delivered,WH-Central,0,Standard
SAL-01909,ORD-00955,2,2024-08-17,2024,2024-08,C008,Evergreen Labs,SMB,Healthcare,Europe,Brazil,P105,Storage Array,Hardware,Storage,SKU-P105-1,25,1388.82,0.1,34720.5,31248.45,USD,Marketplace,M. Garcia,903.63,8657.69,Wire Transfer,Overdue,2024-08-20,2024-08-28,Delivered,WH-West,0,Standard
SAL-01910,ORD-00956,1,2025-09-24,2025,2025-09,C010,Golden Fields Co.,Mid-Market,Agriculture,Latin America,Singapore,P105,Storage Array,Hardware,Storage,SKU-P105-3,30,1230.71,0.2,36921.3,29537.04,USD,Partner,S. Johnson,668.24,9489.79,Credit Card,Refunded,2025-09-25,2025-09-30,Delivered,WH-Central,0,Multi-year
SAL-01911,ORD-00956,2,2024-12-19,2024,2024-12,C001,Northstar Retail,Retail,Consumer Goods,North America,Canada,P108,Mobile Scanner,Hardware,Devices,SKU-P108-3,26,196.44,0,5107.44,5107.44,USD,Marketplace,R. Kim,111.02,2220.89,Net Terms,Paid,2024-12-20,2024-12-27,Delivered,WH-West,0,Standard
SAL-01912,ORD-00957,1,2023-02-05,2023,2023-02,C004,Cedar & Stone,SMB,Hospitality,Europe,Brazil,P107,Support Renewal,Services,Support,SKU-P107-3,16,324.92,0.05,5198.72,4938.78,USD,Marketplace,S. Johnson,194.29,1830.13,Net Terms,Paid,2023-02-19,2023-02-25,Delivered,WH-East,0,Annual
SAL-01913,ORD-00957,2,2023-01-18,2023,2023-01,C002,Blue Ridge Systems,Enterprise,Technology,North America,United States,P100,Analytics Platform,Software,Analytics,SKU-P100-2,35,919.62,0.05,32186.7,30577.36,USD,Online,J. Chen,512.72,12632.24,Credit Card,Paid,2023-01-31,2023-02-07,Delivered,WH-West,0,Standard
SAL-01914,ORD-00958,1,2025-10-11,2025,2025-10,C010,Golden Fields Co.,Mid-Market,Agriculture,Latin America,United States,P105,Storage Array,Hardware,Storage,SKU-P105-4,10,1328.55,0.1,13285.5,11956.95,USD,Partner,J. Chen,735.96,4597.39,Wire Transfer,Pending,2025-10-13,2025-10-16,Delivered,WH-EU,0,Annual
SAL-01915,ORD-00958,2,2023-09-24,2023,2023-09,C007,Atlas Public Services,Public Sector,Government,North America,United States,P102,Edge Gateway,Hardware,Networking,SKU-P102-4,13,391.52,0.1,5089.76,4580.78,USD,Marketplace,M. Garcia,203.76,1931.87,Net Terms,Paid,2023-10-01,2023-10-04,Delivered,WH-West,0,Standard
SAL-01916,ORD-00959,1,2026-07-06,2026,2026-07,C008,Evergreen Labs,SMB,Healthcare,Europe,United States,P100,Analytics Platform,Software,Analytics,SKU-P100-4,21,953.38,0.05,20020.98,19019.93,USD,Online,A. Patel,494.14,8643.04,Net Terms,Paid,2026-07-18,2026-07-24,Delivered,WH-Central,0,Standard
SAL-01917,ORD-00959,2,2023-10-09,2023,2023-10,C001,Northstar Retail,Retail,Consumer Goods,North America,Germany,P108,Mobile Scanner,Hardware,Devices,SKU-P108-2,24,197.13,0.1,4731.12,4258.01,USD,Direct,R. Kim,105.38,1728.92,ACH,Paid,2023-10-14,2023-10-15,Delivered,WH-East,0,Standard
SAL-01918,ORD-00960,1,2024-06-26,2024,2024-06,C003,Harbor Health Group,Enterprise,Healthcare,North America,Singapore,P105,Storage Array,Hardware,Storage,SKU-P105-1,25,1242.67,0,31066.75,31066.75,USD,Online,M. Garcia,686.06,13915.14,Credit Card,Overdue,2024-07-10,,Shipped,WH-EU,0,Multi-year
SAL-01919,ORD-00960,2,2024-07-11,2024,2024-07,C004,Cedar & Stone,SMB,Hospitality,Europe,Germany,P105,Storage Array,Hardware,Storage,SKU-P105-1,30,1150.75,0,34522.5,34522.5,USD,Online,R. Kim,631.17,15587.25,Wire Transfer,Paid,2024-07-15,2024-07-17,Delivered,WH-EU,0,Standard
SAL-01920,ORD-00961,1,2024-08-16,2024,2024-08,C002,Blue Ridge Systems,Enterprise,Technology,North America,United Kingdom,P103,Secure Access Kit,Hardware,Security,SKU-P103-4,19,307.71,0.05,5846.49,5554.17,USD,Online,M. Garcia,220.41,1366.39,Net Terms,Paid,2024-08-30,2024-08-31,Delivered,WH-Central,0,Standard
SAL-01921,ORD-00961,2,2025-05-31,2025,2025-05,C007,Atlas Public Services,Public Sector,Government,North America,Germany,P108,Mobile Scanner,Hardware,Devices,SKU-P108-4,12,205.72,0.2,2468.64,1974.91,USD,Direct,R. Kim,93.11,857.62,Credit Card,Overdue,2025-06-01,2025-06-06,Delivered,WH-East,0,Annual
SAL-01922,ORD-00962,1,2026-06-19,2026,2026-06,C005,Vertex Manufacturing,Enterprise,Manufacturing,Europe,United States,P106,Integration Services,Services,Consulting,SKU-P106-4,23,1398.2,0,32158.6,32158.6,USD,Direct,S. Johnson,772.23,14397.29,Net Terms,Paid,2026-06-29,,Shipped,WH-Central,0,Multi-year
SAL-01923,ORD-00962,2,2025-05-24,2025,2025-05,C007,Atlas Public Services,Public Sector,Government,North America,Canada,P104,Insight Pro License,Software,Licenses,SKU-P104-1,7,175.36,0.05,1227.52,1166.14,USD,Online,R. Kim,89.75,537.86,Credit Card,Paid,2025-06-09,2025-06-16,Delivered,WH-West,0,Annual
SAL-01924,ORD-00963,1,2026-04-20,2026,2026-04,C001,Northstar Retail,Retail,Consumer Goods,North America,United Kingdom,P105,Storage Array,Hardware,Storage,SKU-P105-3,30,1324.78,0,39743.4,39743.4,USD,Partner,M. Garcia,741.77,17490.32,Credit Card,Paid,2026-04-29,,Shipped,WH-East,0,Standard
SAL-01925,ORD-00963,2,2026-03-29,2026,2026-03,C001,Northstar Retail,Retail,Consumer Goods,North America,United States,P106,Integration Services,Services,Consulting,SKU-P106-4,8,1438.41,0,11507.28,11507.28,USD,Marketplace,S. Johnson,804.76,5069.23,ACH,Pending,2026-03-30,2026-04-04,Delivered,WH-East,0,Standard
SAL-01926,ORD-00964,1,2023-06-24,2023,2023-06,C007,Atlas Public Services,Public Sector,Government,North America,Germany,P107,Support Renewal,Services,Support,SKU-P107-4,9,384.58,0.15,3461.22,2942.04,USD,Partner,A. Patel,158.21,1518.11,Wire Transfer,Pending,2023-07-06,2023-07-10,Delivered,WH-EU,0,Multi-year
SAL-01927,ORD-00964,2,2025-03-06,2025,2025-03,C007,Atlas Public Services,Public Sector,Government,North America,United States,P108,Mobile Scanner,Hardware,Devices,SKU-P108-3,16,197.33,0.05,3157.28,2999.42,USD,Marketplace,A. Patel,94.33,1490.06,Net Terms,Paid,2025-03-13,2025-03-14,Delivered,WH-West,0,Multi-year
SAL-01928,ORD-00965,1,2023-06-19,2023,2023-06,C009,Summit Logistics,Enterprise,Transportation,Asia Pacific,United States,P109,Forecasting Add-on,Software,Analytics,SKU-P109-4,2,359.18,0,718.36,718.36,USD,Marketplace,S. Johnson,181.82,354.72,ACH,Paid,2023-06-22,2023-06-24,Delivered,WH-EU,0,Standard
SAL-01929,ORD-00965,2,2023-02-09,2023,2023-02,C004,Cedar & Stone,SMB,Hospitality,Europe,United States,P108,Mobile Scanner,Hardware,Devices,SKU-P108-4,16,176.99,0.15,2831.84,2407.06,USD,Partner,R. Kim,84.75,1051.03,Wire Transfer,Paid,2023-02-11,2023-02-17,Delivered,WH-EU,0,Annual
SAL-01930,ORD-00966,1,2023-06-15,2023,2023-06,C005,Vertex Manufacturing,Enterprise,Manufacturing,Europe,Singapore,P100,Analytics Platform,Software,Analytics,SKU-P100-1,21,984.84,0.2,20681.64,16545.31,USD,Direct,S. Johnson,544.86,5103.2,Credit Card,Overdue,2023-06-16,2023-06-24,Delivered,WH-EU,0,Annual
SAL-01931,ORD-00966,2,2026-09-05,2026,2026-09,C005,Vertex Manufacturing,Enterprise,Manufacturing,Europe,United Kingdom,P105,Storage Array,Hardware,Storage,SKU-P105-1,5,1221.48,0.05,6107.4,5802.03,USD,Direct,S. Johnson,763.38,1985.15,Wire Transfer,Paid,2026-09-11,2026-09-19,Delivered,WH-East,0,Annual
SAL-01932,ORD-00967,1,2025-11-16,2025,2025-11,C007,Atlas Public Services,Public Sector,Government,North America,Singapore,P108,Mobile Scanner,Hardware,Devices,SKU-P108-1,30,212.64,0.2,6379.2,5103.36,USD,Direct,R. Kim,123.27,1405.2,Wire Transfer,Paid,2025-11-28,2025-12-06,Delivered,WH-East,0,Standard
SAL-01933,ORD-00967,2,2025-11-19,2025,2025-11,C005,Vertex Manufacturing,Enterprise,Manufacturing,Europe,United Kingdom,P106,Integration Services,Services,Consulting,SKU-P106-3,8,1414.3,0.15,11314.4,9617.24,USD,Online,A. Patel,689.78,4099.01,Credit Card,Paid,2025-11-23,,Shipped,WH-West,0,Annual
SAL-01934,ORD-00968,1,2024-09-01,2024,2024-09,C001,Northstar Retail,Retail,Consumer Goods,North America,United Kingdom,P109,Forecasting Add-on,Software,Analytics,SKU-P109-1,8,342.29,0.2,2738.32,2190.66,USD,Direct,R. Kim,185.44,707.17,Wire Transfer,Overdue,2024-09-15,2024-09-17,Delivered,WH-West,0,Annual
SAL-01935,ORD-00968,2,2026-07-29,2026,2026-07,C007,Atlas Public Services,Public Sector,Government,North America,United Kingdom,P105,Storage Array,Hardware,Storage,SKU-P105-4,31,1259.52,0.1,39045.12,35140.61,USD,Online,M. Garcia,785.04,10804.41,ACH,Refunded,2026-08-14,2026-08-17,Delivered,WH-East,0,Standard
SAL-01936,ORD-00969,1,2025-02-10,2025,2025-02,C007,Atlas Public Services,Public Sector,Government,North America,United Kingdom,P101,Cloud Data Suite,Software,Cloud,SKU-P101-3,9,691.49,0,6223.41,6223.41,USD,Direct,S. Johnson,430.42,2349.61,ACH,Paid,2025-02-19,2025-02-20,Delivered,WH-Central,0,Multi-year
SAL-01937,ORD-00969,2,2026-08-05,2026,2026-08,C003,Harbor Health Group,Enterprise,Healthcare,North America,Singapore,P108,Mobile Scanner,Hardware,Devices,SKU-P108-3,21,206.95,0.05,4345.95,4128.65,USD,Direct,M. Garcia,103.3,1959.41,Net Terms,Paid,2026-08-14,,Shipped,WH-EU,0,Standard
SAL-01938,ORD-00970,1,2024-02-22,2024,2024-02,C008,Evergreen Labs,SMB,Healthcare,Europe,Germany,P107,Support Renewal,Services,Support,SKU-P107-3,9,394.11,0.1,3546.99,3192.29,USD,Direct,A. Patel,197.59,1414.01,ACH,Paid,2024-03-06,2024-03-10,Delivered,WH-Central,0,Multi-year
SAL-01939,ORD-00970,2,2026-07-26,2026,2026-07,C007,Atlas Public Services,Public Sector,Government,North America,Brazil,P105,Storage Array,Hardware,Storage,SKU-P105-2,3,1145.09,0.05,3435.27,3263.51,USD,Online,A. Patel,588.46,1498.12,Credit Card,Paid,2026-07-27,2026-08-02,Delivered,WH-East,0,Annual
SAL-01940,ORD-00971,1,2024-05-02,2024,2024-05,C010,Golden Fields Co.,Mid-Market,Agriculture,Latin America,Germany,P100,Analytics Platform,Software,Analytics,SKU-P100-1,23,990.38,0.1,22778.74,20500.87,USD,Marketplace,M. Garcia,428.89,10636.33,Credit Card,Refunded,2024-05-11,,Returned,WH-EU,23,Annual
SAL-01941,ORD-00971,2,2026-09-29,2026,2026-09,C007,Atlas Public Services,Public Sector,Government,North America,Canada,P104,Insight Pro License,Software,Licenses,SKU-P104-1,11,169.21,0.05,1861.31,1768.24,USD,Partner,S. Johnson,104.52,618.55,ACH,Paid,2026-10-08,2026-10-12,Delivered,WH-EU,0,Multi-year
SAL-01942,ORD-00972,1,2023-12-02,2023,2023-12,C001,Northstar Retail,Retail,Consumer Goods,North America,Brazil,P108,Mobile Scanner,Hardware,Devices,SKU-P108-2,3,197.25,0,591.75,591.75,USD,Online,A. Patel,103.34,281.72,Credit Card,Overdue,2023-12-18,2023-12-25,Delivered,WH-West,0,Standard
SAL-01943,ORD-00972,2,2023-01-11,2023,2023-01,C005,Vertex Manufacturing,Enterprise,Manufacturing,Europe,Brazil,P109,Forecasting Add-on,Software,Analytics,SKU-P109-3,31,332.88,0,10319.28,10319.28,USD,Direct,S. Johnson,174.93,4896.41,Wire Transfer,Paid,2023-01-18,2023-01-19,Delivered,WH-East,0,Multi-year
SAL-01944,ORD-00973,1,2024-02-15,2024,2024-02,C001,Northstar Retail,Retail,Consumer Goods,North America,United Kingdom,P104,Insight Pro License,Software,Licenses,SKU-P104-1,31,190.5,0.05,5905.5,5610.22,USD,Partner,M. Garcia,118.22,1945.27,Net Terms,Paid,2024-02-16,,Processing,WH-Central,0,Standard
SAL-01945,ORD-00973,2,2024-12-14,2024,2024-12,C009,Summit Logistics,Enterprise,Transportation,Asia Pacific,Canada,P107,Support Renewal,Services,Support,SKU-P107-3,30,329.85,0.05,9895.5,9400.73,USD,Partner,R. Kim,224.18,2675.34,Net Terms,Overdue,2024-12-15,2024-12-23,Delivered,WH-East,0,Annual
SAL-01946,ORD-00974,1,2024-04-25,2024,2024-04,C002,Blue Ridge Systems,Enterprise,Technology,North America,Canada,P102,Edge Gateway,Hardware,Networking,SKU-P102-2,3,363.06,0.15,1089.18,925.8,USD,Online,R. Kim,194.68,341.77,Wire Transfer,Paid,2024-05-06,,Processing,WH-EU,0,Multi-year
SAL-01947,ORD-00974,2,2024-09-30,2024,2024-09,C004,Cedar & Stone,SMB,Hospitality,Europe,Canada,P107,Support Renewal,Services,Support,SKU-P107-4,16,393.13,0,6290.08,6290.08,USD,Online,J. Chen,257.86,2164.3,Credit Card,Paid,2024-10-02,2024-10-10,Delivered,WH-East,0,Annual
SAL-01948,ORD-00975,1,2025-05-25,2025,2025-05,C002,Blue Ridge Systems,Enterprise,Technology,North America,United States,P108,Mobile Scanner,Hardware,Devices,SKU-P108-4,13,211.34,0.1,2747.42,2472.68,USD,Marketplace,R. Kim,116.57,957.3,Wire Transfer,Paid,2025-05-28,2025-06-03,Delivered,WH-West,0,Standard
SAL-01949,ORD-00975,2,2023-08-24,2023,2023-08,C007,Atlas Public Services,Public Sector,Government,North America,Germany,P102,Edge Gateway,Hardware,Networking,SKU-P102-3,17,437.56,0.15,7438.52,6322.74,USD,Marketplace,A. Patel,255.51,1979.03,Wire Transfer,Paid,2023-08-27,,Shipped,WH-EU,0,Multi-year
SAL-01950,ORD-00976,1,2024-12-16,2024,2024-12,C006,Sunrise Market,SMB,Retail,Asia Pacific,United States,P106,Integration Services,Services,Consulting,SKU-P106-4,32,1636.16,0.05,52357.12,49739.26,USD,Partner,A. Patel,1079.15,15206.36,Net Terms,Paid,2024-12-19,,Shipped,WH-Central,0,Annual
SAL-01951,ORD-00976,2,2023-06-17,2023,2023-06,C010,Golden Fields Co.,Mid-Market,Agriculture,Latin America,Germany,P106,Integration Services,Services,Consulting,SKU-P106-1,21,1338.98,0.1,28118.58,25306.72,USD,Direct,M. Garcia,797.48,8559.61,Credit Card,Pending,2023-06-28,2023-07-04,Delivered,WH-West,0,Standard
SAL-01952,ORD-00977,1,2026-06-04,2026,2026-06,C002,Blue Ridge Systems,Enterprise,Technology,North America,Canada,P107,Support Renewal,Services,Support,SKU-P107-4,12,338.47,0.1,4061.64,3655.48,USD,Direct,J. Chen,154.97,1795.82,ACH,Paid,2026-06-05,,Shipped,WH-Central,0,Standard
SAL-01953,ORD-00977,2,2026-04-14,2026,2026-04,C004,Cedar & Stone,SMB,Hospitality,Europe,Germany,P103,Secure Access Kit,Hardware,Security,SKU-P103-3,22,257.45,0.05,5663.9,5380.7,USD,Partner,R. Kim,172.08,1594.89,ACH,Overdue,2026-04-17,2026-04-19,Delivered,WH-East,0,Multi-year
SAL-01954,ORD-00978,1,2024-11-19,2024,2024-11,C006,Sunrise Market,SMB,Retail,Asia Pacific,Singapore,P104,Insight Pro License,Software,Licenses,SKU-P104-3,34,185.31,0.05,6300.54,5985.51,USD,Direct,R. Kim,97.96,2655.03,Wire Transfer,Pending,2024-11-23,2024-12-01,Delivered,WH-West,0,Multi-year
SAL-01955,ORD-00978,2,2023-11-24,2023,2023-11,C010,Golden Fields Co.,Mid-Market,Agriculture,Latin America,Germany,P107,Support Renewal,Services,Support,SKU-P107-3,26,317.18,0.1,8246.68,7422.01,USD,Direct,M. Garcia,200.8,2201.21,Net Terms,Paid,2023-12-01,,Shipped,WH-East,0,Multi-year
SAL-01956,ORD-00979,1,2023-09-29,2023,2023-09,C008,Evergreen Labs,SMB,Healthcare,Europe,Singapore,P104,Insight Pro License,Software,Licenses,SKU-P104-1,6,193.6,0.05,1161.6,1103.52,USD,Direct,S. Johnson,135.7,289.31,ACH,Paid,2023-10-15,2023-10-21,Delivered,WH-EU,0,Annual
SAL-01957,ORD-00979,2,2024-11-11,2024,2024-11,C010,Golden Fields Co.,Mid-Market,Agriculture,Latin America,Germany,P104,Insight Pro License,Software,Licenses,SKU-P104-4,28,178.86,0.2,5008.08,4006.46,USD,Online,S. Johnson,104.32,1085.56,Credit Card,Paid,2024-11-21,2024-11-29,Delivered,WH-Central,0,Multi-year
SAL-01958,ORD-00980,1,2026-07-19,2026,2026-07,C008,Evergreen Labs,SMB,Healthcare,Europe,United Kingdom,P107,Support Renewal,Services,Support,SKU-P107-4,20,325.92,0,6518.4,6518.4,USD,Direct,A. Patel,176.34,2991.58,Net Terms,Paid,2026-07-22,2026-07-30,Delivered,WH-West,0,Annual
SAL-01959,ORD-00980,2,2024-04-30,2024,2024-04,C006,Sunrise Market,SMB,Retail,Asia Pacific,Germany,P102,Edge Gateway,Hardware,Networking,SKU-P102-1,24,379.18,0.15,9100.32,7735.27,USD,Online,M. Garcia,222.66,2391.52,ACH,Pending,2024-05-08,2024-05-13,Delivered,WH-West,0,Annual
SAL-01960,ORD-00981,1,2024-08-30,2024,2024-08,C002,Blue Ridge Systems,Enterprise,Technology,North America,Brazil,P109,Forecasting Add-on,Software,Analytics,SKU-P109-2,26,340.23,0,8845.98,8845.98,USD,Partner,J. Chen,201.86,3597.62,ACH,Paid,2024-09-09,2024-09-14,Delivered,WH-West,0,Multi-year
SAL-01961,ORD-00981,2,2023-04-29,2023,2023-04,C009,Summit Logistics,Enterprise,Transportation,Asia Pacific,United Kingdom,P107,Support Renewal,Services,Support,SKU-P107-2,1,325.06,0.1,325.06,292.55,USD,Partner,M. Garcia,141.75,150.8,ACH,Paid,2023-05-10,2023-05-17,Delivered,WH-West,0,Annual
SAL-01962,ORD-00982,1,2024-06-30,2024,2024-06,C005,Vertex Manufacturing,Enterprise,Manufacturing,Europe,United States,P105,Storage Array,Hardware,Storage,SKU-P105-3,1,1305.39,0.1,1305.39,1174.85,USD,Partner,A. Patel,569.49,605.36,Credit Card,Paid,2024-07-11,2024-07-14,Delivered,WH-Central,0,Standard
SAL-01963,ORD-00982,2,2024-04-13,2024,2024-04,C006,Sunrise Market,SMB,Retail,Asia Pacific,United Kingdom,P109,Forecasting Add-on,Software,Analytics,SKU-P109-2,32,319.76,0.05,10232.32,9720.7,USD,Partner,J. Chen,201.19,3282.51,Net Terms,Paid,2024-04-25,2024-04-28,Delivered,WH-EU,0,Multi-year
SAL-01964,ORD-00983,1,2023-03-11,2023,2023-03,C003,Harbor Health Group,Enterprise,Healthcare,North America,Germany,P103,Secure Access Kit,Hardware,Security,SKU-P103-2,33,308.28,0,10173.24,10173.24,USD,Marketplace,R. Kim,150.07,5221.02,Credit Card,Paid,2023-03-14,2023-03-22,Delivered,WH-Central,0,Multi-year
SAL-01965,ORD-00983,2,2025-03-20,2025,2025-03,C009,Summit Logistics,Enterprise,Transportation,Asia Pacific,Singapore,P101,Cloud Data Suite,Software,Cloud,SKU-P101-3,20,806.21,0.1,16124.2,14511.78,USD,Marketplace,J. Chen,479.02,4931.31,ACH,Paid,2025-03-25,2025-03-30,Delivered,WH-Central,0,Standard
SAL-01966,ORD-00984,1,2026-09-10,2026,2026-09,C003,Harbor Health Group,Enterprise,Healthcare,North America,United States,P108,Mobile Scanner,Hardware,Devices,SKU-P108-3,23,204.46,0.1,4702.58,4232.32,USD,Marketplace,M. Garcia,97.92,1980.19,ACH,Overdue,2026-09-22,2026-09-24,Delivered,WH-EU,0,Standard
SAL-01967,ORD-00984,2,2026-06-25,2026,2026-06,C007,Atlas Public Services,Public Sector,Government,North America,United States,P103,Secure Access Kit,Hardware,Security,SKU-P103-2,13,256.52,0.15,3334.76,2834.55,USD,Online,A. Patel,147.02,923.35,Wire Transfer,Paid,2026-06-29,,Processing,WH-EU,0,Multi-year
SAL-01968,ORD-00985,1,2024-09-04,2024,2024-09,C003,Harbor Health Group,Enterprise,Healthcare,North America,Brazil,P102,Edge Gateway,Hardware,Networking,SKU-P102-1,25,451.88,0.1,11297.0,10167.3,USD,Online,M. Garcia,206.66,5000.75,Wire Transfer,Pending,2024-09-20,,Cancelled,WH-East,0,Standard
SAL-01969,ORD-00985,2,2024-07-15,2024,2024-07,C004,Cedar & Stone,SMB,Hospitality,Europe,Canada,P106,Integration Services,Services,Consulting,SKU-P106-1,20,1489.75,0.05,29795.0,28305.25,USD,Direct,A. Patel,704.22,14220.85,Wire Transfer,Paid,2024-07-24,2024-07-31,Delivered,WH-EU,0,Standard
SAL-01970,ORD-00986,1,2025-04-10,2025,2025-04,C007,Atlas Public Services,Public Sector,Government,North America,Singapore,P100,Analytics Platform,Software,Analytics,SKU-P100-4,15,953.88,0.15,14308.2,12161.97,USD,Partner,J. Chen,597.15,3204.79,Net Terms,Paid,2025-04-26,2025-05-01,Delivered,WH-Central,0,Standard
SAL-01971,ORD-00986,2,2026-09-08,2026,2026-09,C004,Cedar & Stone,SMB,Hospitality,Europe,Germany,P105,Storage Array,Hardware,Storage,SKU-P105-4,32,1186.72,0,37975.04,37975.04,USD,Online,M. Garcia,798.48,12423.55,Wire Transfer,Paid,2026-09-12,2026-09-15,Delivered,WH-West,0,Annual
SAL-01972,ORD-00987,1,2024-06-17,2024,2024-06,C001,Northstar Retail,Retail,Consumer Goods,North America,Canada,P104,Insight Pro License,Software,Licenses,SKU-P104-4,32,190.19,0.15,6086.08,5173.17,USD,Marketplace,J. Chen,91.21,2254.52,ACH,Paid,2024-06-23,,Processing,WH-West,0,Annual
SAL-01973,ORD-00987,2,2023-09-26,2023,2023-09,C008,Evergreen Labs,SMB,Healthcare,Europe,United Kingdom,P106,Integration Services,Services,Consulting,SKU-P106-3,17,1629.58,0.05,27702.86,26317.72,USD,Direct,J. Chen,860.7,11685.77,ACH,Pending,2023-10-03,2023-10-05,Delivered,WH-Central,0,Standard
SAL-01974,ORD-00988,1,2023-11-12,2023,2023-11,C004,Cedar & Stone,SMB,Hospitality,Europe,Brazil,P100,Analytics Platform,Software,Analytics,SKU-P100-1,35,972.51,0.15,34037.85,28932.17,USD,Marketplace,S. Johnson,605.25,7748.43,Wire Transfer,Paid,2023-11-13,2023-11-19,Delivered,WH-East,0,Standard
SAL-01975,ORD-00988,2,2025-10-07,2025,2025-10,C006,Sunrise Market,SMB,Retail,Asia Pacific,Canada,P100,Analytics Platform,Software,Analytics,SKU-P100-4,18,912.36,0.15,16422.48,13959.11,USD,Partner,M. Garcia,484.78,5233.16,Credit Card,Refunded,2025-10-12,2025-10-14,Delivered,WH-EU,0,Annual
SAL-01976,ORD-00989,1,2024-08-15,2024,2024-08,C003,Harbor Health Group,Enterprise,Healthcare,North America,Canada,P108,Mobile Scanner,Hardware,Devices,SKU-P108-1,14,181.99,0.05,2547.86,2420.47,USD,Direct,S. Johnson,91.01,1146.27,Net Terms,Paid,2024-08-17,2024-08-18,Delivered,WH-Central,0,Standard
SAL-01977,ORD-00989,2,2025-01-21,2025,2025-01,C005,Vertex Manufacturing,Enterprise,Manufacturing,Europe,Germany,P109,Forecasting Add-on,Software,Analytics,SKU-P109-2,6,359.47,0.1,2156.82,1941.14,USD,Online,J. Chen,242.09,488.61,Credit Card,Overdue,2025-01-25,2025-01-26,Delivered,WH-EU,0,Multi-year
SAL-01978,ORD-00990,1,2024-07-09,2024,2024-07,C001,Northstar Retail,Retail,Consumer Goods,North America,United Kingdom,P106,Integration Services,Services,Consulting,SKU-P106-3,21,1467.38,0.05,30814.98,29274.23,USD,Online,R. Kim,980.86,8676.17,ACH,Paid,2024-07-25,,Shipped,WH-East,0,Annual
SAL-01979,ORD-00990,2,2023-02-03,2023,2023-02,C002,Blue Ridge Systems,Enterprise,Technology,North America,Canada,P108,Mobile Scanner,Hardware,Devices,SKU-P108-1,18,203.01,0.2,3654.18,2923.34,USD,Partner,M. Garcia,97.99,1159.49,ACH,Paid,2023-02-17,2023-02-25,Delivered,WH-EU,0,Standard
SAL-01980,ORD-00991,1,2025-03-06,2025,2025-03,C005,Vertex Manufacturing,Enterprise,Manufacturing,Europe,United States,P102,Edge Gateway,Hardware,Networking,SKU-P102-2,9,423.25,0.1,3809.25,3428.33,USD,Marketplace,R. Kim,261.76,1072.47,Net Terms,Paid,2025-03-14,2025-03-17,Delivered,WH-EU,0,Multi-year
SAL-01981,ORD-00991,2,2025-11-13,2025,2025-11,C002,Blue Ridge Systems,Enterprise,Technology,North America,Singapore,P100,Analytics Platform,Software,Analytics,SKU-P100-1,30,1044.98,0.1,31349.4,28214.46,USD,Online,A. Patel,529.1,12341.42,Wire Transfer,Overdue,2025-11-26,2025-11-28,Delivered,WH-Central,0,Multi-year
SAL-01982,ORD-00992,1,2024-12-30,2024,2024-12,C001,Northstar Retail,Retail,Consumer Goods,North America,Brazil,P102,Edge Gateway,Hardware,Networking,SKU-P102-4,30,380.03,0.15,11400.9,9690.76,USD,Online,J. Chen,175.41,4428.46,Wire Transfer,Paid,2025-01-06,2025-01-07,Delivered,WH-East,0,Annual
SAL-01983,ORD-00992,2,2026-05-01,2026,2026-05,C006,Sunrise Market,SMB,Retail,Asia Pacific,Brazil,P107,Support Renewal,Services,Support,SKU-P107-3,19,365.71,0,6948.49,6948.49,USD,Marketplace,S. Johnson,233.73,2507.67,Credit Card,Pending,2026-05-09,2026-05-15,Delivered,WH-Central,0,Standard
SAL-01984,ORD-00993,1,2025-10-21,2025,2025-10,C004,Cedar & Stone,SMB,Hospitality,Europe,United Kingdom,P109,Forecasting Add-on,Software,Analytics,SKU-P109-3,26,357.76,0,9301.76,9301.76,USD,Marketplace,R. Kim,220.71,3563.25,ACH,Paid,2025-10-27,2025-10-31,Delivered,WH-West,0,Standard
SAL-01985,ORD-00993,2,2025-02-23,2025,2025-02,C005,Vertex Manufacturing,Enterprise,Manufacturing,Europe,United Kingdom,P108,Mobile Scanner,Hardware,Devices,SKU-P108-1,27,210.98,0.1,5696.46,5126.81,USD,Direct,S. Johnson,114.56,2033.81,Wire Transfer,Paid,2025-03-03,,Processing,WH-Central,0,Annual
SAL-01986,ORD-00994,1,2026-05-13,2026,2026-05,C006,Sunrise Market,SMB,Retail,Asia Pacific,Germany,P100,Analytics Platform,Software,Analytics,SKU-P100-3,26,980.59,0.1,25495.34,22945.81,USD,Marketplace,J. Chen,613.1,7005.1,Credit Card,Overdue,2026-05-24,,Shipped,WH-Central,0,Multi-year
SAL-01987,ORD-00994,2,2024-12-28,2024,2024-12,C004,Cedar & Stone,SMB,Hospitality,Europe,Singapore,P109,Forecasting Add-on,Software,Analytics,SKU-P109-2,6,314.57,0.1,1887.42,1698.68,USD,Partner,S. Johnson,159.81,739.84,Credit Card,Paid,2025-01-06,,Shipped,WH-EU,0,Standard
SAL-01988,ORD-00995,1,2023-08-12,2023,2023-08,C007,Atlas Public Services,Public Sector,Government,North America,Germany,P109,Forecasting Add-on,Software,Analytics,SKU-P109-1,15,300.12,0.15,4501.8,3826.53,USD,Direct,M. Garcia,153.62,1522.27,Net Terms,Paid,2023-08-27,2023-09-01,Delivered,WH-Central,0,Annual
SAL-01989,ORD-00995,2,2023-03-07,2023,2023-03,C009,Summit Logistics,Enterprise,Transportation,Asia Pacific,Brazil,P109,Forecasting Add-on,Software,Analytics,SKU-P109-3,20,360.86,0,7217.2,7217.2,USD,Online,R. Kim,199.49,3227.32,Net Terms,Overdue,2023-03-13,2023-03-15,Delivered,WH-East,0,Multi-year
SAL-01990,ORD-00996,1,2024-10-16,2024,2024-10,C003,Harbor Health Group,Enterprise,Healthcare,North America,United Kingdom,P101,Cloud Data Suite,Software,Cloud,SKU-P101-2,1,662.43,0.05,662.43,629.31,USD,Online,S. Johnson,365.55,263.76,Credit Card,Overdue,2024-10-26,2024-10-27,Delivered,WH-Central,0,Standard
SAL-01991,ORD-00996,2,2024-03-18,2024,2024-03,C007,Atlas Public Services,Public Sector,Government,North America,Brazil,P103,Secure Access Kit,Hardware,Security,SKU-P103-4,32,315.39,0.05,10092.48,9587.86,USD,Online,A. Patel,146.11,4912.46,Wire Transfer,Paid,2024-03-22,2024-03-24,Delivered,WH-West,0,Multi-year
SAL-01992,ORD-00997,1,2024-03-29,2024,2024-03,C005,Vertex Manufacturing,Enterprise,Manufacturing,Europe,Canada,P105,Storage Array,Hardware,Storage,SKU-P105-1,14,1129.75,0,15816.5,15816.5,USD,Marketplace,M. Garcia,573.41,7788.79,Wire Transfer,Paid,2024-04-13,2024-04-15,Delivered,WH-Central,0,Multi-year
SAL-01993,ORD-00997,2,2025-06-04,2025,2025-06,C005,Vertex Manufacturing,Enterprise,Manufacturing,Europe,Germany,P106,Integration Services,Services,Consulting,SKU-P106-4,6,1375.49,0,8252.94,8252.94,USD,Direct,R. Kim,836.61,3233.26,Wire Transfer,Paid,2025-06-05,,Returned,WH-West,5,Standard
SAL-01994,ORD-00998,1,2023-05-01,2023,2023-05,C007,Atlas Public Services,Public Sector,Government,North America,Brazil,P108,Mobile Scanner,Hardware,Devices,SKU-P108-4,19,201.27,0,3824.13,3824.13,USD,Partner,S. Johnson,148.04,1011.36,ACH,Paid,2023-05-12,2023-05-13,Delivered,WH-Central,0,Standard
SAL-01995,ORD-00998,2,2024-12-12,2024,2024-12,C008,Evergreen Labs,SMB,Healthcare,Europe,Singapore,P103,Secure Access Kit,Hardware,Security,SKU-P103-1,1,256.32,0.2,256.32,205.06,USD,Marketplace,R. Kim,155.65,49.41,Wire Transfer,Paid,2024-12-22,2024-12-28,Delivered,WH-Central,0,Multi-year
SAL-01996,ORD-00999,1,2024-03-10,2024,2024-03,C006,Sunrise Market,SMB,Retail,Asia Pacific,United Kingdom,P100,Analytics Platform,Software,Analytics,SKU-P100-4,11,946.59,0.15,10412.49,8850.62,USD,Online,J. Chen,553.44,2762.79,Credit Card,Overdue,2024-03-23,,Processing,WH-West,0,Multi-year
SAL-01997,ORD-00999,2,2024-06-09,2024,2024-06,C006,Sunrise Market,SMB,Retail,Asia Pacific,United Kingdom,P109,Forecasting Add-on,Software,Analytics,SKU-P109-1,3,365.42,0.15,1096.26,931.82,USD,Partner,J. Chen,181.12,388.45,ACH,Paid,2024-06-24,2024-06-29,Delivered,WH-Central,0,Multi-year
SAL-01998,ORD-01000,1,2026-05-22,2026,2026-05,C003,Harbor Health Group,Enterprise,Healthcare,North America,Canada,P105,Storage Array,Hardware,Storage,SKU-P105-4,16,1371.6,0.2,21945.6,17556.48,USD,Online,S. Johnson,753.05,5507.6,ACH,Pending,2026-06-02,,Shipped,WH-East,0,Annual
SAL-01999,ORD-01000,2,2025-12-19,2025,2025-12,C005,Vertex Manufacturing,Enterprise,Manufacturing,Europe,Canada,P107,Support Renewal,Services,Support,SKU-P107-2,11,335.73,0.15,3693.03,3139.08,USD,Marketplace,J. Chen,143.23,1563.53,Wire Transfer,Paid,2025-12-28,2025-12-31,Delivered,WH-EU,0,Standard
SAL-02000,ORD-01001,1,2026-05-27,2026,2026-05,C001,Northstar Retail,Retail,Consumer Goods,North America,Germany,P104,Insight Pro License,Software,Licenses,SKU-P104-3,18,171.08,0.2,3079.44,2463.55,USD,Direct,M. Garcia,96.35,729.3,Wire Transfer,Paid,2026-06-03,2026-06-09,Delivered,WH-Central,0,Standard
